bar_type,seed,agent_id,uncorrected_regret,corrected_regret
passive,0,0,0.034674726958371996,0.034674726958371996
passive,0,1,0.06149767103556994,0.06149767103556994
passive,0,2,0.08772896038806105,0.08772896038806105
passive,0,3,0.10915990174092931,0.10915990174092931
passive,0,4,0.04950396927517622,0.04950396927517622
passive,0,5,0.06149767103556994,0.06149767103556994
passive,0,6,0.0807041350899241,0.0807041350899241
passive,0,7,0.06510037310845225,0.06510037310845225
passive,0,8,0.12878949205735638,0.12878949205735638
passive,0,9,0.15200973406167204,0.15200973406167204
passive,1,0,0.09783355771613113,0.09783355771613113
passive,1,1,0.10147664732238916,0.10147664732238916
passive,1,2,0.026963135391449906,0.026963135391449906
passive,1,3,0.08292861238843818,0.08292861238843818
passive,1,4,0.05610566831124024,0.05610566831124024
passive,1,5,0.04135720106118745,0.04135720106118745
passive,1,6,0.14207366519623585,0.14207366519623585
passive,1,7,0.03000251988800733,0.03000251988800733
passive,1,8,0.08772896038806105,0.08772896038806105
passive,1,9,0.07641466674825664,0.07641466674825664
passive,2,0,0.14035308922654613,0.14035308922654613
passive,2,1,0.027131663854083818,0.027131663854083818
passive,2,2,0.05160198970350949,0.05160198970350949
passive,2,3,0.12954967524469713,0.12954967524469713
passive,2,4,0.05009730805896044,0.05009730805896044
passive,2,5,0.08021423443215482,0.08021423443215482
passive,2,6,0.07620045648219335,0.07620045648219335
passive,2,7,0.11780020495782603,0.11780020495782603
passive,2,8,0.11796873342045996,0.11796873342045996
passive,2,9,0.07841288339571367,0.07841288339571367
passive,3,0,0.12110623763881624,0.12110623763881624
passive,3,1,0.04135720106118745,0.04135720106118745
passive,3,2,0.06621026563931032,0.06621026563931032
passive,3,3,0.061538058568945654,0.061538058568945654
passive,3,4,0.11125792216926257,0.11125792216926257
passive,3,5,0.09908364156124116,0.09908364156124116
passive,3,6,0.0582036887395735,0.0582036887395735
passive,3,7,0.012046139678763198,0.012046139678763198
passive,3,8,0.06291628334331388,0.06291628334331388
passive,3,9,0.06913355959160329,0.06913355959160329
passive,4,0,0.07106305155730266,0.07106305155730266
passive,4,1,0.14733752699130734,0.14733752699130734
passive,4,2,0.05336295320657493,0.05336295320657493
passive,4,3,0.07393390759122617,0.07393390759122617
passive,4,4,0.128998408053366,0.128998408053366
passive,4,5,0.07161431874863379,0.07161431874863379
passive,4,6,0.048382026359324384,0.048382026359324384
passive,4,7,0.09638131398995156,0.09638131398995156
passive,4,8,0.044750987138060125,0.044750987138060125
passive,4,9,0.0975032569058034,0.0975032569058034
passive,5,0,0.13297179846995177,0.13297179846995177
passive,5,1,0.033605221960889636,0.033605221960889636
passive,5,2,0.03000251988800733,0.03000251988800733
passive,5,3,0.05485558446613021,0.05485558446613021
passive,5,4,0.07753660966410848,0.07753660966410848
passive,5,5,0.07174245967789199,0.07174245967789199
passive,5,6,0.10507934939527147,0.10507934939527147
passive,5,7,0.03647607799481315,0.03647607799481315
passive,5,8,0.048353689210942435,0.048353689210942435
passive,5,9,0.07573525862766733,0.07573525862766733
passive,6,0,0.14018456076391222,0.14018456076391222
passive,6,1,0.040119167601071176,0.040119167601071176
passive,6,2,0.021727610744760355,0.021727610744760355
passive,6,3,0.08957069895787792,0.08957069895787792
passive,6,4,0.10075685166842412,0.10075685166842412
passive,6,5,0.06994110864145082,0.06994110864145082
passive,6,6,0.0582036887395735,0.0582036887395735
passive,6,7,0.05502411292876412,0.05502411292876412
passive,6,8,0.12882987959073208,0.12882987959073208
passive,6,9,0.09500308921558333,0.09500308921558333
passive,7,0,0.07991756504026272,0.07991756504026272
passive,7,1,0.07341566978507494,0.07341566978507494
passive,7,2,0.05794740688105711,0.05794740688105711
passive,7,3,0.13350208666109675,0.13350208666109675
passive,7,4,0.10389603994585779,0.10389603994585779
passive,7,5,0.08112726135199703,0.08112726135199703
passive,7,6,0.08945460841361348,0.08945460841361348
passive,7,7,0.08765325737717232,0.08765325737717232
passive,7,8,0.013847490715204351,0.013847490715204351
passive,7,9,0.05970837038412255,0.05970837038412255
passive,8,0,0.018519697785569018,0.018519697785569018
passive,8,1,0.029833991425373418,0.029833991425373418
passive,8,2,0.053054233429689054,0.053054233429689054
passive,8,3,0.06676153283064144,0.06676153283064144
passive,8,4,0.045342641862766965,0.045342641862766965
passive,8,5,0.12753940821224635,0.12753940821224635
passive,8,6,0.1352630501641622,0.1352630501641622
passive,8,7,0.029833991425373418,0.029833991425373418
passive,8,8,0.06977258017881692,0.06977258017881692
passive,8,9,0.10552886251966503,0.10552886251966503
passive,9,0,0.06758849041367855,0.06758849041367855
passive,9,1,0.12522717751784979,0.12522717751784979
passive,9,2,0.14954995390482767,0.14954995390482767
passive,9,3,0.010244788642322042,0.010244788642322042
passive,9,4,0.042990023634994684,0.042990023634994684
passive,9,5,0.08458977211062738,0.08458977211062738
passive,9,6,0.016718346749127862,0.016718346749127862
passive,9,7,0.05502411292876412,0.05502411292876412
passive,9,8,0.07573525862766732,0.07573525862766732
passive,9,9,0.11158124465045925,0.11158124465045925
passive,10,0,0.04494785274907599,0.04494785274907599
passive,10,1,0.11733500710330001,0.11733500710330001
passive,10,2,0.07406204852048437,0.07406204852048437
passive,10,3,0.03951546249137058,0.03951546249137058
passive,10,4,0.07962257970744799,0.07962257970744799
passive,10,5,0.06094640384423882,0.06094640384423882
passive,10,6,0.08541672969366447,0.08541672969366447
passive,10,7,0.08416664584855446,0.08416664584855446
passive,10,8,0.04131681352781173,0.04131681352781173
passive,10,9,0.09866051529916824,0.09866051529916824
passive,11,0,0.11338259568690039,0.11338259568690039
passive,11,1,0.012046139678763198,0.012046139678763198
passive,11,2,0.05794740688105711,0.05794740688105711
passive,11,3,0.07010963710408474,0.07010963710408474
passive,11,4,0.061538058568945654,0.061538058568945654
passive,11,5,0.09621278552731766,0.09621278552731766
passive,11,6,0.05669732303594708,0.05669732303594708
passive,11,7,0.08241773273048278,0.08241773273048278
passive,11,8,0.05970837038412255,0.05970837038412255
passive,11,9,0.12524815651803592,0.12524815651803592
passive,12,0,0.10645757416963969,0.10645757416963969
passive,12,1,0.07161431874863379,0.07161431874863379
passive,12,2,0.028201168851566174,0.028201168851566174
passive,12,3,0.08250548612636525,0.08250548612636525
passive,12,4,0.05987689884675646,0.05987689884675646
passive,12,5,0.12608716448606677,0.12608716448606677
passive,12,6,0.1135107366161586,0.1135107366161586
passive,12,7,0.07115080495318514,0.07115080495318514
passive,12,8,0.059748757917498264,0.059748757917498264
passive,12,9,0.044663233742177635,0.044663233742177635
passive,13,0,0.07465370324519122,0.07465370324519122
passive,13,1,0.05640233770313235,0.05640233770313235
passive,13,2,0.06111493230687273,0.06111493230687273
passive,13,3,0.09424290602824259,0.09424290602824259
passive,13,4,0.043158552097628596,0.043158552097628596
passive,13,5,0.08751475012199775,0.08751475012199775
passive,13,6,0.12715666948354912,0.12715666948354912
passive,13,7,0.13545991577517805,0.13545991577517805
passive,13,8,0.1314671168254027,0.1314671168254027
passive,13,9,0.08596799688499561,0.08596799688499561
passive,14,0,0.06813975760500968,0.06813975760500968
passive,14,1,0.06741996195104463,0.06741996195104463
passive,14,2,0.06136953010631174,0.06136953010631174
passive,14,3,0.16349255616411032,0.16349255616411032
passive,14,4,0.06149767103556994,0.06149767103556994
passive,14,5,0.12223515888379911,0.12223515888379911
passive,14,6,0.04311816456425288,0.04311816456425288
passive,14,7,0.054304317274799084,0.054304317274799084
passive,14,8,0.12878949205735638,0.12878949205735638
passive,14,9,0.09064020395536028,0.09064020395536028
passive,15,0,0.13242053127862063,0.13242053127862063
passive,15,1,0.03995063913843726,0.03995063913843726
passive,15,2,0.0811393117369908,0.0811393117369908
passive,15,3,0.01868822624820293,0.01868822624820293
passive,15,4,0.15438176082263386,0.15438176082263386
passive,15,5,0.008443437605880889,0.008443437605880889
passive,15,6,0.04007878006769546,0.04007878006769546
passive,15,7,0.023360433318567596,0.023360433318567596
passive,15,8,0.16157511458340476,0.16157511458340476
passive,15,9,0.04354129082632581,0.04354129082632581
passive,16,0,0.040415836992963285,0.040415836992963285
passive,16,1,0.07478184417444941,0.07478184417444941
passive,16,2,0.04311816456425288,0.04311816456425288
passive,16,3,0.10752707916712206,0.10752707916712206
passive,16,4,0.11476082046126862,0.11476082046126862
passive,16,5,0.08530956776459242,0.08530956776459242
passive,16,6,0.09273822438369354,0.09273822438369354
passive,16,7,0.0830971408510721,0.0830971408510721
passive,16,8,0.03000251988800733,0.03000251988800733
passive,16,9,0.1201318441854122,0.1201318441854122
passive,17,0,0.09196370471902592,0.09196370471902592
passive,17,1,0.09663591178939057,0.09663591178939057
passive,17,2,0.10809039674344693,0.10809039674344693
passive,17,3,0.028764486427891058,0.028764486427891058
passive,17,4,0.04911387239828319,0.04911387239828319
passive,17,5,0.035278432068072595,0.035278432068072595
passive,17,6,0.0503235687100175,0.0503235687100175
passive,17,7,0.06149767103556994,0.06149767103556994
passive,17,8,0.04370981928895972,0.04370981928895972
passive,17,9,0.08665945539057869,0.08665945539057869
passive,18,0,0.06442096498786291,0.06442096498786291
passive,18,1,0.05610566831124024,0.05610566831124024
passive,18,2,0.12950928771132142,0.12950928771132142
passive,18,3,0.0613815804913055,0.0613815804913055
passive,18,4,0.0926221338394291,0.0926221338394291
passive,18,5,0.09608464459805945,0.09608464459805945
passive,18,6,0.06166619949820385,0.06166619949820385
passive,18,7,0.06707025260752732,0.06707025260752732
passive,18,8,0.06622231602430408,0.06622231602430408
passive,18,9,0.101320169244749,0.101320169244749
passive,19,0,0.03180387092444848,0.03180387092444848
passive,19,1,0.06994110864145082,0.06994110864145082
passive,19,2,0.0998034372152062,0.0998034372152062
passive,19,3,0.09725395337641805,0.09725395337641805
passive,19,4,0.07286440259374381,0.07286440259374381
passive,19,5,0.03706773271951999,0.03706773271951999
passive,19,6,0.10992008492827005,0.10992008492827005
passive,19,7,0.07354381071433314,0.07354381071433314
passive,19,8,0.07475350702606745,0.07475350702606745
passive,19,9,0.016886875211761777,0.016886875211761777
passive,20,0,0.06438057745448722,0.06438057745448722
passive,20,1,0.07102266402392694,0.07102266402392694
passive,20,2,0.12356601779566058,0.12356601779566058
passive,20,3,0.06635045695356229,0.06635045695356229
passive,20,4,0.04479137467143584,0.04479137467143584
passive,20,5,0.0692617005208615,0.0692617005208615
passive,20,6,0.09249399291017091,0.09249399291017091
passive,20,7,0.06166619949820385,0.06166619949820385
passive,20,8,0.034674726958371996,0.034674726958371996
passive,20,9,0.06631006942018657,0.06631006942018657
passive,21,0,0.02352896178120151,0.02352896178120151
passive,21,1,0.046580675322883236,0.046580675322883236
passive,21,2,0.04479137467143584,0.04479137467143584
passive,21,3,0.11985615379370622,0.11985615379370622
passive,21,4,0.09483456075294942,0.09483456075294942
passive,21,5,0.05956817906987059,0.05956817906987059
passive,21,6,0.06633840656856851,0.06633840656856851
passive,21,7,0.056825463965205276,0.056825463965205276
passive,21,8,0.09608464459805945,0.09608464459805945
passive,21,9,0.0735721478627151,0.0735721478627151
passive,22,0,0.03000251988800733,0.03000251988800733
passive,22,1,0.04118867259855353,0.04118867259855353
passive,22,2,0.07645505428163236,0.07645505428163236
passive,22,3,0.05485558446613021,0.05485558446613021
passive,22,4,0.08751306606292035,0.08751306606292035
passive,22,5,0.09415515263236009,0.09415515263236009
passive,22,6,0.04795890009725146,0.04795890009725146
passive,22,7,0.09424290602824259,0.09424290602824259
passive,22,8,0.12811008393676707,0.12811008393676707
passive,22,9,0.13117044743351064,0.13117044743351064
passive,23,0,0.0856182875414783,0.0856182875414783
passive,23,1,0.0582036887395735,0.0582036887395735
passive,23,2,0.10645757416963969,0.10645757416963969
passive,23,3,0.06166619949820385,0.06166619949820385
passive,23,4,0.05970837038412255,0.05970837038412255
passive,23,5,0.08944255802861972,0.08944255802861972
passive,23,6,0.13602323335150296,0.13602323335150296
passive,23,7,0.03706773271951999,0.03706773271951999
passive,23,8,0.02516178435500875,0.02516178435500875
passive,23,9,0.08488644150251949,0.08488644150251949
passive,24,0,0.02516178435500875,0.02516178435500875
passive,24,1,0.04370981928895972,0.04370981928895972
passive,24,2,0.04010711721607741,0.04010711721607741
passive,24,3,0.03647607799481315,0.03647607799481315
passive,24,4,0.13182887655391382,0.13182887655391382
passive,24,5,0.07811621400382156,0.07811621400382156
passive,24,6,0.06270736734730425,0.06270736734730425
passive,24,7,0.028032640388932262,0.028032640388932262
passive,24,8,0.08099912042273884,0.08099912042273884
passive,24,9,0.07825640531807351,0.07825640531807351
passive,25,0,0.08872276237465468,0.08872276237465468
passive,25,1,0.02516178435500875,0.02516178435500875
passive,25,2,0.07932591031555587,0.07932591031555587
passive,25,3,0.08583985595573741,0.08583985595573741
passive,25,4,0.1342218823150618,0.1342218823150618
passive,25,5,0.10807834635845318,0.10807834635845318
passive,25,6,0.09895550063198297,0.09895550063198297
passive,25,7,0.074525562315933,0.074525562315933
passive,25,8,0.03347708103163144,0.03347708103163144
passive,25,9,0.10209468890941663,0.10209468890941663
passive,26,0,0.0598648484617627,0.0598648484617627
passive,26,1,0.08254587365974098,0.08254587365974098
passive,26,2,0.11348975761597245,0.11348975761597245
passive,26,3,0.07226069748404322,0.07226069748404322
passive,26,4,0.023360433318567596,0.023360433318567596
passive,26,5,0.04795890009725146,0.04795890009725146
passive,26,6,0.09925217002387508,0.09925217002387508
passive,26,7,0.06094640384423882,0.06094640384423882
passive,26,8,0.09499103883058957,0.09499103883058957
passive,26,9,0.11750353556593393,0.11750353556593393
passive,27,0,0.04024730853032937,0.04024730853032937
passive,27,1,0.04204865956677053,0.04204865956677053
passive,27,2,0.050492097172651414,0.050492097172651414
passive,27,3,0.07645505428163236,0.07645505428163236
passive,27,4,0.13315237731757945,0.13315237731757945
passive,27,5,0.040670434792402295,0.040670434792402295
passive,27,6,0.04024730853032937,0.04024730853032937
passive,27,7,0.0676335701838522,0.0676335701838522
passive,27,8,0.09998401606283387,0.09998401606283387
passive,27,9,0.06403086811096989,0.06403086811096989
passive,28,0,0.04980063866706833,0.04980063866706833
passive,28,1,0.05931358127043158,0.05931358127043158
passive,28,2,0.04118867259855353,0.04118867259855353
passive,28,3,0.06746034948442035,0.06746034948442035
passive,28,4,0.06633840656856851,0.06633840656856851
passive,28,5,0.07230108501741893,0.07230108501741893
passive,28,6,0.06758849041367855,0.06758849041367855
passive,28,7,0.13425021946344376,0.13425021946344376
passive,28,8,0.10092538013105803,0.10092538013105803
passive,28,9,0.06278814241405568,0.06278814241405568
passive,29,0,0.05502411292876412,0.05502411292876412
passive,29,1,0.08237734519710706,0.08237734519710706
passive,29,2,0.041148285065177814,0.041148285065177814
passive,29,3,0.11043832273442128,0.11043832273442128
passive,29,4,0.15761065278201133,0.15761065278201133
passive,29,5,0.05640233770313235,0.05640233770313235
passive,29,6,0.060033376924396614,0.060033376924396614
passive,29,7,0.10438789088968838,0.10438789088968838
passive,29,8,0.06650693503120243,0.06650693503120243
passive,29,9,0.127608132894004,0.127608132894004
passive,30,0,0.06514076064182796,0.06514076064182796
passive,30,1,0.025330312817642663,0.025330312817642663
passive,30,2,0.041908468252518566,0.041908468252518566
passive,30,3,0.08819247418350969,0.08819247418350969
passive,30,4,0.07632691335237415,0.07632691335237415
passive,30,5,0.06514076064182796,0.06514076064182796
passive,30,6,0.07119119248656086,0.07119119248656086
passive,30,7,0.10147664732238916,0.10147664732238916
passive,30,8,0.15814094097315634,0.15814094097315634
passive,30,9,0.031675729995190284,0.031675729995190284
passive,31,0,0.08057599416066591,0.08057599416066591
passive,31,1,0.1335424741944725,0.1335424741944725
passive,31,2,0.03163534246181457,0.03163534246181457
passive,31,3,0.12218779302129235,0.12218779302129235
passive,31,4,0.11223967377086244,0.11223967377086244
passive,31,5,0.07191098814052589,0.07191098814052589
passive,31,6,0.023232292389309395,0.023232292389309395
passive,31,7,0.012046139678763198,0.012046139678763198
passive,31,8,0.02155908228212644,0.02155908228212644
passive,31,9,0.1443264796431319,0.1443264796431319
passive,32,0,0.056233809240498436,0.056233809240498436
passive,32,1,0.09415683669143748,0.09415683669143748
passive,32,2,0.1431835577270939,0.1431835577270939
passive,32,3,0.1054694462721645,0.1054694462721645
passive,32,4,0.13216593347918162,0.13216593347918162
passive,32,5,0.08600838441837132,0.08600838441837132
passive,32,6,0.10714434043842483,0.10714434043842483
passive,32,7,0.07590378709030124,0.07590378709030124
passive,32,8,0.06291628334331388,0.06291628334331388
passive,32,9,0.04779037163461755,0.04779037163461755
passive,33,0,0.023360433318567596,0.023360433318567596
passive,33,1,0.07299254352300201,0.07299254352300201
passive,33,2,0.043158552097628596,0.043158552097628596
passive,33,3,0.0944114344908765,0.0944114344908765
passive,33,4,0.06526890157108617,0.06526890157108617
passive,33,5,0.008443437605880889,0.008443437605880889
passive,33,6,0.07932591031555587,0.07932591031555587
passive,33,7,0.1034061392880885,0.1034061392880885
passive,33,8,0.06457744306550307,0.06457744306550307
passive,33,9,0.06938984145011971,0.06938984145011971
passive,34,0,0.07949443877818979,0.07949443877818979
passive,34,1,0.030425646150080254,0.030425646150080254
passive,34,2,0.07756494681249043,0.07756494681249043
passive,34,3,0.08583985595573741,0.08583985595573741
passive,34,4,0.0399385887534435,0.0399385887534435
passive,34,5,0.019629590316427085,0.019629590316427085
passive,34,6,0.056825463965205276,0.056825463965205276
passive,34,7,0.054472845737432996,0.054472845737432996
passive,34,8,0.10022656347727912,0.10022656347727912
passive,34,9,0.07482223170782512,0.07482223170782512
passive,35,0,0.0911914711466914,0.0911914711466914
passive,35,1,0.025330312817642663,0.025330312817642663
passive,35,2,0.11028184465678113,0.11028184465678113
passive,35,3,0.09090853619887043,0.09090853619887043
passive,35,4,0.05378607946864785,0.05378607946864785
passive,35,5,0.09455162580512845,0.09455162580512845
passive,35,6,0.1025461523198715,0.1025461523198715
passive,35,7,0.044919515600694036,0.044919515600694036
passive,35,8,0.03995063913843726,0.03995063913843726
passive,35,9,0.023360433318567596,0.023360433318567596
passive,36,0,0.08765325737717232,0.08765325737717232
passive,36,1,0.0768781805437053,0.0768781805437053
passive,36,2,0.11267485041792909,0.11267485041792909
passive,36,3,0.07328752885581674,0.07328752885581674
passive,36,4,0.08640317353206228,0.08640317353206228
passive,36,5,0.082270183268035,0.082270183268035
passive,36,6,0.026834994462191706,0.026834994462191706
passive,36,7,0.06982501809718639,0.06982501809718639
passive,36,8,0.12757979574562206,0.12757979574562206
passive,36,9,0.05544723919083704,0.05544723919083704
passive,37,0,0.0399385887534435,0.0399385887534435
passive,37,1,0.11374435541541146,0.11374435541541146
passive,37,2,0.079877177506887,0.079877177506887
passive,37,3,0.08171891607670387,0.08171891607670387
passive,37,4,0.06980091732719887,0.06980091732719887
passive,37,5,0.05669732303594708,0.05669732303594708
passive,37,6,0.0018013510364411544,0.0018013510364411544
passive,37,7,0.06317088114275289,0.06317088114275289
passive,37,8,0.08292861238843818,0.08292861238843818
passive,37,9,0.0518565875029485,0.0518565875029485
passive,38,0,0.04007878006769546,0.04007878006769546
passive,38,1,0.11459229199863472,0.11459229199863472
passive,38,2,0.05669732303594708,0.05669732303594708
passive,38,3,0.054895971999505924,0.054895971999505924
passive,38,4,0.07645505428163236,0.07645505428163236
passive,38,5,0.05486763485112397,0.05486763485112397
passive,38,6,0.09621278552731766,0.09621278552731766
passive,38,7,0.08294066277343194,0.08294066277343194
passive,38,8,0.11806685314225883,0.11806685314225883
passive,38,9,0.048353689210942435,0.048353689210942435
passive,39,0,0.043158552097628596,0.043158552097628596
passive,39,1,0.09540523647747012,0.09540523647747012
passive,39,2,0.1306595677755552,0.1306595677755552
passive,39,3,0.05158993931851572,0.05158993931851572
passive,39,4,0.11223967377086244,0.11223967377086244
passive,39,5,0.09205881626310422,0.09205881626310422
passive,39,6,0.17180785284073305,0.17180785284073305
passive,39,7,0.026568346277758934,0.026568346277758934
passive,39,8,0.10977989361401809,0.10977989361401809
passive,39,9,0.0546009866666912,0.0546009866666912
passive,40,0,0.07406204852048437,0.07406204852048437
passive,40,1,0.09411476509898438,0.09411476509898438
passive,40,2,0.04799928763062718,0.04799928763062718
passive,40,3,0.17108805718676798,0.17108805718676798
passive,40,4,0.08057599416066591,0.08057599416066591
passive,40,5,0.045989020598176396,0.045989020598176396
passive,40,6,0.11750353556593393,0.11750353556593393
passive,40,7,0.07873425559084904,0.07873425559084904
passive,40,8,0.054304317274799084,0.054304317274799084
passive,40,9,0.049591722671058706,0.049591722671058706
passive,41,0,0.0577788784184232,0.0577788784184232
passive,41,1,0.06208932576027678,0.06208932576027678
passive,41,2,0.09124390906506087,0.09124390906506087
passive,41,3,0.018519697785569018,0.018519697785569018
passive,41,4,0.08585190634073116,0.08585190634073116
passive,41,5,0.04645253439362503,0.04645253439362503
passive,41,6,0.07812826438881532,0.07812826438881532
passive,41,7,0.06317088114275289,0.06317088114275289
passive,41,8,0.026834994462191706,0.026834994462191706
passive,41,9,0.0399385887534435,0.0399385887534435
passive,42,0,0.016886875211761777,0.016886875211761777
passive,42,1,0.03831781656463002,0.03831781656463002
passive,42,2,0.03000251988800733,0.03000251988800733
passive,42,3,0.11458024161364094,0.11458024161364094
passive,42,4,0.09621278552731766,0.09621278552731766
passive,42,5,0.02516178435500875,0.02516178435500875
passive,42,6,0.042990023634994684,0.042990023634994684
passive,42,7,0.0807041350899241,0.0807041350899241
passive,42,8,0.04010711721607741,0.04010711721607741
passive,42,9,0.09650945491920976,0.09650945491920976
passive,43,0,0.06788347574649328,0.06788347574649328
passive,43,1,0.07123158001993657,0.07123158001993657
passive,43,2,0.06291628334331388,0.06291628334331388
passive,43,3,0.11266280003293536,0.11266280003293536
passive,43,4,0.0782160177846978,0.0782160177846978
passive,43,5,0.07645505428163236,0.07645505428163236
passive,43,6,0.12770793667488026,0.12770793667488026
passive,43,7,0.003602702072882309,0.003602702072882309
passive,43,8,0.03347708103163144,0.03347708103163144
passive,43,9,0.05319442474394101,0.05319442474394101
passive,44,0,0.12122232818308068,0.12122232818308068
passive,44,1,0.1055975872014227,0.1055975872014227
passive,44,2,0.059185440341173366,0.059185440341173366
passive,44,3,0.053222761892322966,0.053222761892322966
passive,44,4,0.04494785274907599,0.04494785274907599
passive,44,5,0.12217574263629861,0.12217574263629861
passive,44,6,0.06762887794705426,0.06762887794705426
passive,44,7,0.006642086569439733,0.006642086569439733
passive,44,8,0.05417617634554089,0.05417617634554089
passive,44,9,0.02155908228212644,0.02155908228212644
passive,45,0,0.08819247418350969,0.08819247418350969
passive,45,1,0.11554570645185262,0.11554570645185262
passive,45,2,0.06676153283064144,0.06676153283064144
passive,45,3,0.10251781517148956,0.10251781517148956
passive,45,4,0.0399385887534435,0.0399385887534435
passive,45,5,0.1036397580873414,0.1036397580873414
passive,45,6,0.05776682803342943,0.05776682803342943
passive,45,7,0.04655233817450128,0.04655233817450128
passive,45,8,0.0690931720582276,0.0690931720582276
passive,45,9,0.0607778753816049,0.0607778753816049
passive,46,0,0.05918544034117338,0.05918544034117338
passive,46,1,0.07700632147296349,0.07700632147296349
passive,46,2,0.03844595749388822,0.03844595749388822
passive,46,3,0.09265047098781105,0.09265047098781105
passive,46,4,0.08889129083728858,0.08889129083728858
passive,46,5,0.09332987910840038,0.09332987910840038
passive,46,6,0.11531208765259976,0.11531208765259976
passive,46,7,0.07397429512460188,0.07397429512460188
passive,46,8,0.046580675322883236,0.046580675322883236
passive,46,9,0.010244788642322042,0.010244788642322042
passive,47,0,0.03163534246181457,0.03163534246181457
passive,47,1,0.17278224629413708,0.17278224629413708
passive,47,2,0.035278432068072595,0.035278432068072595
passive,47,3,0.04731252136184203,0.04731252136184203
passive,47,4,0.17462398486395395,0.17462398486395395
passive,47,5,0.07629857620399222,0.07629857620399222
passive,47,6,0.06802366706074522,0.06802366706074522
passive,47,7,0.045342641862766965,0.045342641862766965
passive,47,8,0.06261961395142178,0.06261961395142178
passive,47,9,0.08477035095825505,0.08477035095825505
passive,48,0,0.07841288339571367,0.07841288339571367
passive,48,1,0.12319220768215575,0.12319220768215575
passive,48,2,0.07962257970744799,0.07962257970744799
passive,48,3,0.03951546249137058,0.03951546249137058
passive,48,4,0.08789748885069497,0.08789748885069497
passive,48,5,0.015085524175320622,0.015085524175320622
passive,48,6,0.09273822438369354,0.09273822438369354
passive,48,7,0.1372612668116192,0.1372612668116192
passive,48,8,0.043158552097628596,0.043158552097628596
passive,48,9,0.10918823888931124,0.10918823888931124
passive,49,0,0.0744851747825573,0.0744851747825573
passive,49,1,0.056233809240498436,0.056233809240498436
passive,49,2,0.061538058568945654,0.061538058568945654
passive,49,3,0.06977258017881692,0.06977258017881692
passive,49,4,0.08957069895787792,0.08957069895787792
passive,49,5,0.0860961378142538,0.0860961378142538
passive,49,6,0.047830759167993266,0.047830759167993266
passive,49,7,0.02516178435500875,0.02516178435500875
passive,49,8,0.08472996342487935,0.08472996342487935
passive,49,9,0.054472845737432996,0.054472845737432996
passive,50,0,0.08237734519710706,0.08237734519710706
passive,50,1,0.07106305155730266,0.07106305155730266
passive,50,2,0.05627419677387415,0.05627419677387415
passive,50,3,0.09248194252517714,0.09248194252517714
passive,50,4,0.07573525862766733,0.07573525862766733
passive,50,5,0.09356349790765327,0.09356349790765327
passive,50,6,0.05627419677387415,0.05627419677387415
passive,50,7,0.11098958992575239,0.11098958992575239
passive,50,8,0.11930488660237511,0.11930488660237511
passive,50,9,0.044919515600694036,0.044919515600694036
passive,51,0,0.10727079730860567,0.10727079730860567
passive,51,1,0.07092286024305071,0.07092286024305071
passive,51,2,0.03180387092444848,0.03180387092444848
passive,51,3,0.012046139678763198,0.012046139678763198
passive,51,4,0.07946610162980784,0.07946610162980784
passive,51,5,0.08405055530429001,0.08405055530429001
passive,51,6,0.08116764888537273,0.08116764888537273
passive,51,7,0.06621026563931032,0.06621026563931032
passive,51,8,0.14018456076391222,0.14018456076391222
passive,51,9,0.10852088115371568,0.10852088115371568
passive,52,0,0.07877464312422475,0.07877464312422475
passive,52,1,0.05862681500164643,0.05862681500164643
passive,52,2,0.0577788784184232,0.0577788784184232
passive,52,3,0.07520497043652233,0.07520497043652233
passive,52,4,0.028201168851566174,0.028201168851566174
passive,52,5,0.12535531844710798,0.12535531844710798
passive,52,6,0.12698814102091524,0.12698814102091524
passive,52,7,0.03347708103163144,0.03347708103163144
passive,52,8,0.06813975760500968,0.06813975760500968
passive,52,9,0.061538058568945654,0.061538058568945654
passive,53,0,0.04799928763062718,0.04799928763062718
passive,53,1,0.0597367075325045,0.0597367075325045
passive,53,2,0.02155908228212644,0.02155908228212644
passive,53,3,0.0598648484617627,0.0598648484617627
passive,53,4,0.10864902208297388,0.10864902208297388
passive,53,5,0.04135720106118745,0.04135720106118745
passive,53,6,0.03484325542100591,0.03484325542100591
passive,53,7,0.09244155499180143,0.09244155499180143
passive,53,8,0.08224920426784886,0.08224920426784886
passive,53,9,0.22544169061013514,0.22544169061013514
passive,54,0,0.1236064053290363,0.1236064053290363
passive,54,1,0.08237734519710706,0.08237734519710706
passive,54,2,0.14224219365886975,0.14224219365886975
passive,54,3,0.052153256894840606,0.052153256894840606
passive,54,4,0.11112978124000435,0.11112978124000435
passive,54,5,0.1289580205199903,0.1289580205199903
passive,54,6,0.0778332790560006,0.0778332790560006
passive,54,7,0.0546009866666912,0.0546009866666912
passive,54,8,0.06741996195104463,0.06741996195104463
passive,54,9,0.13367061512373068,0.13367061512373068
passive,55,0,0.04118867259855353,0.04118867259855353
passive,55,1,0.09123185868006711,0.09123185868006711
passive,55,2,0.05910466527442195,0.05910466527442195
passive,55,3,0.08708993980084744,0.08708993980084744
passive,55,4,0.11387249634466969,0.11387249634466969
passive,55,5,0.09123185868006711,0.09123185868006711
passive,55,6,0.036347937065554954,0.036347937065554954
passive,55,7,0.06801161667575148,0.06801161667575148
passive,55,8,0.08108687381862131,0.08108687381862131
passive,55,9,0.1703892405329891,0.1703892405329891
passive,56,0,0.11391288387804539,0.11391288387804539
passive,56,1,0.11391288387804539,0.11391288387804539
passive,56,2,0.06938984145011971,0.06938984145011971
passive,56,3,0.06913355959160329,0.06913355959160329
passive,56,4,0.06741996195104463,0.06741996195104463
passive,56,5,0.06094640384423882,0.06094640384423882
passive,56,6,0.040119167601071176,0.040119167601071176
passive,56,7,0.0777051381267424,0.0777051381267424
passive,56,8,0.08129578981463094,0.08129578981463094
passive,56,9,0.08944255802861972,0.08944255802861972
passive,57,0,0.08537634216028878,0.08537634216028878
passive,57,1,0.0494635817418005,0.0494635817418005
passive,57,2,0.11763167649519213,0.11763167649519213
passive,57,3,0.07101061363893318,0.07101061363893318
passive,57,4,0.08125540228125523,0.08125540228125523
passive,57,5,0.07765270020837292,0.07765270020837292
passive,57,6,0.11746314803255824,0.11746314803255824
passive,57,7,0.05956817906987059,0.05956817906987059
passive,57,8,0.05610566831124024,0.05610566831124024
passive,57,9,0.014916995712686709,0.014916995712686709
passive,58,0,0.05927319373705586,0.05927319373705586
passive,58,1,0.10392437709423974,0.10392437709423974
passive,58,2,0.06758849041367855,0.06758849041367855
passive,58,3,0.06111493230687273,0.06111493230687273
passive,58,4,0.08416664584855446,0.08416664584855446
passive,58,5,0.07890278405348296,0.07890278405348296
passive,58,6,0.08596799688499561,0.08596799688499561
passive,58,7,0.11720855023311923,0.11720855023311923
passive,58,8,0.09273822438369354,0.09273822438369354
passive,58,9,0.11763167649519213,0.11763167649519213
passive,59,0,0.11981576626033051,0.11981576626033051
passive,59,1,0.059190132577971316,0.059190132577971316
passive,59,2,0.0752170208215161,0.0752170208215161
passive,59,3,0.0865313144613205,0.0865313144613205
passive,59,4,0.09120352153168516,0.09120352153168516
passive,59,5,0.0699531590264446,0.0699531590264446
passive,59,6,0.12219984340628613,0.12219984340628613
passive,59,7,0.09609669498305322,0.09609669498305322
passive,59,8,0.033436693498255725,0.033436693498255725
passive,59,9,0.04355334121131957,0.04355334121131957
passive,60,0,0.027131663854083818,0.027131663854083818
passive,60,1,0.11751558595092769,0.11751558595092769
passive,60,2,0.08544975907884438,0.08544975907884438
passive,60,3,0.06981296771219263,0.06981296771219263
passive,60,4,0.06167824988319762,0.06167824988319762
passive,60,5,0.03720792403377195,0.03720792403377195
passive,60,6,0.12762018327899777,0.12762018327899777
passive,60,7,0.06389067679671794,0.06389067679671794
passive,60,8,0.0829689999218139,0.0829689999218139
passive,60,9,0.03000251988800733,0.03000251988800733
passive,61,0,0.04135720106118745,0.04135720106118745
passive,61,1,0.09800208617876505,0.09800208617876505
passive,61,2,0.051730130632767685,0.051730130632767685
passive,61,3,0.09895550063198295,0.09895550063198295
passive,61,4,0.08087266355255802,0.08087266355255802
passive,61,5,0.06693006129327536,0.06693006129327536
passive,61,6,0.07766475059336668,0.07766475059336668
passive,61,7,0.03304190438456475,0.03304190438456475
passive,61,8,0.06955836991275362,0.06955836991275362
passive,61,9,0.07177079682627394,0.07177079682627394
passive,62,0,0.11750353556593393,0.11750353556593393
passive,62,1,0.0432866930268868,0.0432866930268868
passive,62,2,0.023232292389309395,0.023232292389309395
passive,62,3,0.0804478532314077,0.0804478532314077
passive,62,4,0.0683082860676436,0.0683082860676436
passive,62,5,0.03664460645744706,0.03664460645744706
passive,62,6,0.10977989361401809,0.10977989361401809
passive,62,7,0.04795890009725146,0.04795890009725146
passive,62,8,0.04825388543006619,0.04825388543006619
passive,62,9,0.09895550063198297,0.09895550063198297
passive,63,0,0.06622231602430408,0.06622231602430408
passive,63,1,0.10438789088968838,0.10438789088968838
passive,63,2,0.07479389455944317,0.07479389455944317
passive,63,3,0.05160198970350949,0.05160198970350949
passive,63,4,0.04311816456425288,0.04311816456425288
passive,63,5,0.12178564575940555,0.12178564575940555
passive,63,6,0.09621278552731766,0.09621278552731766
passive,63,7,0.03831781656463002,0.03831781656463002
passive,63,8,0.0841786962335482,0.0841786962335482
passive,63,9,0.06526890157108617,0.06526890157108617
passive,64,0,0.06955836991275362,0.06955836991275362
passive,64,1,0.14090435641787727,0.14090435641787727
passive,64,2,0.0782160177846978,0.0782160177846978
passive,64,3,0.0546009866666912,0.0546009866666912
passive,64,4,0.1147204329278929,0.1147204329278929
passive,64,5,0.061974919275089725,0.061974919275089725
passive,64,6,0.0432866930268868,0.0432866930268868
passive,64,7,0.05879534346428034,0.05879534346428034
passive,64,8,0.09818266502639272,0.09818266502639272
passive,64,9,0.07662358274426628,0.07662358274426628
passive,65,0,0.1630290423686617,0.1630290423686617
passive,65,1,0.10530260186860797,0.10530260186860797
passive,65,2,0.11039793520104557,0.11039793520104557
passive,65,3,0.1576774271777077,0.1576774271777077
passive,65,4,0.1629009014394035,0.1629009014394035
passive,65,5,0.1172085502331192,0.1172085502331192
passive,65,6,0.20647052941411126,0.20647052941411126
passive,65,7,0.12217574263629859,0.12217574263629859
passive,65,8,0.11181654750878951,0.11181654750878951
passive,65,9,0.0972822905248,0.0972822905248
passive,66,0,0.0399385887534435,0.0399385887534435
passive,66,1,0.08789748885069497,0.08789748885069497
passive,66,2,0.08957069895787792,0.08957069895787792
passive,66,3,0.051433461240875576,0.051433461240875576
passive,66,4,0.07932591031555587,0.07932591031555587
passive,66,5,0.03814928810199611,0.03814928810199611
passive,66,6,0.08405055530429002,0.08405055530429002
passive,66,7,0.04479137467143584,0.04479137467143584
passive,66,8,0.11459229199863472,0.11459229199863472
passive,66,9,0.06136953010631174,0.06136953010631174
passive,67,0,0.07465370324519122,0.07465370324519122
passive,67,1,0.07766475059336668,0.07766475059336668
passive,67,2,0.03180387092444848,0.03180387092444848
passive,67,3,0.05610566831124024,0.05610566831124024
passive,67,4,0.04839407674431815,0.04839407674431815
passive,67,5,0.06981296771219263,0.06981296771219263
passive,67,6,0.051984728432206695,0.051984728432206695
passive,67,7,0.044919515600694036,0.044919515600694036
passive,67,8,0.0864031735320623,0.0864031735320623
passive,67,9,0.1689369968068095,0.1689369968068095
passive,68,0,0.09437104695750079,0.09437104695750079
passive,68,1,0.14141523607583267,0.14141523607583267
passive,68,2,0.08004570596952092,0.08004570596952092
passive,68,3,0.12950928771132142,0.12950928771132142
passive,68,4,0.04354129082632581,0.04354129082632581
passive,68,5,0.027131663854083818,0.027131663854083818
passive,68,6,0.01868822624820293,0.01868822624820293
passive,68,7,0.04024730853032937,0.04024730853032937
passive,68,8,0.09135999960932531,0.09135999960932531
passive,68,9,0.05862681500164643,0.05862681500164643
passive,69,0,0.10269839401911723,0.10269839401911723
passive,69,1,0.1427057074543184,0.1427057074543184
passive,69,2,0.09150019092357727,0.09150019092357727
passive,69,3,0.11836352253415093,0.11836352253415093
passive,69,4,0.08962313687624739,0.08962313687624739
passive,69,5,0.05669732303594708,0.05669732303594708
passive,69,6,0.033605221960889636,0.033605221960889636
passive,69,7,0.05627419677387415,0.05627419677387415
passive,69,8,0.1376964434586859,0.1376964434586859
passive,69,9,0.10796225581418874,0.10796225581418874
passive,70,0,0.06729182102178644,0.06729182102178644
passive,70,1,0.13182887655391382,0.13182887655391382
passive,70,2,0.07115080495318514,0.07115080495318514
passive,70,3,0.1342218823150618,0.1342218823150618
passive,70,4,0.08889129083728858,0.08889129083728858
passive,70,5,0.058075547810315306,0.058075547810315306
passive,70,6,0.08780973545481248,0.08780973545481248
passive,70,7,0.13350208666109675,0.13350208666109675
passive,70,8,0.03664460645744706,0.03664460645744706
passive,70,9,0.15272952971563705,0.15272952971563705
passive,71,0,0.0667735832156352,0.0667735832156352
passive,71,1,0.010244788642322042,0.010244788642322042
passive,71,2,0.054895971999505924,0.054895971999505924
passive,71,3,0.0735721478627151,0.0735721478627151
passive,71,4,0.07937834823392535,0.07937834823392535
passive,71,5,0.035278432068072595,0.035278432068072595
passive,71,6,0.03995063913843726,0.03995063913843726
passive,71,7,0.016886875211761777,0.016886875211761777
passive,71,8,0.09304526010150203,0.09304526010150203
passive,71,9,0.05849867407238823,0.05849867407238823
passive,72,0,0.03000251988800733,0.03000251988800733
passive,72,1,0.07465370324519122,0.07465370324519122
passive,72,2,0.07991756504026272,0.07991756504026272
passive,72,3,0.09529975860747544,0.09529975860747544
passive,72,4,0.0771748499355974,0.0771748499355974
passive,72,5,0.051433461240875576,0.051433461240875576
passive,72,6,0.11404102480730359,0.11404102480730359
passive,72,7,0.07010963710408474,0.07010963710408474
passive,72,8,0.05987689884675646,0.05987689884675646
passive,72,9,0.10739893823786384,0.10739893823786384
passive,73,0,0.09783355771613113,0.09783355771613113
passive,73,1,0.09256969592105962,0.09256969592105962
passive,73,2,0.09732267805817571,0.09732267805817571
passive,73,3,0.026399817815125022,0.026399817815125022
passive,73,4,0.11687149330785138,0.11687149330785138
passive,73,5,0.1170400217704853,0.1170400217704853
passive,73,6,0.07281196467537435,0.07281196467537435
passive,73,7,0.11319308822408035,0.11319308822408035
passive,73,8,0.1167433523785932,0.1167433523785932
passive,73,9,0.09369163883691146,0.09369163883691146
passive,74,0,0.08488644150251949,0.08488644150251949
passive,74,1,0.045088044063327955,0.045088044063327955
passive,74,2,0.03706773271951999,0.03706773271951999
passive,74,3,0.04479137467143584,0.04479137467143584
passive,74,4,0.09248194252517714,0.09248194252517714
passive,74,5,0.07119119248656086,0.07119119248656086
passive,74,6,0.06775701887631247,0.06775701887631247
passive,74,7,0.053234812277316725,0.053234812277316725
passive,74,8,0.15757026524863565,0.15757026524863565
passive,74,9,0.06111493230687273,0.06111493230687273
passive,75,0,0.041908468252518566,0.041908468252518566
passive,75,1,0.07573525862766733,0.07573525862766733
passive,75,2,0.06998149617482655,0.06998149617482655
passive,75,3,0.06183472796083777,0.06183472796083777
passive,75,4,0.06278814241405568,0.06278814241405568
passive,75,5,0.16713564577036835,0.16713564577036835
passive,75,6,0.11733500710330001,0.11733500710330001
passive,75,7,0.03222699718652141,0.03222699718652141
passive,75,8,0.10743932577123956,0.10743932577123956
passive,75,9,0.04495990313406975,0.04495990313406975
passive,76,0,0.06457744306550307,0.06457744306550307
passive,76,1,0.10697581197579092,0.10697581197579092
passive,76,2,0.07410243605386009,0.07410243605386009
passive,76,3,0.047830759167993266,0.047830759167993266
passive,76,4,0.10392437709423974,0.10392437709423974
passive,76,5,0.06565899844797919,0.06565899844797919
passive,76,6,0.11236781470012062,0.11236781470012062
passive,76,7,0.04770261823873506,0.04770261823873506
passive,76,8,0.041485341990445644,0.041485341990445644
passive,76,9,0.04131681352781173,0.04131681352781173
passive,77,0,0.06998149617482655,0.06998149617482655
passive,77,1,0.05669732303594708,0.05669732303594708
passive,77,2,0.09411476509898438,0.09411476509898438
passive,77,3,0.03484325542100591,0.03484325542100591
passive,77,4,0.10075685166842412,0.10075685166842412
passive,77,5,0.06261961395142178,0.06261961395142178
passive,77,6,0.05503616331375788,0.05503616331375788
passive,77,7,0.12231593395055057,0.12231593395055057
passive,77,8,0.053234812277316725,0.053234812277316725
passive,77,9,0.023360433318567596,0.023360433318567596
passive,78,0,0.06333940960538681,0.06333940960538681
passive,78,1,0.0918902878004703,0.0918902878004703
passive,78,2,0.10327799835883031,0.10327799835883031
passive,78,3,0.047830759167993266,0.047830759167993266
passive,78,4,0.07380576666196798,0.07380576666196798
passive,78,5,0.06707025260752732,0.06707025260752732
passive,78,6,0.1245687483974466,0.1245687483974466
passive,78,7,0.08005775635451468,0.08005775635451468
passive,78,8,0.09788599563450061,0.09788599563450061
passive,78,9,0.04825388543006619,0.04825388543006619
passive,79,0,0.08171891607670387,0.08171891607670387
passive,79,1,0.12581883224255663,0.12581883224255663
passive,79,2,0.05987689884675646,0.05987689884675646
passive,79,3,0.06818014513838538,0.06818014513838538
passive,79,4,0.15690290751304006,0.15690290751304006
passive,79,5,0.07632691335237417,0.07632691335237417
passive,79,6,0.10075685166842412,0.10075685166842412
passive,79,7,0.1288702671241078,0.1288702671241078
passive,79,8,0.07757699719748419,0.07757699719748419
passive,79,9,0.08405055530429002,0.08405055530429002
passive,80,0,0.08600838441837132,0.08600838441837132
passive,80,1,0.04118867259855353,0.04118867259855353
passive,80,2,0.07482223170782512,0.07482223170782512
passive,80,3,0.03180387092444848,0.03180387092444848
passive,80,4,0.0485505548219583,0.0485505548219583
passive,80,5,0.06801161667575148,0.06801161667575148
passive,80,6,0.15455921790046015,0.15455921790046015
passive,80,7,0.14778899040176222,0.14778899040176222
passive,80,8,0.05267149470099184,0.05267149470099184
passive,80,9,0.05627419677387415,0.05627419677387415
passive,81,0,0.06746034948442035,0.06746034948442035
passive,81,1,0.07123158001993657,0.07123158001993657
passive,81,2,0.10092538013105803,0.10092538013105803
passive,81,3,0.07757699719748419,0.07757699719748419
passive,81,4,0.056825463965205276,0.056825463965205276
passive,81,5,0.09154057845695299,0.09154057845695299
passive,81,6,0.13634823989177702,0.13634823989177702
passive,81,7,0.1307877087048134,0.1307877087048134
passive,81,8,0.04495990313406975,0.04495990313406975
passive,81,9,0.056825463965205276,0.056825463965205276
passive,82,0,0.08005775635451468,0.08005775635451468
passive,82,1,0.06042816603808759,0.06042816603808759
passive,82,2,0.04856260520695206,0.04856260520695206
passive,82,3,0.02516178435500875,0.02516178435500875
passive,82,4,0.10796225581418874,0.10796225581418874
passive,82,5,0.009006755182205773,0.009006755182205773
passive,82,6,0.05364588815439589,0.05364588815439589
passive,82,7,0.026834994462191706,0.026834994462191706
passive,82,8,0.07520497043652233,0.07520497043652233
passive,82,9,0.07757699719748419,0.07757699719748419
passive,83,0,0.1054694462721645,0.1054694462721645
passive,83,1,0.11275055342881785,0.11275055342881785
passive,83,2,0.08944255802861972,0.08944255802861972
passive,83,3,0.08061638169404162,0.08061638169404162
passive,83,4,0.01975773124568529,0.01975773124568529
passive,83,5,0.0494635817418005,0.0494635817418005
passive,83,6,0.08957069895787792,0.08957069895787792
passive,83,7,0.13363022759035498,0.13363022759035498
passive,83,8,0.06621026563931032,0.06621026563931032
passive,83,9,0.08512006030177237,0.08512006030177237
passive,84,0,0.170557768995623,0.170557768995623
passive,84,1,0.12756774536062832,0.12756774536062832
passive,84,2,0.06813975760500968,0.06813975760500968
passive,84,3,0.01975773124568529,0.01975773124568529
passive,84,4,0.016718346749127862,0.016718346749127862
passive,84,5,0.0,0.0
passive,84,6,0.15810055343978063,0.15810055343978063
passive,84,7,0.038305766179636255,0.038305766179636255
passive,84,8,0.08596799688499561,0.08596799688499561
passive,84,9,0.08241773273048277,0.08241773273048277
passive,85,0,0.04007878006769546,0.04007878006769546
passive,85,1,0.05306628381468281,0.05306628381468281
passive,85,2,0.06274775488067998,0.06274775488067998
passive,85,3,0.09963490875257229,0.09963490875257229
passive,85,4,0.046580675322883236,0.046580675322883236
passive,85,5,0.06438057745448722,0.06438057745448722
passive,85,6,0.07520497043652233,0.07520497043652233
passive,85,7,0.041148285065177814,0.041148285065177814
passive,85,8,0.03706773271951999,0.03706773271951999
passive,85,9,0.06801161667575148,0.06801161667575148
passive,86,0,0.14611578029457925,0.14611578029457925
passive,86,1,0.13074732117143767,0.13074732117143767
passive,86,2,0.0598648484617627,0.0598648484617627
passive,86,3,0.07101061363893318,0.07101061363893318
passive,86,4,0.02836969731420009,0.02836969731420009
passive,86,5,0.05309462096306477,0.05309462096306477
passive,86,6,0.07603192801955944,0.07603192801955944
passive,86,7,0.054472845737432996,0.054472845737432996
passive,86,8,0.08776934792143676,0.08776934792143676
passive,86,9,0.10973950608064238,0.10973950608064238
passive,87,0,0.05627419677387415,0.05627419677387415
passive,87,1,0.02836969731420009,0.02836969731420009
passive,87,2,0.10975155646563611,0.10975155646563611
passive,87,3,0.07496242302207708,0.07496242302207708
passive,87,4,0.12787646513751416,0.12787646513751416
passive,87,5,0.06994110864145082,0.06994110864145082
passive,87,6,0.08201558546859598,0.08201558546859598
passive,87,7,0.042990023634994684,0.042990023634994684
passive,87,8,0.07963463009244175,0.07963463009244175
passive,87,9,0.09332987910840038,0.09332987910840038
passive,88,0,0.13367061512373068,0.13367061512373068
passive,88,1,0.08364840804240323,0.08364840804240323
passive,88,2,0.14511304969279326,0.14511304969279326
passive,88,3,0.0841383087001725,0.0841383087001725
passive,88,4,0.0832252817803303,0.0832252817803303
passive,88,5,0.04779037163461755,0.04779037163461755
passive,88,6,0.09562113080261081,0.09562113080261081
passive,88,7,0.11805480275726504,0.11805480275726504
passive,88,8,0.11760333934681019,0.11760333934681019
passive,88,9,0.07299254352300201,0.07299254352300201
passive,89,0,0.059185440341173366,0.059185440341173366
passive,89,1,0.07226069748404322,0.07226069748404322
passive,89,2,0.059145052807797666,0.059145052807797666
passive,89,3,0.026399817815125022,0.026399817815125022
passive,89,4,0.03304190438456475,0.03304190438456475
passive,89,5,0.15396756317575333,0.15396756317575333
passive,89,6,0.09849198683653433,0.09849198683653433
passive,89,7,0.13002752551747265,0.13002752551747265
passive,89,8,0.11816196468633713,0.11816196468633713
passive,89,9,0.059145052807797666,0.059145052807797666
passive,90,0,0.117080409303861,0.117080409303861
passive,90,1,0.0692617005208615,0.0692617005208615
passive,90,2,0.0830971408510721,0.0830971408510721
passive,90,3,0.05849867407238823,0.05849867407238823
passive,90,4,0.057907019347681395,0.057907019347681395
passive,90,5,0.06813975760500968,0.06813975760500968
passive,90,6,0.08793787638407068,0.08793787638407068
passive,90,7,0.09068059148873599,0.09068059148873599
passive,90,8,0.04963211020443442,0.04963211020443442
passive,90,9,0.09553337740672833,0.09553337740672833
passive,91,0,0.10075685166842412,0.10075685166842412
passive,91,1,0.07465370324519122,0.07465370324519122
passive,91,2,0.09369163883691146,0.09369163883691146
passive,91,3,0.14844741952216542,0.14844741952216542
passive,91,4,0.09123185868006711,0.09123185868006711
passive,91,5,0.04118867259855353,0.04118867259855353
passive,91,6,0.06274775488067998,0.06274775488067998
passive,91,7,0.03951546249137058,0.03951546249137058
passive,91,8,0.042990023634994684,0.042990023634994684
passive,91,9,0.07945405124481407,0.07945405124481407
passive,92,0,0.015648841751645506,0.015648841751645506
passive,92,1,0.05849867407238823,0.05849867407238823
passive,92,2,0.12303572960451561,0.12303572960451561
passive,92,3,0.08892432022246849,0.08892432022246849
passive,92,4,0.02863634549863286,0.02863634549863286
passive,92,5,0.056825463965205276,0.056825463965205276
passive,92,6,0.11944507791662706,0.11944507791662706
passive,92,7,0.06335145999038057,0.06335145999038057
passive,92,8,0.03995063913843726,0.03995063913843726
passive,92,9,0.06998149617482655,0.06998149617482655
passive,93,0,0.07838454624733172,0.07838454624733172
passive,93,1,0.043850010603211684,0.043850010603211684
passive,93,2,0.10796225581418874,0.10796225581418874
passive,93,3,0.10770765801474973,0.10770765801474973
passive,93,4,0.10813078427682266,0.10813078427682266
passive,93,5,0.020321048822010173,0.020321048822010173
passive,93,6,0.07642671713325042,0.07642671713325042
passive,93,7,0.06994110864145082,0.06994110864145082
passive,93,8,0.01745019278808666,0.01745019278808666
passive,93,9,0.07341566978507494,0.07341566978507494
passive,94,0,0.040119167601071176,0.040119167601071176
passive,94,1,0.05610566831124024,0.05610566831124024
passive,94,2,0.1282995913995871,0.1282995913995871
passive,94,3,0.07949443877818979,0.07949443877818979
passive,94,4,0.10389603994585779,0.10389603994585779
passive,94,5,0.09909569194623492,0.09909569194623492
passive,94,6,0.10089704298267609,0.10089704298267609
passive,94,7,0.07327547847082298,0.07327547847082298
passive,94,8,0.09787394524950685,0.09787394524950685
passive,94,9,0.0778332790560006,0.0778332790560006
passive,95,0,0.060287974723835625,0.060287974723835625
passive,95,1,0.0953648489440944,0.0953648489440944
passive,95,2,0.09787394524950685,0.09787394524950685
passive,95,3,0.07285235220875005,0.07285235220875005
passive,95,4,0.10807834635845318,0.10807834635845318
passive,95,5,0.042990023634994684,0.042990023634994684
passive,95,6,0.036347937065554954,0.036347937065554954
passive,95,7,0.02155908228212644,0.02155908228212644
passive,95,8,0.05267149470099184,0.05267149470099184
passive,95,9,0.12414562213537365,0.12414562213537365
passive,96,0,0.10177331671428126,0.10177331671428126
passive,96,1,0.016886875211761777,0.016886875211761777
passive,96,2,0.09638131398995156,0.09638131398995156
passive,96,3,0.1082872623544628,0.1082872623544628
passive,96,4,0.056146055844615954,0.056146055844615954
passive,96,5,0.07106305155730266,0.07106305155730266
passive,96,6,0.1079905929625707,0.1079905929625707
passive,96,7,0.12235632148392628,0.12235632148392628
passive,96,8,0.06111493230687273,0.06111493230687273
passive,96,9,0.03000251988800733,0.03000251988800733
passive,97,0,0.07537349889915625,0.07537349889915625
passive,97,1,0.06333940960538681,0.06333940960538681
passive,97,2,0.07825640531807351,0.07825640531807351
passive,97,3,0.013847490715204351,0.013847490715204351
passive,97,4,0.0605966945007215,0.0605966945007215
passive,97,5,0.028073027922307977,0.028073027922307977
passive,97,6,0.11518394672334153,0.11518394672334153
passive,97,7,0.11170938557971742,0.11170938557971742
passive,97,8,0.0286242951136391,0.0286242951136391
passive,97,9,0.06746034948442035,0.06746034948442035
passive,98,0,0.10935676735194515,0.10935676735194515
passive,98,1,0.07864650219496655,0.07864650219496655
passive,98,2,0.08471791303988557,0.08471791303988557
passive,98,3,0.11416916573656179,0.11416916573656179
passive,98,4,0.11236781470012062,0.11236781470012062
passive,98,5,0.045989020598176396,0.045989020598176396
passive,98,6,0.09453957542013469,0.09453957542013469
passive,98,7,0.12051458291410941,0.12051458291410941
passive,98,8,0.10016519694371728,0.10016519694371728
passive,98,9,0.028201168851566174,0.028201168851566174
passive,99,0,0.047830759167993266,0.047830759167993266
passive,99,1,0.028201168851566174,0.028201168851566174
passive,99,2,0.135883042037251,0.135883042037251
passive,99,3,0.05519264139139803,0.05519264139139803
passive,99,4,0.08725846826348134,0.08725846826348134
passive,99,5,0.08074452262329981,0.08074452262329981
passive,99,6,0.03968399095400449,0.03968399095400449
passive,99,7,0.05948210973306549,0.05948210973306549
passive,99,8,0.1205549704474851,0.1205549704474851
passive,99,9,0.054344704808174785,0.054344704808174785
regression,0,0,0.020263032790492352,0.009471669193637051
regression,0,1,0.17730013064730551,0.16555066036043448
regression,0,2,0.05458558644828893,0.03839016974211025
regression,0,3,0.08096128892434848,0.059618100967362676
regression,0,4,0.2122349990709366,0.2003747325098548
regression,0,5,0.058127002469062654,0.029827713895697723
regression,0,6,-0.04741387875543438,-0.07633015102416768
regression,0,7,-0.17955838025199483,-0.1736885272548894
regression,0,8,-0.048831593074019394,-0.05110850829090272
regression,0,9,0.13884565597975637,0.10485202120105139
regression,1,0,0.09606190102665516,0.09606190102665516
regression,1,1,0.09964175464023545,0.09964175464023545
regression,1,2,0.023751121414155498,0.023751121414155498
regression,1,3,0.08189381185148446,0.08189381185148446
regression,1,4,0.051677546087320884,0.051677546087320884
regression,1,5,0.040320808507885005,0.040320808507885005
regression,1,6,0.13024101163893428,0.13024101163893428
regression,1,7,0.02878671354771706,0.02878671354771706
regression,1,8,0.06907222106344255,0.06907222106344255
regression,1,9,0.07413264152577119,0.07413264152577119
regression,2,0,0.152007012149003,0.152007012149003
regression,2,1,0.0420321238587139,0.0420321238587139
regression,2,2,0.06601788286441997,0.06601788286441997
regression,2,3,0.05398763930010536,0.05398763930010536
regression,2,4,0.047005786933020814,0.047005786933020814
regression,2,5,0.06121227592695347,0.06121227592695347
regression,2,6,0.08307976355629632,0.08307976355629632
regression,2,7,0.06123162807600431,0.06123162807600431
regression,2,8,0.08341364612793413,0.08341364612793413
regression,2,9,0.05888100615659792,0.05888100615659792
regression,3,0,0.12021413246952795,0.17738596179425756
regression,3,1,0.26229186158061757,0.3848739878571961
regression,3,2,0.062211741072903476,0.23397875052185615
regression,3,3,0.12768115731501406,0.23963876439829462
regression,3,4,0.15373924571366188,0.24566210704090802
regression,3,5,0.05750089326773491,0.22774525024967307
regression,3,6,0.023896014400857885,0.19350727123305436
regression,3,7,0.07767390798766717,0.2726835761518453
regression,3,8,0.1477303772753632,0.3013942927300924
regression,3,9,0.12827087174042417,0.2271261127331264
regression,4,0,0.026591252363862245,0.026591252363862245
regression,4,1,0.09251774793886598,0.09251774793886598
regression,4,2,0.033431843855924966,0.033431843855924966
regression,4,3,0.11042116119642548,0.11042116119642548
regression,4,4,0.10757751547919069,0.10757751547919069
regression,4,5,0.07633060255262959,0.07633060255262959
regression,4,6,0.040128654799449506,0.040128654799449506
regression,4,7,0.08629682736796712,0.08629682736796712
regression,4,8,0.057081410631059794,0.057081410631059794
regression,4,9,0.11056829214283105,0.11056829214283105
regression,5,0,0.1117650720746001,0.1117650720746001
regression,5,1,0.03246137498492951,0.03246137498492951
regression,5,2,0.02064144108036042,0.02064144108036042
regression,5,3,0.04264752686024536,0.04264752686024536
regression,5,4,0.0702191376885697,0.0702191376885697
regression,5,5,0.04398527343517342,0.04398527343517342
regression,5,6,0.07881492884506085,0.07881492884506085
regression,5,7,0.03856739211266676,0.03856739211266676
regression,5,8,0.03523939771046126,0.03523939771046126
regression,5,9,0.06150332016012226,0.06150332016012226
regression,6,0,0.09132584473152164,0.09132584473152164
regression,6,1,0.03347299718660599,0.03347299718660599
regression,6,2,0.046250520023977316,0.046250520023977316
regression,6,3,0.098855378175406,0.098855378175406
regression,6,4,0.059916730736069825,0.059916730736069825
regression,6,5,0.08379046805799459,0.08379046805799459
regression,6,6,0.03435928006640872,0.03435928006640872
regression,6,7,0.03555325806082835,0.03555325806082835
regression,6,8,0.03904900850024128,0.03904900850024128
regression,6,9,0.07004567115646457,0.07004567115646457
regression,7,0,0.061929646675137257,0.061929646675137257
regression,7,1,0.040503534355574536,0.040503534355574536
regression,7,2,0.04144878571521353,0.04144878571521353
regression,7,3,0.07881536650116396,0.07920383827369935
regression,7,4,0.1011929088798154,0.1011929088798154
regression,7,5,0.03768975616542726,0.03807822793796265
regression,7,6,0.050867119074220084,0.050867119074220084
regression,7,7,0.0888798078974966,0.0888798078974966
regression,7,8,0.007062901304834934,0.007062901304834934
regression,7,9,0.044152905405304185,0.044152905405304185
regression,8,0,0.004886551713552289,0.004886551713552289
regression,8,1,0.013964404746313358,0.013964404746313358
regression,8,2,0.05674735506618029,0.05674735506618029
regression,8,3,0.09870326415504024,0.09870326415504024
regression,8,4,0.047178000639998094,0.047178000639998094
regression,8,5,0.06604150305426648,0.06604150305426648
regression,8,6,0.08942705681102173,0.08942705681102173
regression,8,7,0.028124610871828905,0.028124610871828905
regression,8,8,0.09766689403622718,0.09766689403622718
regression,8,9,0.08324519227538647,0.08324519227538647
regression,9,0,0.0657372822574987,0.0657372822574987
regression,9,1,0.07162723123688287,0.07162723123688287
regression,9,2,0.08300432345603466,0.08300432345603466
regression,9,3,0.014714685411853713,0.014714685411853713
regression,9,4,0.032358428839628806,0.032358428839628806
regression,9,5,0.07717263254933847,0.07717263254933847
regression,9,6,-0.0004689225884723077,0.0011310774115276937
regression,9,7,0.06510805997843938,0.06670805997843939
regression,9,8,0.08572540584948285,0.08572540584948285
regression,9,9,0.040259626783930844,0.040259626783930844
regression,10,0,0.025206055571887043,0.025206055571887043
regression,10,1,0.09156721986100834,0.09156721986100834
regression,10,2,0.03711995410041757,0.03711995410041757
regression,10,3,0.05610283603508213,0.05610283603508213
regression,10,4,0.0888499381578402,0.0888499381578402
regression,10,5,0.057570179790734505,0.057570179790734505
regression,10,6,0.1344742878736288,0.1344742878736288
regression,10,7,0.07138539801147359,0.07138539801147359
regression,10,8,0.04647703057383188,0.04647703057383188
regression,10,9,0.08312972753351483,0.08312972753351483
regression,11,0,0.05242523074937471,0.05242523074937471
regression,11,1,0.0714503560198628,0.0714503560198628
regression,11,2,0.0444980425867074,0.0444980425867074
regression,11,3,0.04588379425488909,0.04588379425488909
regression,11,4,0.08224116698323498,0.08224116698323498
regression,11,5,0.07286271268517532,0.07286271268517532
regression,11,6,0.01738096901508684,0.01738096901508684
regression,11,7,0.11581898705140342,0.11581898705140342
regression,11,8,0.07248696791904666,0.07248696791904666
regression,11,9,0.11631990027130103,0.11631990027130103
regression,12,0,0.10093429073120647,0.10093429073120647
regression,12,1,0.053441361473087715,0.053441361473087715
regression,12,2,0.03359363246272498,0.03359363246272498
regression,12,3,0.05013171692511376,0.05013171692511376
regression,12,4,0.05634664131382807,0.05634664131382807
regression,12,5,0.12042151040789316,0.12042151040789316
regression,12,6,0.07575561400086386,0.07575561400086386
regression,12,7,0.08193828206991549,0.08193828206991549
regression,12,8,0.04011675587693556,0.04011675587693556
regression,12,9,0.05028406182093992,0.05028406182093992
regression,13,0,0.09174346807965894,0.09174346807965894
regression,13,1,0.059644901574812816,0.059644901574812816
regression,13,2,0.07102553981968951,0.07102553981968951
regression,13,3,0.05823248731060115,0.05823248731060115
regression,13,4,0.13676469162814292,0.13676469162814292
regression,13,5,0.10750026805979956,0.10750026805979956
regression,13,6,0.07225952000100234,0.07225952000100234
regression,13,7,0.07458538931721188,0.07458538931721188
regression,13,8,0.09880935625642624,0.09880935625642624
regression,13,9,0.11049096131945402,0.11049096131945402
regression,14,0,0.05666708761863958,0.05666708761863958
regression,14,1,0.04801204822448538,0.04801204822448538
regression,14,2,0.04748452714204692,0.04748452714204692
regression,14,3,0.1793286865069625,0.1793286865069625
regression,14,4,0.05207714970173403,0.05207714970173403
regression,14,5,0.10198579279527607,0.10198579279527607
regression,14,6,0.044873202387905015,0.044873202387905015
regression,14,7,0.056131078577973455,0.056131078577973455
regression,14,8,0.08478881315673778,0.08478881315673778
regression,14,9,0.05533122881888064,0.05533122881888064
regression,15,0,0.13959602506696608,0.13959602506696608
regression,15,1,0.020242053446566467,0.020242053446566467
regression,15,2,0.10484790841832287,0.10484790841832287
regression,15,3,0.0535865999890982,0.0535865999890982
regression,15,4,0.1521191566456422,0.1521191566456422
regression,15,5,0.05489565837681739,0.05489565837681739
regression,15,6,0.12165228833082944,0.12165228833082944
regression,15,7,0.04157297935810458,0.04157297935810458
regression,15,8,0.188620451445884,0.188620451445884
regression,15,9,0.04057029024401377,0.04057029024401377
regression,16,0,0.06805874167578167,0.06805874167578167
regression,16,1,0.09445643926602945,0.09445643926602945
regression,16,2,0.10666388743841099,0.10666388743841099
regression,16,3,0.015055113911292564,0.015055113911292564
regression,16,4,0.05494589247301895,0.05494589247301895
regression,16,5,0.07761852952922432,0.07761852952922432
regression,16,6,0.07886416707313419,0.07886416707313419
regression,16,7,0.03410190217551828,0.03410190217551828
regression,16,8,0.108131317296492,0.108131317296492
regression,16,9,0.07240127441824185,0.07240127441824185
regression,17,0,0.04073143380561008,0.04073143380561008
regression,17,1,0.09327409492390015,0.09327409492390015
regression,17,2,0.11518703868843846,0.11518703868843846
regression,17,3,0.12897078155905098,0.12897078155905098
regression,17,4,0.03766075339574945,0.03766075339574945
regression,17,5,0.13854098669211032,0.13854098669211032
regression,17,6,0.08638378975030049,0.08638378975030049
regression,17,7,0.055857650104656716,0.055857650104656716
regression,17,8,0.057939351017226824,0.057939351017226824
regression,17,9,0.08356304954325999,0.08356304954325999
regression,18,0,0.05192227304832233,0.05192227304832233
regression,18,1,0.08329023392067199,0.08329023392067199
regression,18,2,0.13475104683279576,0.13475104683279576
regression,18,3,0.03972776155916451,0.03972776155916451
regression,18,4,0.0805212560155534,0.0805212560155534
regression,18,5,0.09053380040152682,0.09053380040152682
regression,18,6,0.04081970789235625,0.04081970789235625
regression,18,7,0.0346354373586003,0.0346354373586003
regression,18,8,0.06943981147493791,0.06943981147493791
regression,18,9,0.07460903418093466,0.07460903418093466
regression,19,0,0.02865601907259666,0.02865601907259666
regression,19,1,0.066893693592561,0.066893693592561
regression,19,2,0.0960554131620277,0.0960554131620277
regression,19,3,0.09356576811197413,0.09356576811197413
regression,19,4,0.06763259308821817,0.06763259308821817
regression,19,5,0.02858017246585024,0.02858017246585024
regression,19,6,0.10303198321039916,0.10303198321039916
regression,19,7,0.06889348392788973,0.06889348392788973
regression,19,8,0.07005843158299171,0.07005843158299171
regression,19,9,0.015193838174724755,0.015193838174724755
regression,20,0,0.10946356749677343,0.10946356749677343
regression,20,1,0.077443291201323,0.077443291201323
regression,20,2,0.11907635172407997,0.11907635172407997
regression,20,3,0.05571381939535767,0.05571381939535767
regression,20,4,0.02923475449712152,0.02923475449712152
regression,20,5,0.05561119253676215,0.05561119253676215
regression,20,6,0.09605306642568914,0.09605306642568914
regression,20,7,0.05153352876269628,0.05153352876269628
regression,20,8,0.03347933139775407,0.03347933139775407
regression,20,9,0.0535666281173961,0.0535666281173961
regression,21,0,0.31459327134594156,0.1784796186871578
regression,21,1,0.22360215398063232,0.14761191773446095
regression,21,2,0.18084547834710618,0.14998706169442394
regression,21,3,0.20988312148609303,0.18120578642082869
regression,21,4,0.2432422483084943,0.17533406975875762
regression,21,5,0.19792590205248037,0.16342439579353998
regression,21,6,0.17563315155627157,0.029739908109691886
regression,21,7,0.26264961302024753,0.24937013211816605
regression,21,8,0.35113553959051236,0.3088416666978984
regression,21,9,0.2041755273345357,0.13619633801070805
regression,22,0,0.05456829185306796,0.05456829185306796
regression,22,1,0.020492415615459773,0.020492415615459773
regression,22,2,0.06933884842186061,0.06933884842186061
regression,22,3,0.06585015192338037,0.06585015192338037
regression,22,4,0.06669050113593124,0.06669050113593124
regression,22,5,0.052350594339708484,0.052350594339708484
regression,22,6,0.032923984655697014,0.032923984655697014
regression,22,7,0.09774033459124043,0.09774033459124043
regression,22,8,0.15397900326764052,0.15397900326764052
regression,22,9,0.08846914217983844,0.08846914217983844
regression,23,0,0.07398462487868228,0.07398462487868228
regression,23,1,0.07620270370669689,0.07620270370669689
regression,23,2,0.07461577494103314,0.07461577494103314
regression,23,3,0.07642244099910749,0.07642244099910749
regression,23,4,0.06906712776541277,0.06906712776541277
regression,23,5,0.04925701838461381,0.04925701838461381
regression,23,6,0.09040010682571088,0.09040010682571088
regression,23,7,0.037676920237654336,0.037676920237654336
regression,23,8,0.05019976952097708,0.05019976952097708
regression,23,9,0.030779026427567947,0.030779026427567947
regression,24,0,0.017658911962226843,0.017658911962226843
regression,24,1,0.05820575099875316,0.05820575099875316
regression,24,2,0.05087609792387929,0.05087609792387929
regression,24,3,0.05434723032904157,0.05434723032904157
regression,24,4,0.1344014503036849,0.1344014503036849
regression,24,5,0.04908073599852388,0.04908073599852388
regression,24,6,0.09830900837063188,0.09830900837063188
regression,24,7,0.06736088251218711,0.06736088251218711
regression,24,8,0.06064959170847935,0.06064959170847935
regression,24,9,0.08760912020598255,0.08760912020598255
regression,25,0,0.056431188932846085,0.056431188932846085
regression,25,1,0.07258071945199393,0.07258071945199393
regression,25,2,0.05878854221514427,0.05878854221514427
regression,25,3,0.07079662780788655,0.07079662780788655
regression,25,4,0.11953061787039938,0.11953061787039938
regression,25,5,0.09063792928811164,0.09063792928811164
regression,25,6,0.06031669017078126,0.06031669017078126
regression,25,7,0.10121059107272785,0.10121059107272785
regression,25,8,0.09213456737397605,0.09213456737397605
regression,25,9,0.1918234408511563,0.1918234408511563
regression,26,0,0.179575676306597,0.179575676306597
regression,26,1,0.27773676805449043,0.27773676805449043
regression,26,2,0.21308743831537516,0.21308743831537516
regression,26,3,0.1995638715500908,0.1995638715500908
regression,26,4,0.1752613206843079,0.1752613206843079
regression,26,5,0.17651097997813145,0.17651097997813145
regression,26,6,0.3234347011166707,0.3234347011166707
regression,26,7,0.20293799726432027,0.20293799726432027
regression,26,8,0.21183404174264045,0.21183404174264045
regression,26,9,0.2104158516044227,0.2104158516044227
regression,27,0,0.1541967022619988,0.1541967022619988
regression,27,1,0.11600573395522489,0.11600573395522489
regression,27,2,0.110059572210881,0.110059572210881
regression,27,3,0.11562092149126173,0.11562092149126173
regression,27,4,0.1488519941654361,0.1488519941654361
regression,27,5,0.12511732413221205,0.12511732413221205
regression,27,6,0.10165228109898332,0.10165228109898332
regression,27,7,0.12070824881659639,0.12070824881659639
regression,27,8,0.11348168152024586,0.11348168152024586
regression,27,9,0.13621915006458635,0.13621915006458635
regression,28,0,0.07522457514507026,0.07522457514507026
regression,28,1,0.08094700616679869,0.08148033950013203
regression,28,2,0.08248785875921939,0.08248785875921939
regression,28,3,0.04183751742191673,0.04183751742191673
regression,28,4,0.05504933916687482,0.055582672500208145
regression,28,5,0.06123301558756142,0.06176634892089474
regression,28,6,0.0716899686666274,0.07222330199996073
regression,28,7,0.08292473109054845,0.08345806442388176
regression,28,8,0.06040677630907517,0.06040677630907517
regression,28,9,0.03594835283487236,0.03594835283487236
regression,29,0,0.41502657583971864,0.5865515663013187
regression,29,1,0.5278872587893134,0.7130449035326372
regression,29,2,0.24646409111587814,0.4158363371384427
regression,29,3,0.2410615221911174,0.46618571301720235
regression,29,4,0.5285009012701564,0.6688657336313205
regression,29,5,0.3245138302761393,0.513412854656534
regression,29,6,0.40415820876240655,0.573618208180854
regression,29,7,0.1040398276120943,0.30303883312310037
regression,29,8,0.1978135710478755,0.3795129414109627
regression,29,9,0.3420364045450084,0.5450144745617191
regression,30,0,0.08235971675798098,0.08235971675798098
regression,30,1,0.030249873171653854,0.030249873171653854
regression,30,2,0.03182016331747724,0.03182016331747724
regression,30,3,0.03146698538737811,0.03146698538737811
regression,30,4,0.07339576962100831,0.07339576962100831
regression,30,5,0.04488164897912745,0.04488164897912745
regression,30,6,0.043799980914226676,0.043799980914226676
regression,30,7,0.10949766692022896,0.10949766692022896
regression,30,8,0.17042216916800262,0.17042216916800262
regression,30,9,0.04771179641439007,0.04771179641439007
regression,31,0,0.0518716408843979,0.050070289847956743
regression,31,1,0.06665123826174421,0.06665123826174421
regression,31,2,0.05383605724031811,0.05383605724031811
regression,31,3,0.06147673029412853,0.05787402822124622
regression,31,4,0.0861199726585646,0.0861199726585646
regression,31,5,0.05110870360383561,0.049307352567394463
regression,31,6,0.030760950541419318,0.03256230157786047
regression,31,7,0.03818950474773299,0.03818950474773299
regression,31,8,0.005102328172064941,0.005102328172064941
regression,31,9,0.06280724872362022,0.06280724872362022
regression,32,0,0.06502583862767175,0.06502583862767175
regression,32,1,0.0853654364309498,0.0853654364309498
regression,32,2,0.11799955897314923,0.11799955897314923
regression,32,3,0.05677386147663192,0.05677386147663192
regression,32,4,0.11694912897101022,0.11694912897101022
regression,32,5,0.03385585946223612,0.03385585946223612
regression,32,6,0.10054765398548116,0.10054765398548116
regression,32,7,0.060216236826451906,0.060216236826451906
regression,32,8,0.08126574348524646,0.08126574348524646
regression,32,9,0.04787299326191094,0.04787299326191094
regression,33,0,0.024613824261466945,0.024613824261466945
regression,33,1,0.037093390237771424,0.037093390237771424
regression,33,2,0.02560426324035617,0.02560426324035617
regression,33,3,0.0732621524914941,0.0732621524914941
regression,33,4,0.037706645461176545,0.037706645461176545
regression,33,5,0.003652500871353263,0.003652500871353263
regression,33,6,0.04479254642126284,0.04479254642126284
regression,33,7,0.06363884446962349,0.06363884446962349
regression,33,8,0.05478455813187882,0.05478455813187882
regression,33,9,0.033923336114362566,0.033923336114362566
regression,34,0,-0.003150984541299599,-0.003150984541299599
regression,34,1,0.051556207072528636,0.051556207072528636
regression,34,2,0.017568594286025842,0.017568594286025842
regression,34,3,0.0924919393421298,0.0924919393421298
regression,34,4,0.08916914464301962,0.08916914464301962
regression,34,5,0.024707755389584866,0.024707755389584866
regression,34,6,0.04467696775894341,0.04467696775894341
regression,34,7,0.1278499334342554,0.1278499334342554
regression,34,8,0.15693978221631733,0.15693978221631733
regression,34,9,0.10185995584647829,0.10185995584647829
regression,35,0,0.07687625211091426,0.07687625211091426
regression,35,1,0.023261042219042273,0.023261042219042273
regression,35,2,0.12082070760882371,0.12082070760882371
regression,35,3,0.035596167212030794,0.035596167212030794
regression,35,4,0.08435993231437064,0.08435993231437064
regression,35,5,0.09762912119759645,0.09762912119759645
regression,35,6,0.10699908362346515,0.10699908362346515
regression,35,7,0.06544165371000674,0.06544165371000674
regression,35,8,0.06546062684323763,0.06546062684323763
regression,35,9,0.038363611119520226,0.038363611119520226
regression,36,0,0.05864890347284079,0.05864890347284079
regression,36,1,0.06663011747122222,0.06663011747122222
regression,36,2,0.10360291226667834,0.10360291226667834
regression,36,3,0.08740699911144373,0.08740699911144373
regression,36,4,0.07675526524492775,0.07675526524492775
regression,36,5,0.08803122128336764,0.08803122128336764
regression,36,6,0.05554799486785013,0.05554799486785013
regression,36,7,0.11161517732684131,0.11161517732684131
regression,36,8,0.08852453205757681,0.08852453205757681
regression,36,9,0.01976701920995551,0.01976701920995551
regression,37,0,0.2762894168004218,0.42096075321579546
regression,37,1,0.14939926792378055,0.24843189511775027
regression,37,2,0.19659489185636364,0.33240473645964597
regression,37,3,0.049736595751779994,0.17792849848733155
regression,37,4,0.1361543808168998,0.32002124523923264
regression,37,5,0.15689233515248419,0.3166491957431781
regression,37,6,0.12111396577018828,0.31773531717351117
regression,37,7,0.17093071736862314,0.3242550094191427
regression,37,8,0.19181542039378346,0.3333669770649132
regression,37,9,0.01508904271261604,0.1867718622342664
regression,38,0,0.04927941105537303,0.04927941105537303
regression,38,1,0.0750874665403419,0.0750874665403419
regression,38,2,0.08320685739536858,0.08320685739536858
regression,38,3,0.06310556607774111,0.06310556607774111
regression,38,4,0.051123159600645555,0.051123159600645555
regression,38,5,0.07099258602445424,0.07099258602445424
regression,38,6,0.05864716402030408,0.05864716402030408
regression,38,7,0.0826883544027031,0.0826883544027031
regression,38,8,0.10784108348135524,0.10784108348135524
regression,38,9,0.019408816015915657,0.019408816015915657
regression,39,0,0.079116234361692,0.079116234361692
regression,39,1,0.05720070874307359,0.05720070874307359
regression,39,2,0.12032643432536974,0.12032643432536974
regression,39,3,0.042509701790295944,0.042509701790295944
regression,39,4,0.11488039401710379,0.11488039401710379
regression,39,5,0.09603200643221114,0.09603200643221114
regression,39,6,0.057202431688488944,0.057202431688488944
regression,39,7,0.07560240339834326,0.07560240339834326
regression,39,8,0.08777749927724149,0.08777749927724149
regression,39,9,0.034259151851738404,0.034259151851738404
regression,40,0,0.09065401557316485,0.09065401557316485
regression,40,1,0.08274869180542517,0.08274869180542517
regression,40,2,0.053570228831736795,0.053570228831736795
regression,40,3,0.1259065774592466,0.1259065774592466
regression,40,4,0.05052422139401338,0.05052422139401338
regression,40,5,0.025410185177774325,0.025410185177774325
regression,40,6,0.08226892134877474,0.08226892134877474
regression,40,7,0.03764240352915304,0.03764240352915304
regression,40,8,0.03080521892407025,0.03080521892407025
regression,40,9,0.02820041774755992,0.02820041774755992
regression,41,0,0.04964935956981903,0.04964935956981903
regression,41,1,0.03006887266152912,0.03006887266152912
regression,41,2,0.0823184588583847,0.0823184588583847
regression,41,3,0.014119697785569046,0.014119697785569046
regression,41,4,0.07570484669486278,0.07570484669486278
regression,41,5,0.044768443803037065,0.044768443803037065
regression,41,6,0.07038784040372247,0.07038784040372247
regression,41,7,0.057869921794546156,0.057869921794546156
regression,41,8,0.04635122040029503,0.04635122040029503
regression,41,9,0.038471922086776834,0.038471922086776834
regression,42,0,0.06605784845340829,0.06605784845340829
regression,42,1,0.05575197469431084,0.05575197469431084
regression,42,2,0.02627582309885769,0.02627582309885769
regression,42,3,0.0625691733812315,0.06391695675715955
regression,42,4,0.10043380314383135,0.10043380314383135
regression,42,5,0.012422819081375613,0.012422819081375613
regression,42,6,0.07611998517100788,0.07611998517100788
regression,42,7,0.058835662031291175,0.058835662031291175
regression,42,8,0.05550507232892357,0.05550507232892357
regression,42,9,0.10655461435660613,0.10655461435660613
regression,43,0,0.06515492798641886,0.06515492798641886
regression,43,1,0.06331214677444835,0.06331214677444835
regression,43,2,0.05781177041166621,0.05781177041166621
regression,43,3,0.1045164700111021,0.1045164700111021
regression,43,4,0.07396109897578364,0.07396109897578364
regression,43,5,0.07221396018057258,0.07221396018057258
regression,43,6,0.12010882647425504,0.12010882647425504
regression,43,7,0.0021357022492107447,0.0021357022492107447
regression,43,8,0.030390713232924586,0.030390713232924586
regression,43,9,0.04867457495595631,0.04867457495595631
regression,44,0,0.08201984135949333,0.08201984135949333
regression,44,1,0.09493974875194383,0.09493974875194383
regression,44,2,0.05446188478561782,0.05446188478561782
regression,44,3,0.02616450063776307,0.02616450063776307
regression,44,4,0.04002340830463156,0.04002340830463156
regression,44,5,0.11330567257799846,0.11330567257799846
regression,44,6,0.058437766835943185,0.058437766835943185
regression,44,7,0.004775419902773071,0.004775419902773071
regression,44,8,0.05228926182718331,0.05228926182718331
regression,44,9,0.014354790001604107,0.014354790001604107
regression,45,0,0.07188324021695097,0.07188324021695097
regression,45,1,0.08986601293587287,0.09026601293587289
regression,45,2,0.0638848134683279,0.0638848134683279
regression,45,3,0.07275997754663369,0.07275997754663369
regression,45,4,0.01193519172584266,0.012335191725842657
regression,45,5,0.08036825241375561,0.08036825241375561
regression,45,6,0.044952772174885976,0.04535277217488597
regression,45,7,0.03532279923655497,0.03532279923655497
regression,45,8,0.05445485985295962,0.05485485985295962
regression,45,9,0.05661113607297031,0.057011136072970314
regression,46,0,0.05363830386139462,0.05363830386139462
regression,46,1,0.07055160195535012,0.07055160195535012
regression,46,2,0.03115960885885333,0.03115960885885333
regression,46,3,0.08661577042720414,0.08661577042720414
regression,46,4,0.07953518816373735,0.07953518816373735
regression,46,5,0.08765175385778783,0.08765175385778783
regression,46,6,0.10620505968611214,0.10620505968611214
regression,46,7,0.06852010391097699,0.06852010391097699
regression,46,8,0.04404734198954992,0.04404734198954992
regression,46,9,0.006864551032158902,0.006864551032158902
regression,47,0,0.03164150477407234,0.034500197413346416
regression,47,1,0.1057622577860892,0.10681959938892213
regression,47,2,0.03448258009611197,0.03448258009611197
regression,47,3,0.02674555082884611,0.02674555082884611
regression,47,4,0.1192407544778196,0.1192407544778196
regression,47,5,0.05274428649039678,0.05274428649039678
regression,47,6,0.05982842393776656,0.05982842393776656
regression,47,7,0.07430506253002488,0.07430506253002488
regression,47,8,0.047732814334229386,0.047732814334229386
regression,47,9,0.05895754620180136,0.05895754620180136
regression,48,0,0.08842222088973473,0.08842222088973473
regression,48,1,0.1095604221904892,0.1095604221904892
regression,48,2,0.06664014798240243,0.06664014798240243
regression,48,3,0.03402305376482292,0.03402305376482292
regression,48,4,0.06355600531032411,0.06355600531032411
regression,48,5,0.06082579942395273,0.06082579942395273
regression,48,6,0.07340851398635219,0.07340851398635219
regression,48,7,0.1257284382713088,0.1257284382713088
regression,48,8,0.03600344606498046,0.03600344606498046
regression,48,9,0.09722222194916662,0.09722222194916662
regression,49,0,0.06550664466584871,0.06550664466584871
regression,49,1,0.06434223673231158,0.06434223673231158
regression,49,2,0.0380338979719394,0.0380338979719394
regression,49,3,0.0866884866214759,0.0866884866214759
regression,49,4,0.024994728245462217,0.024994728245462217
regression,49,5,0.06905554622281315,0.06905554622281315
regression,49,6,0.07347905982974598,0.07347905982974598
regression,49,7,0.015528696836438207,0.015528696836438207
regression,49,8,0.05536206477466177,0.05536206477466177
regression,49,9,0.05868794036598654,0.05868794036598654
regression,50,0,0.0734160770652056,0.0734160770652056
regression,50,1,0.06283450600974144,0.06283450600974144
regression,50,2,0.04840329253655962,0.04840329253655962
regression,50,3,0.0850866339715116,0.0850866339715116
regression,50,4,0.06821001118096101,0.06821001118096101
regression,50,5,0.08531697824199133,0.08531697824199133
regression,50,6,0.05016285174463438,0.05016285174463438
regression,50,7,0.10381371084625461,0.10381371084625461
regression,50,8,0.11332972954376273,0.11332972954376273
regression,50,9,0.037538540478369485,0.037538540478369485
regression,51,0,0.09560277463425254,0.09560277463425254
regression,51,1,0.064550233501144,0.064550233501144
regression,51,2,0.023789039657363637,0.023789039657363637
regression,51,3,0.006630276986802961,0.006630276986802961
regression,51,4,0.06565531134629926,0.06565531134629926
regression,51,5,0.07131309463566256,0.07131309463566256
regression,51,6,0.06852779030313826,0.06852779030313826
regression,51,7,0.03581026563931033,0.03581026563931033
regression,51,8,0.12502412054791914,0.12502412054791914
regression,51,9,0.09799227831689195,0.09799227831689195
regression,52,0,0.07682941741503901,0.07682941741503901
regression,52,1,0.04650575434414918,0.04650575434414918
regression,52,2,0.10267495292144721,0.10267495292144721
regression,52,3,0.08544219683657238,0.08544219683657238
regression,52,4,0.030514669413508624,0.030514669413508624
regression,52,5,0.11212455957003194,0.11212455957003194
regression,52,6,0.1206886408930566,0.1206886408930566
regression,52,7,0.05529098013972051,0.05529098013972051
regression,52,8,0.0502996684843197,0.0502996684843197
regression,52,9,0.0428363667753625,0.0428363667753625
regression,53,0,0.030262763970404637,0.030262763970404637
regression,53,1,0.06830731242603072,0.06830731242603072
regression,53,2,0.03554671136710097,0.03554671136710097
regression,53,3,0.08271786300053945,0.08271786300053945
regression,53,4,0.10025130668694121,0.10025130668694121
regression,53,5,0.05740369632481876,0.05740369632481876
regression,53,6,0.034074981245635544,0.034074981245635544
regression,53,7,0.058220977006955485,0.058220977006955485
regression,53,8,0.11537018160982493,0.11537018160982493
regression,53,9,0.11803847913191184,0.11803847913191184
regression,54,0,0.12335234137719456,0.12335234137719456
regression,54,1,0.05085036073269727,0.05085036073269727
regression,54,2,0.14302863878849736,0.14302863878849736
regression,54,3,0.10580957828638737,0.10580957828638737
regression,54,4,0.12583089354613705,0.12583089354613705
regression,54,5,0.10958062829506128,0.10958062829506128
regression,54,6,0.09352440638340315,0.09352440638340315
regression,54,7,0.04357837102096343,0.04357837102096343
regression,54,8,0.06173131828975566,0.06173131828975566
regression,54,9,0.09257420435574311,0.09257420435574311
regression,55,0,0.03334091476944559,0.03334091476944559
regression,55,1,0.08211784556103151,0.08211784556103151
regression,55,2,0.05334638712308199,0.05334638712308199
regression,55,3,0.07328490773533283,0.07328490773533283
regression,55,4,0.10057898628833474,0.10057898628833474
regression,55,5,0.08509475295397839,0.08509475295397839
regression,55,6,0.03200316382966405,0.03200316382966405
regression,55,7,0.05565647073444533,0.05565647073444533
regression,55,8,0.07407336890317227,0.07407336890317227
regression,55,9,0.148275718907715,0.148275718907715
regression,56,0,0.10400124188878207,0.10400124188878207
regression,56,1,0.10468813692453786,0.10468813692453786
regression,56,2,0.061837320045057174,0.061837320045057174
regression,56,3,0.07384614745032696,0.07384614745032696
regression,56,4,0.05362629807734767,0.05362629807734767
regression,56,5,0.04629467991386121,0.04629467991386121
regression,56,6,0.02193723806840659,0.02193723806840659
regression,56,7,0.05807393739897836,0.05807393739897836
regression,56,8,0.049753702216812544,0.049753702216812544
regression,56,9,0.08094868454977096,0.08094868454977096
regression,57,0,0.05036958426276598,0.05036958426276598
regression,57,1,0.047694787935561894,0.047694787935561894
regression,57,2,0.12657164944844124,0.12657164944844124
regression,57,3,0.039870025908000685,0.039870025908000685
regression,57,4,0.07035708844430998,0.07035708844430998
regression,57,5,0.07067063246707013,0.07067063246707013
regression,57,6,0.09303695491181659,0.09303695491181659
regression,57,7,0.028113594887844016,0.028113594887844016
regression,57,8,0.05058892571552143,0.05058892571552143
regression,57,9,0.013133586450301209,0.013133586450301209
regression,58,0,0.41881394640841874,0.6086610656345328
regression,58,1,0.4813841380898595,0.6287768161421774
regression,58,2,0.30321195504144544,0.49375053277314246
regression,58,3,0.29413347891049907,0.4545938337432995
regression,58,4,0.22323282993857352,0.43544696031572566
regression,58,5,0.3059957532807019,0.4611749016633838
regression,58,6,0.36562266043737757,0.5585909971184594
regression,58,7,0.31415111178439625,0.46318868692967724
regression,58,8,0.5368677059508081,0.5892533487702932
regression,58,9,0.39021324871932106,0.5774584461882771
regression,59,0,0.060641587189459556,0.060641587189459556
regression,59,1,0.051647280784093974,0.051647280784093974
regression,59,2,0.025722292822966838,0.025722292822966838
regression,59,3,0.05531133454673345,0.05531133454673345
regression,59,4,0.08013318987225944,0.08013318987225944
regression,59,5,0.046053255387063126,0.046053255387063126
regression,59,6,0.10178965841275738,0.10178965841275738
regression,59,7,0.11788592445997163,0.11788592445997163
regression,59,8,0.055738949999019335,0.055738949999019335
regression,59,9,0.05087426295581209,0.05087426295581209
regression,60,0,0.06789517314485784,0.06789517314485784
regression,60,1,0.10727566493788471,0.10727566493788471
regression,60,2,0.05394498848043545,0.05394498848043545
regression,60,3,0.08331030582988272,0.08331030582988272
regression,60,4,0.12170008602322244,0.12170008602322244
regression,60,5,0.06101515792185147,0.06101515792185147
regression,60,6,0.09488805441097468,0.09488805441097468
regression,60,7,0.06156689708225534,0.06156689708225534
regression,60,8,0.13462342194468183,0.13462342194468183
regression,60,9,0.10519627612175375,0.10519627612175375
regression,61,0,0.03727774203631122,0.03727774203631122
regression,61,1,0.04550274592300681,0.04550274592300681
regression,61,2,0.027437732931046017,0.027437732931046017
regression,61,3,0.09706705191612883,0.09706705191612883
regression,61,4,0.07796230247562648,0.07796230247562648
regression,61,5,0.07384875783730822,0.07384875783730822
regression,61,6,0.10912220709284076,0.10912220709284076
regression,61,7,0.05171569670376623,0.05171569670376623
regression,61,8,0.033215720422756674,0.033215720422756674
regression,61,9,0.057375996247513744,0.057375996247513744
regression,62,0,0.4411470651216922,0.6302108968912683
regression,62,1,0.4510240356348245,0.5614858429463513
regression,62,2,0.21818007948429416,0.40407071173893694
regression,62,3,0.25920931872917785,0.5008968995181763
regression,62,4,0.4547366593462644,0.5938440005385499
regression,62,5,0.4821389566029277,0.6277396067015322
regression,62,6,0.49967172867473303,0.6239786205570005
regression,62,7,0.45728813444782324,0.6595474041080759
regression,62,8,0.5029789783584969,0.701869766778377
regression,62,9,0.35437575225346457,0.49789803680527833
regression,63,0,0.05975339922477516,0.05975339922477516
regression,63,1,0.11382453268954185,0.11382453268954185
regression,63,2,0.09991176887301657,0.09991176887301657
regression,63,3,0.047841596335835075,0.047841596335835075
regression,63,4,0.03718914631133359,0.03718914631133359
regression,63,5,0.06508249382227135,0.06508249382227135
regression,63,6,0.09031124077413115,0.09031124077413115
regression,63,7,0.03449723736563807,0.03449723736563807
regression,63,8,0.06408083017192841,0.06408083017192841
regression,63,9,0.0707819229647541,0.0707819229647541
regression,64,0,0.0651473552393108,0.3555877271853589
regression,64,1,0.04015054930338431,0.35185333413966674
regression,64,2,0.00918408239643782,0.32392625172927764
regression,64,3,0.052336111752259384,0.3528123563446199
regression,64,4,0.05531365344183591,0.33796901690240627
regression,64,5,0.018090467987177904,0.318445929798476
regression,64,6,0.024376339492570644,0.3362072652581113
regression,64,7,0.02787266199370986,0.3323820930692214
regression,64,8,0.05566270171892429,0.35665718411743597
regression,64,9,0.03595645028720016,0.3294886446481751
regression,65,0,0.13673657471098774,0.13673657471098774
regression,65,1,0.09743317156900325,0.09743317156900325
regression,65,2,0.09641845561982543,0.09641845561982543
regression,65,3,0.13918365017016146,0.13918365017016146
regression,65,4,0.1572368456748728,0.1572368456748728
regression,65,5,0.1297456765577099,0.1297456765577099
regression,65,6,0.17566179591797354,0.17566179591797354
regression,65,7,0.1112074903102498,0.1112074903102498
regression,65,8,0.07422591624191932,0.07422591624191932
regression,65,9,0.11721981692934196,0.11721981692934196
regression,66,0,0.048857732642236036,0.048857732642236036
regression,66,1,0.065755110449435,0.065755110449435
regression,66,2,0.07938099980691886,0.07938099980691886
regression,66,3,0.07723719633795294,0.07723719633795294
regression,66,4,0.06990568121258273,0.06990568121258273
regression,66,5,0.06438861266506332,0.06438861266506332
regression,66,6,0.07278149678373362,0.07278149678373362
regression,66,7,0.0527805790581155,0.0527805790581155
regression,66,8,0.11328412061769995,0.11328412061769995
regression,66,9,0.02536658958989572,0.02536658958989572
regression,67,0,0.10346507248526289,0.10346507248526289
regression,67,1,0.10566610775412597,0.10566610775412597
regression,67,2,0.08226749340798292,0.08226749340798292
regression,67,3,0.05723363575511928,0.05723363575511928
regression,67,4,0.08071253911744193,0.08071253911744193
regression,67,5,0.08850628102834733,0.08850628102834733
regression,67,6,0.0614894618719647,0.0614894618719647
regression,67,7,0.0483149361607407,0.0483149361607407
regression,67,8,0.06899632734838534,0.06899632734838534
regression,67,9,0.11736161853214053,0.11736161853214053
regression,68,0,0.0639025191043666,0.0639025191043666
regression,68,1,0.10099698417555554,0.10099698417555554
regression,68,2,0.07238244112266073,0.07238244112266073
regression,68,3,0.0871723765820001,0.0871723765820001
regression,68,4,0.04060244926571584,0.04060244926571584
regression,68,5,0.028398128099607085,0.028398128099607085
regression,68,6,0.018819636286369647,0.018819636286369647
regression,68,7,0.03933844965672512,0.03933844965672512
regression,68,8,0.06981423660471073,0.06981423660471073
regression,68,9,0.027625007795886947,0.027625007795886947
regression,69,0,0.06433346054362134,0.06433346054362134
regression,69,1,0.1292718412824352,0.1292718412824352
regression,69,2,0.10266439724757118,0.10266439724757118
regression,69,3,0.11763490125493622,0.11763490125493622
regression,69,4,0.09330233712721751,0.09330233712721751
regression,69,5,0.01105571462356253,0.01105571462356253
regression,69,6,0.054771764566833574,0.054771764566833574
regression,69,7,0.05174655638804924,0.05174655638804924
regression,69,8,0.09332884375880872,0.09332884375880872
regression,69,9,0.07182299718699739,0.07182299718699739
regression,70,0,0.08620290327131076,0.08620290327131076
regression,70,1,0.14609360855377665,0.14609360855377665
regression,70,2,0.08520377048505279,0.08520377048505279
regression,70,3,0.08800817665259239,0.08800817665259239
regression,70,4,0.06778371295520036,0.06778371295520036
regression,70,5,0.10663661557844835,0.10663661557844835
regression,70,6,0.13605956020330295,0.13605956020330295
regression,70,7,0.10555531438106207,0.10555531438106207
regression,70,8,0.04187980913899633,0.04187980913899633
regression,70,9,0.16022518647744352,0.16022518647744352
regression,71,0,0.060266310228048625,0.060266310228048625
regression,71,1,0.0079781219756554,0.0079781219756554
regression,71,2,0.051631971999505935,0.051631971999505935
regression,71,3,0.06785854998288877,0.06785854998288877
regression,71,4,0.07228123931487886,0.07228123931487886
regression,71,5,0.029982611966024048,0.029982611966024048
regression,71,6,0.035043366150850665,0.035043366150850665
regression,71,7,0.01260243076731737,0.01260243076731737
regression,71,8,0.08459067130174577,0.08459067130174577
regression,71,9,0.054356631748117445,0.054356631748117445
regression,72,0,0.026995516742586052,0.026995516742586052
regression,72,1,0.0715641581076642,0.0715641581076642
regression,72,2,0.0782079354106331,0.0782079354106331
regression,72,3,0.09074344679112069,0.09074344679112069
regression,72,4,0.07382643015355281,0.07382643015355281
regression,72,5,0.04503600931282621,0.04503600931282621
regression,72,6,0.10939940783497003,0.10939940783497003
regression,72,7,0.06619300432903384,0.06619300432903384
regression,72,8,0.054420143690646794,0.054420143690646794
regression,72,9,0.1001010429700596,0.1001010429700596
regression,73,0,0.09275547405587205,0.09275547405587205
regression,73,1,0.057860569754741804,0.057860569754741804
regression,73,2,0.14665795660911315,0.14665795660911315
regression,73,3,0.06315328029427097,0.06315328029427097
regression,73,4,0.11241159196197799,0.11241159196197799
regression,73,5,0.09779133276796816,0.09779133276796816
regression,73,6,0.0853814941396607,0.0853814941396607
regression,73,7,0.09719002687348084,0.09719002687348084
regression,73,8,0.14417960762673246,0.14417960762673246
regression,73,9,0.11535344702098338,0.11535344702098338
regression,74,0,0.08167884606765842,0.08167884606765842
regression,74,1,0.038747247036552454,0.038747247036552454
regression,74,2,0.03272626721888546,0.03272626721888546
regression,74,3,0.0386092330576475,0.0386092330576475
regression,74,4,0.08661786130256222,0.08661786130256222
regression,74,5,0.06474852276701362,0.06474852276701362
regression,74,6,0.06261660474469706,0.06261660474469706
regression,74,7,0.045961891824840236,0.045961891824840236
regression,74,8,0.09257508185487619,0.09257508185487619
regression,74,9,0.054969189890090815,0.054969189890090815
regression,75,0,0.10699159969930987,0.10699159969930987
regression,75,1,0.09319975036718506,0.09319975036718506
regression,75,2,0.1333989013421967,0.1333989013421967
regression,75,3,0.07179731782662004,0.07179731782662004
regression,75,4,0.11783318628101817,0.11783318628101817
regression,75,5,0.10536271675769583,0.10536271675769583
regression,75,6,0.07156259334591991,0.07156259334591991
regression,75,7,0.05271055224788538,0.05271055224788538
regression,75,8,0.10911495997454944,0.10911495997454944
regression,75,9,0.09976228508979068,0.09976228508979068
regression,76,0,0.06381827634289891,0.06381827634289891
regression,76,1,0.11172058395118162,0.11172058395118162
regression,76,2,0.04499704533083943,0.04499704533083943
regression,76,3,0.03768762750357623,0.03768762750357623
regression,76,4,0.05965982325536066,0.05965982325536066
regression,76,5,0.03548505319196273,0.03548505319196273
regression,76,6,0.12613604648354518,0.12613604648354518
regression,76,7,0.047614648790689225,0.047614648790689225
regression,76,8,0.026510394823164914,0.026510394823164914
regression,76,9,0.05969557457806918,0.05969557457806918
regression,77,0,0.039839753685625576,0.0403748906666136
regression,77,1,0.05450386580931628,0.05450386580931628
regression,77,2,0.05367022102999732,0.054205358010985354
regression,77,3,0.01689243726826545,0.01742757424925348
regression,77,4,0.0668794493425751,0.06741458632356313
regression,77,5,0.10138740496372668,0.10138740496372668
regression,77,6,0.03614657560909011,0.03614657560909011
regression,77,7,0.0687856077195179,0.06932074470050593
regression,77,8,0.030674486148094284,0.030674486148094284
regression,77,9,0.04510603952313987,0.04744252754056906
regression,78,0,0.03759958725529079,0.03759958725529079
regression,78,1,0.07017041835426807,0.07017041835426807
regression,78,2,0.03810128876533908,0.03943462209867242
regression,78,3,0.03241409686783014,0.03241409686783014
regression,78,4,0.06177660535967958,0.06177660535967958
regression,78,5,0.07044180243520541,0.07044180243520541
regression,78,6,0.04507555367545159,0.04640888700878493
regression,78,7,0.08389732388530059,0.08389732388530059
regression,78,8,0.07639644081399383,0.07772977414732717
regression,78,9,0.01974637407017405,0.01974637407017405
regression,79,0,0.18042997267076163,0.18042997267076163
regression,79,1,0.11135482619062856,0.11135482619062856
regression,79,2,0.0649575199277416,0.0649575199277416
regression,79,3,0.07327336548310755,0.07327336548310755
regression,79,4,0.11968529934147724,0.11968529934147724
regression,79,5,0.12038774334063275,0.12038774334063275
regression,79,6,0.1253078406968049,0.1253078406968049
regression,79,7,0.06444496110930445,0.06444496110930445
regression,79,8,0.1413268443214859,0.1413268443214859
regression,79,9,0.11849442541539086,0.11849442541539086
regression,80,0,0.08258484649362897,0.08258484649362897
regression,80,1,0.04025533926522021,0.04025533926522021
regression,80,2,0.0726888983744918,0.0726888983744918
regression,80,3,0.029803870924448497,0.029803870924448497
regression,80,4,0.04775055482195831,0.04775055482195831
regression,80,5,0.06294495000908484,0.06294495000908484
regression,80,6,0.1268731952912332,0.1268731952912332
regression,80,7,0.1305110435639987,0.1305110435639987
regression,80,8,0.05133816136765852,0.05133816136765852
regression,80,9,0.053340863440540835,0.053340863440540835
regression,81,0,0.06264990412758366,0.06264990412758366
regression,81,1,0.06449831954195846,0.06449831954195846
regression,81,2,0.08976628507691445,0.08976628507691445
regression,81,3,0.06880486852454132,0.06880486852454132
regression,81,4,0.04710417080960753,0.04710417080960753
regression,81,5,0.0693583745507355,0.0693583745507355
regression,81,6,0.12834871055140942,0.12834871055140942
regression,81,7,0.1139369940522982,0.1139369940522982
regression,81,8,0.03956611727146843,0.03956611727146843
regression,81,9,0.04845832863150521,0.04845832863150521
regression,82,0,0.08639914383922563,0.08639914383922563
regression,82,1,0.05289963407641243,0.05289963407641243
regression,82,2,0.03952487319886327,0.03952487319886327
regression,82,3,0.018372477792617522,0.018372477792617522
regression,82,4,0.09699640640694093,0.09699640640694093
regression,82,5,0.003892114522404325,0.003892114522404325
regression,82,6,0.043750195062321556,0.043750195062321556
regression,82,7,0.021143427868073994,0.021143427868073994
regression,82,8,0.06764402230859501,0.06764402230859501
regression,82,9,0.07250263331387377,0.07250263331387377
regression,83,0,0.12146851779290557,0.12146851779290557
regression,83,1,0.09290317084806035,0.09290317084806035
regression,83,2,0.11789083880451273,0.11789083880451273
regression,83,3,0.16089382706296965,0.16089382706296965
regression,83,4,0.0634511145588889,0.0634511145588889
regression,83,5,0.043029308502617804,0.043029308502617804
regression,83,6,0.07777336672104102,0.07777336672104102
regression,83,7,0.13376813842438584,0.13376813842438584
regression,83,8,0.101047918120932,0.101047918120932
regression,83,9,0.08594630270937195,0.08594630270937195
regression,84,0,0.14826664199359083,0.14826664199359083
regression,84,1,0.07909610927253584,0.07909610927253584
regression,84,2,0.06853519127433695,0.06853519127433695
regression,84,3,0.032469303421165566,0.032469303421165566
regression,84,4,0.011684010358999733,0.011684010358999733
regression,84,5,0.03346632437965279,0.03346632437965279
regression,84,6,0.10285232215732265,0.10285232215732265
regression,84,7,0.03684879582470391,0.03684879582470391
regression,84,8,0.06468630838492148,0.06468630838492148
regression,84,9,0.0868112826795603,0.0868112826795603
regression,85,0,0.0815957780106106,0.0815957780106106
regression,85,1,0.12542360045980228,0.12542360045980228
regression,85,2,0.10483756074185119,0.10483756074185119
regression,85,3,0.07017022952329434,0.07017022952329434
regression,85,4,0.13393839475759275,0.13393839475759275
regression,85,5,0.09937421798162978,0.09937421798162978
regression,85,6,0.10137037815948724,0.10137037815948724
regression,85,7,0.07982728307465088,0.07982728307465088
regression,85,8,0.13401293498163522,0.13401293498163522
regression,85,9,0.06881961581475529,0.06881961581475529
regression,86,0,0.1297930963396099,0.1297930963396099
regression,86,1,0.12255026588683006,0.12255026588683006
regression,86,2,0.04382510518319095,0.04382510518319095
regression,86,3,0.05275458149414915,0.05275458149414915
regression,86,4,0.016346342971881,0.016346342971881
regression,86,5,0.04209875741002957,0.04209875741002957
regression,86,6,0.05286256385226333,0.05286256385226333
regression,86,7,0.039949144938668496,0.039949144938668496
regression,86,8,0.09546227221218767,0.09546227221218767
regression,86,9,0.09216552924503268,0.09216552924503268
regression,87,0,0.08454833974220285,0.08454833974220285
regression,87,1,0.06207519603488404,0.06207519603488404
regression,87,2,0.06922932863560857,0.06922932863560857
regression,87,3,0.07942609078699704,0.07942609078699704
regression,87,4,0.10243312497443723,0.10243312497443723
regression,87,5,0.11311510098882062,0.11311510098882062
regression,87,6,0.039255267644614594,0.039255267644614594
regression,87,7,0.051092980414005514,0.051092980414005514
regression,87,8,0.11288789641689073,0.11288789641689073
regression,87,9,0.08753775823871741,0.08753775823871741
regression,88,0,0.08979068264706024,0.08979068264706024
regression,88,1,0.11831170868967376,0.11831170868967376
regression,88,2,0.07430715179943033,0.07430715179943033
regression,88,3,0.06213629131342807,0.06213629131342807
regression,88,4,0.07377922261868207,0.07377922261868207
regression,88,5,0.072613920451219,0.072613920451219
regression,88,6,0.11683611829602905,0.11683611829602905
regression,88,7,0.07802560795467214,0.07802560795467214
regression,88,8,0.0354490541019075,0.0354490541019075
regression,88,9,0.060564639404125854,0.060564639404125854
regression,89,0,0.04440062114663455,0.04440062114663455
regression,89,1,0.0341112316775605,0.0341112316775605
regression,89,2,0.05355360110195022,0.05355360110195022
regression,89,3,0.040434239474643086,0.040434239474643086
regression,89,4,0.05475050404164027,0.05475050404164027
regression,89,5,0.05575169025696867,0.05575169025696867
regression,89,6,0.0311884305270548,0.0311884305270548
regression,89,7,0.06268340564085809,0.06268340564085809
regression,89,8,0.08675691077554455,0.08675691077554455
regression,89,9,0.05365683664155943,0.05365683664155943
regression,90,0,0.1037564421864762,0.1037564421864762
regression,90,1,0.05114348563807733,0.05114348563807733
regression,90,2,0.07782123402782352,0.07782123402782352
regression,90,3,0.055491933824345425,0.055491933824345425
regression,90,4,0.052645517791390685,0.052645517791390685
regression,90,5,0.05239778652001436,0.05239778652001436
regression,90,6,0.0814672463607834,0.0814672463607834
regression,90,7,0.08679887749624342,0.08679887749624342
regression,90,8,0.04553386955957849,0.04553386955957849
regression,90,9,0.07680470054322162,0.07680470054322162
regression,91,0,0.04163248757836572,0.04163248757836572
regression,91,1,0.08614744706623675,0.08614744706623675
regression,91,2,0.05300756526612742,0.05300756526612742
regression,91,3,0.05164676386378883,0.05164676386378883
regression,91,4,0.048500244727427436,0.048500244727427436
regression,91,5,0.022442985125810586,0.022442985125810586
regression,91,6,0.0726508901743415,0.0726508901743415
regression,91,7,0.06205713628722324,0.06205713628722324
regression,91,8,0.026495171522783773,0.026495171522783773
regression,91,9,0.07443130807409593,0.07443130807409593
regression,92,0,0.07484418600177396,0.07484418600177396
regression,92,1,0.08397402503028846,0.08397402503028846
regression,92,2,0.12394252419016004,0.12394252419016004
regression,92,3,0.08570110727930766,0.08570110727930766
regression,92,4,0.054082024153208924,0.054082024153208924
regression,92,5,0.05041823605658972,0.05041823605658972
regression,92,6,0.09219196953650655,0.09219196953650655
regression,92,7,0.07182435644741839,0.07182435644741839
regression,92,8,0.06203726857509414,0.06203726857509414
regression,92,9,0.054240272910979666,0.054240272910979666
regression,93,0,0.05296823968630104,0.05296823968630104
regression,93,1,0.03453737323799136,0.03453737323799136
regression,93,2,0.1409599358678029,0.1409599358678029
regression,93,3,0.09926995213731078,0.09926995213731078
regression,93,4,0.09675057568888738,0.09675057568888738
regression,93,5,0.09222447883556048,0.09222447883556048
regression,93,6,0.039966042602893485,0.039966042602893485
regression,93,7,0.06105082930180627,0.06105082930180627
regression,93,8,0.10851261324458733,0.10851261324458733
regression,93,9,0.09124221984542807,0.09124221984542807
regression,94,0,0.04141288403261848,0.04141288403261848
regression,94,1,0.016693280812915764,0.016693280812915764
regression,94,2,0.029760367419360913,0.030092349716253082
regression,94,3,0.05318243072092964,0.05351441301782181
regression,94,4,0.08900152793673016,0.08933351023362232
regression,94,5,0.026994312445841946,0.02912764577917527
regression,94,6,0.09630882706005636,0.09630882706005636
regression,94,7,0.06302052876062557,0.06335251105751773
regression,94,8,0.06868014823041646,0.06901213052730862
regression,94,9,0.08037148975580737,0.08037148975580737
regression,95,0,0.052418396440448496,0.052418396440448496
regression,95,1,0.060806635703579394,0.060806635703579394
regression,95,2,0.095094664099131,0.095094664099131
regression,95,3,0.06533663435402653,0.06533663435402653
regression,95,4,0.07979715942078684,0.07979715942078684
regression,95,5,0.02207183158745107,0.02207183158745107
regression,95,6,0.047659922501316516,0.047659922501316516
regression,95,7,0.010490778015074682,0.010490778015074682
regression,95,8,0.06251697436402416,0.06251697436402416
regression,95,9,0.07240554376655299,0.07240554376655299
regression,96,0,0.08073760903096455,0.08073760903096455
regression,96,1,0.013298076512699814,0.013298076512699814
regression,96,2,0.06390177993547398,0.06390177993547398
regression,96,3,0.09610569347772617,0.09610569347772617
regression,96,4,0.045803245460136775,0.045803245460136775
regression,96,5,0.0545367215129698,0.0545367215129698
regression,96,6,0.08823428032908727,0.08823428032908727
regression,96,7,0.09860505228129672,0.09860505228129672
regression,96,8,0.05127866929858457,0.05127866929858457
regression,96,9,0.023317321473917723,0.023317321473917723
regression,97,0,0.04718825842805604,0.04718825842805604
regression,97,1,0.061546531875936665,0.061546531875936665
regression,97,2,0.1330409875080641,0.1330409875080641
regression,97,3,0.014789650674240562,0.014789650674240562
regression,97,4,0.06775545432764289,0.06775545432764289
regression,97,5,0.057845771778722625,0.057845771778722625
regression,97,6,0.16873127248894224,0.16873127248894224
regression,97,7,0.06779787711856515,0.06779787711856515
regression,97,8,0.0181050806278934,0.0181050806278934
regression,97,9,0.03960356087818542,0.03960356087818542
regression,98,0,0.1009116812685159,0.1009116812685159
regression,98,1,0.04148674229433516,0.04148674229433516
regression,98,2,0.08966647194829312,0.08966647194829312
regression,98,3,0.0626041613245183,0.0626041613245183
regression,98,4,0.07582139750588301,0.07582139750588301
regression,98,5,0.028628349560532406,0.028628349560532406
regression,98,6,0.0573862570190582,0.0573862570190582
regression,98,7,0.07516699533578126,0.07516699533578126
regression,98,8,0.07154280491234338,0.07154280491234338
regression,98,9,0.05525442299251772,0.05525442299251772
regression,99,0,-0.03278448853686611,-0.03278448853686611
regression,99,1,0.0334256299127067,0.0334256299127067
regression,99,2,0.07614843916841729,0.07614843916841729
regression,99,3,0.03538821157021612,0.03538821157021612
regression,99,4,0.03960637173817168,0.03960637173817168
regression,99,5,0.01728716200188095,0.01728716200188095
regression,99,6,0.030790822047431103,0.030790822047431103
regression,99,7,0.026911729300573697,0.026911729300573697
regression,99,8,0.12488108484357818,0.12488108484357818
regression,99,9,0.0510654809829875,0.0510654809829875
q_learning,0,0,0.40751433904070666,0.4206299837169522
q_learning,0,1,0.6167906546990255,0.6018736589863387
q_learning,0,2,0.5191553233117917,0.5257974098812315
q_learning,0,3,0.5515637020463053,0.5562359091166699
q_learning,0,4,0.592118447628661,0.5937512702024681
q_learning,0,5,0.6201510880175932,0.6151418240219607
q_learning,0,6,0.602363236270983,0.6136775299107874
q_learning,0,7,0.5209481023542636,0.5126328056776409
q_learning,0,8,0.6263823773700843,0.6136615218075296
q_learning,0,9,0.531974499263254,0.5269652352676215
q_learning,1,0,0.29439779855478565,0.27357056231161814
q_learning,1,1,0.03357560208763289,0.044889895727437006
q_learning,1,2,0.4595545431337799,0.4045177777867669
q_learning,1,3,0.20157862260332346,0.2049146764917729
q_learning,1,4,0.22160320270055042,0.21002226087631357
q_learning,1,5,0.31254728732389064,0.3113092538637742
q_learning,1,6,0.12824528926999013,0.14649833887112626
q_learning,1,7,0.1286315063897117,0.13536134635503383
q_learning,1,8,0.22325203337761537,0.2071847576006951
q_learning,1,9,0.24668620698786375,0.2564958189831191
q_learning,2,0,0.2567135076402093,0.24703203657421247
q_learning,2,1,0.23851485867665057,0.22248797043310636
q_learning,2,2,0.1402916296158649,0.15216924083199407
q_learning,2,3,0.17360038285197107,0.17039246989277976
q_learning,2,4,0.16534985313884212,0.15827258992233587
q_learning,2,5,0.16228608921216675,0.15560361510935175
q_learning,2,6,0.1234589543745714,0.13301228451131047
q_learning,2,7,0.141899872092445,0.13890087512926358
q_learning,2,8,0.18214214084675973,0.15784034345996853
q_learning,2,9,0.06532527304161515,0.05881132740143395
q_learning,3,0,0.38491571652261775,0.36859215888718083
q_learning,3,1,0.20580008292095267,0.19752517377770573
q_learning,3,2,0.314942816507852,0.307062696478296
q_learning,3,3,0.42839905032732,0.4187175792613228
q_learning,3,4,0.3132587241482751,0.30498381500502814
q_learning,3,5,0.27319566544187934,0.26655357887243963
q_learning,3,6,0.24223264253058252,0.2242762623213384
q_learning,3,7,0.3225154994853818,0.3178029048816414
q_learning,3,8,0.4121595992775512,0.3976373926785554
q_learning,3,9,0.3799396046181814,0.3637845754453784
q_learning,4,0,0.33744664382054085,0.12251266623410392
q_learning,4,1,0.39781685283700485,0.21420420366544315
q_learning,4,2,0.4529734738612653,0.18084765638365344
q_learning,4,3,0.46344956293065914,0.24693012863292155
q_learning,4,4,0.6200766537267884,0.309236950465005
q_learning,4,5,0.42705226500354154,0.2302905619514896
q_learning,4,6,0.3834495629306591,0.16294938006814058
q_learning,4,7,0.42300914584046895,0.16993225644791135
q_learning,4,8,0.40208923101766403,0.17066256529990048
q_learning,4,9,0.3536262530905708,0.1717041586812392
q_learning,5,0,0.4494416312111471,0.45591518931795294
q_learning,5,1,0.5034120224124861,0.5050448449862932
q_learning,5,2,0.5148516128716989,0.5037058476945284
q_learning,5,3,0.2566659736448682,0.2582987962186754
q_learning,5,4,0.37907183249137466,0.3857139190608144
q_learning,5,5,0.48276217336787947,0.4791190837616216
q_learning,5,6,0.3902856961509555,0.37065610583452835
q_learning,5,7,0.31166767797647876,0.3181412360832846
q_learning,5,8,0.4966825837813817,0.5078283489585522
q_learning,5,9,0.43608160818927105,0.424726927016091
q_learning,6,0,0.4308223984284876,0.43086278596186334
q_learning,6,1,0.4748204916483166,0.4813344372884981
q_learning,6,2,0.5250110803201701,0.5137371742137414
q_learning,6,3,0.5152508291864775,0.5170925677562944
q_learning,6,4,0.5780992147144898,0.5846131603546714
q_learning,6,5,0.4507578321640318,0.4394435385242275
q_learning,6,6,0.5354735576195798,0.5324745606563981
q_learning,6,7,0.48416302103093045,0.4629006081406961
q_learning,6,8,0.42571521541009416,0.42751656644653535
q_learning,6,9,0.4813069270065723,0.4795055759701311
q_learning,7,0,0.3664232916884976,0.3560907496502932
q_learning,7,1,0.4146875192464595,0.41117257056945977
q_learning,7,2,0.35030674112486354,0.36835087472999023
q_learning,7,3,0.33247537099306973,0.3307144074900039
q_learning,7,4,0.3684320511628884,0.3446358391639982
q_learning,7,5,0.4198902931680997,0.37599929299825663
q_learning,7,6,0.3781925029636898,0.3390140973975872
q_learning,7,7,0.26874745817562823,0.26513438977682957
q_learning,7,8,0.3032261463894404,0.275925352039467
q_learning,7,9,0.3305952398889332,0.3132021772560144
q_learning,8,0,0.15373909077425688,0.11804222468091098
q_learning,8,1,0.14925999226375306,0.1165217356002133
q_learning,8,2,0.1330614447057665,0.12985353174657593
q_learning,8,3,0.10819612907554112,0.10335539354254328
q_learning,8,4,0.18223168857459163,0.15261359147436035
q_learning,8,5,0.17325455326562747,0.14514113780994534
q_learning,8,6,0.16502880431683423,0.15363373561027951
q_learning,8,7,0.16685473545050247,0.11156866657410547
q_learning,8,8,0.05846549781508997,0.04007394095878036
q_learning,8,9,0.21534733325083721,0.1893723257568642
q_learning,9,0,0.4539148226863743,0.4622265629789507
q_learning,9,1,0.3422685118973167,0.34894742961608605
q_learning,9,2,0.4318060345979069,0.43831642385404235
q_learning,9,3,0.4566467701309055,0.4633256878496748
q_learning,9,4,0.3722414119120825,0.3787518011682179
q_learning,9,5,0.4147449891142409,0.4231848703360756
q_learning,9,6,0.5095340445647781,0.519083818317471
q_learning,9,7,0.3090545468321635,0.30548867590861073
q_learning,9,8,0.3855747452454158,0.39045231192774393
q_learning,9,9,0.4451639480284672,0.45004151471079534
q_learning,10,0,0.5882953382396712,0.4304557588952069
q_learning,10,1,0.6080862215765526,0.44727068814723453
q_learning,10,2,0.4916326140876507,0.21645636771497
q_learning,10,3,0.3127984148141462,0.13862491150832823
q_learning,10,4,0.459879410915716,0.2349465602195582
q_learning,10,5,0.5320615289991727,0.3301220334888555
q_learning,10,6,0.36284858733854736,0.12467134900362974
q_learning,10,7,0.3694957136840017,0.15960102130065726
q_learning,10,8,0.4883965888132778,0.2814605058597395
q_learning,10,9,0.4600970995728038,0.2661081328328771
q_learning,11,0,0.6607335672688485,0.6512206246654852
q_learning,11,1,0.7065519498130752,0.697039007209712
q_learning,11,2,0.7228704676724974,0.7099233514588859
q_learning,11,3,0.7714143352586018,0.765504094728121
q_learning,11,4,0.6512943649571661,0.6446522783877264
q_learning,11,5,0.6580101918182866,0.661612893891169
q_learning,11,6,0.7140675026354376,0.7128294691753213
q_learning,11,7,0.7473303126037469,0.7313034243602021
q_learning,11,8,0.7416099637064699,0.7416099637064699
q_learning,11,9,0.7787586479937587,0.7751559459208764
q_learning,12,0,-0.009590835007343325,0.49385831509353845
q_learning,12,1,-0.03538734904698553,0.4792104784908179
q_learning,12,2,-0.10486583336545698,0.3776670029777312
q_learning,12,3,-0.09926365608634957,0.40217791702764094
q_learning,12,4,-0.08226910733842828,0.36454745437822317
q_learning,12,5,0.2583810526461568,0.6469852433563961
q_learning,12,6,-0.05444510431730416,0.42562732570162204
q_learning,12,7,-0.16572148475002824,0.32939562605243905
q_learning,12,8,-0.008983495520574963,0.4370738648610556
q_learning,12,9,-0.14514712085343864,0.3560221058528385
q_learning,13,0,0.5968944193884899,0.5891828278215678
q_learning,13,1,0.52823622331022,0.5235640162398554
q_learning,13,2,0.7181866528190746,0.7117130947122687
q_learning,13,3,0.5717322336992633,0.5686928492027059
q_learning,13,4,0.6431396072529226,0.6242014754420787
q_learning,13,5,0.684154023504723,0.6775119369352832
q_learning,13,6,0.5418223063160442,0.540020955279603
q_learning,13,7,0.6048726591398446,0.5982305725704049
q_learning,13,8,0.6714497780786817,0.656532782365995
q_learning,13,9,0.6488920009060549,0.6478224959085724
q_learning,14,0,0.5858333913795828,0.5923069494863887
q_learning,14,1,0.3947578342761386,0.39639065684994584
q_learning,14,2,0.43947355973168667,0.439433172198311
q_learning,14,3,0.5356972894201558,0.5534851411667661
q_learning,14,4,0.437092883015663,0.44840717665546737
q_learning,14,5,0.37530754008247946,0.38341392076309255
q_learning,14,6,0.32069558508854534,0.33848343683515564
q_learning,14,7,0.5481844482223649,0.5417108901155592
q_learning,14,8,0.43252463814347647,0.43736537367647504
q_learning,14,9,0.4040074602459148,0.40079954728672346
q_learning,15,0,0.4264375421231762,0.41512324848337184
q_learning,15,1,0.3337925364436182,0.3319911854071771
q_learning,15,2,0.2907741998263331,0.29724775793313896
q_learning,15,3,0.38354421558334156,0.3833756871207077
q_learning,15,4,0.34960486688188297,0.33305504859538904
q_learning,15,5,0.5296454550823675,0.5264375421231762
q_learning,15,6,0.5085022097932044,0.5083336813305706
q_learning,15,7,0.4980397324937945,0.5027119395641594
q_learning,15,8,0.3630084082889425,0.3694819663957483
q_learning,15,9,0.5137137563759228,0.5070716698064831
q_learning,16,0,0.32736731626943155,0.32393314265918316
q_learning,16,1,0.27424090393305195,0.2742812914664276
q_learning,16,2,0.22540560739817891,0.2349589375349179
q_learning,16,3,0.3735771563765035,0.3784178919095021
q_learning,16,4,0.2556068776553175,0.262120823295499
q_learning,16,5,0.30357654541270307,0.30841728094570164
q_learning,16,6,0.3946517011500005,0.39469208868337624
q_learning,16,7,0.27399863517873724,0.2787112297824776
q_learning,16,8,0.32387674702254976,0.32875787008892404
q_learning,16,9,0.2573238068147928,0.2686784879879729
q_learning,17,0,0.44609807247592137,0.3847332346064073
q_learning,17,1,0.2869492626169687,0.24653282359074954
q_learning,17,2,0.3872808784320041,0.3386772836584203
q_learning,17,3,0.4542740350309133,0.40360244103645565
q_learning,17,4,0.36730252834453214,0.32337114064131306
q_learning,17,5,0.2492807791385385,0.20702260154250246
q_learning,17,6,0.2479726397638093,0.2201558937000176
q_learning,17,7,0.38344490509908563,0.34298807853949065
q_learning,17,8,0.33445897296295185,0.2920322669042819
q_learning,17,9,0.2687500116201541,0.23445970744955658
q_learning,18,0,0.4735364093160132,0.4784175323823875
q_learning,18,1,0.41112258050879336,0.42444714118104854
q_learning,18,2,0.3285973533941069,0.3352798274969223
q_learning,18,3,0.34907311824165815,0.3395197881049193
q_learning,18,4,0.3123143839591546,0.30751403595953175
q_learning,18,5,0.4483695851849898,0.46028758393449476
q_learning,18,6,0.31233896405638156,0.32853438076256025
q_learning,18,7,0.5352974588939278,0.5305848642901874
q_learning,18,8,0.3347461297938391,0.3335080963337228
q_learning,18,9,0.39944100803722377,0.3932340981148507
q_learning,19,0,0.1437258032261165,0.13077868701250508
q_learning,19,1,0.11381807150906222,0.09471141123558482
q_learning,19,2,0.15975269146966128,0.13708371665667698
q_learning,19,3,0.10345895437457481,0.10333081344531668
q_learning,19,4,0.22214214084676315,0.19603899242353084
q_learning,19,5,0.1462048003310478,0.11675523169344994
q_learning,19,6,0.17493653603388964,0.15080326710973224
q_learning,19,7,0.20335559420965257,0.17747870643747737
q_learning,19,8,0.11700997636499588,0.12365206293443559
q_learning,19,9,0.15318958563502597,0.1566641467786504
q_learning,20,0,0.1500466403064331,0.13182361191275618
q_learning,20,1,0.15308602480299063,0.12518152534331686
q_learning,20,2,0.19496111613111244,0.16255293806370805
q_learning,20,3,0.22809276891061567,0.21699436959595214
q_learning,20,4,0.19595688083691415,0.18768197169366715
q_learning,20,5,0.17106698510946142,0.1712355135720952
q_learning,20,6,0.10194025962581994,0.06928277802903002
q_learning,20,7,0.18461800709988269,0.1782725899223349
q_learning,20,8,0.10131177375178367,0.1109932448177805
q_learning,20,9,0.14622624957646319,0.14296060442884861
q_learning,21,0,0.18333609123935257,0.2885644723094335
q_learning,21,1,0.22469496395839988,0.3357498023144896
q_learning,21,2,0.1357032797401259,0.24948649672355402
q_learning,21,3,0.1818925216662554,0.3064104279497753
q_learning,21,4,0.21607733188259412,0.30832747362715246
q_learning,21,5,0.11924457056645177,0.2777740824511423
q_learning,21,6,-0.07743361351442984,0.08647522454217844
q_learning,21,7,0.26983778582743145,0.36837900055789913
q_learning,21,8,0.19784083050921367,0.3209695195250308
q_learning,21,9,0.10963980852975538,0.18038799814735454
q_learning,22,0,0.14704784401036136,0.11602318498737911
q_learning,22,1,0.16787508025352907,0.14379954351779456
q_learning,22,2,0.09795134043321696,0.07905359615574867
q_learning,22,3,0.08155404250609953,0.057252245119307946
q_learning,22,4,0.18079761636991368,0.15209026009719046
q_learning,22,5,0.17371451067702803,0.14646108218956178
q_learning,22,6,0.16281665606344253,0.1569064155329617
q_learning,22,7,0.21740696114484875,0.15231825860232676
q_learning,22,8,0.2232520333776182,0.17791408375164963
q_learning,22,9,0.18464258719711077,0.14405761970825837
q_learning,23,0,0.29138319482256786,0.29691538886114965
q_learning,23,1,0.06411202034583614,0.039769835425669274
q_learning,23,2,0.2982429700490955,0.27626545374169476
q_learning,23,3,0.21622372968845752,0.22496383668623024
q_learning,23,4,0.2267353671823213,0.22372600389322372
q_learning,23,5,0.24978352433995685,0.2503294972612343
q_learning,23,6,0.2232853861359242,0.19615312024858497
q_learning,23,7,0.2596826840630418,0.24746741388838928
q_learning,23,8,0.12316248564978953,0.1303678897955543
q_learning,23,9,0.27140777491979484,0.254311381678768
q_learning,24,0,0.43129917431175346,0.3097901873777962
q_learning,24,1,0.23288283669110701,0.15033636099811115
q_learning,24,2,0.27754940195220135,0.1873693237955058
q_learning,24,3,0.28375611120746536,0.18316211391255802
q_learning,24,4,0.22971551193240014,0.12930040942604287
q_learning,24,5,0.40251010778663554,0.29781758732360514
q_learning,24,6,0.3197586200208921,0.21875715705988227
q_learning,24,7,0.21550578216144514,0.12469137565433396
q_learning,24,8,0.2351491849149653,0.15396888361134398
q_learning,24,9,0.3790403857519173,0.3182625103703132
q_learning,25,0,0.137148684287294,0.13418031056482746
q_learning,25,1,0.09528236562025005,0.11451716682298634
q_learning,25,2,0.22087448751341976,0.18482321983975705
q_learning,25,3,0.1582971700195806,0.1469828763797762
q_learning,25,4,0.22243356979554624,0.21899939618529804
q_learning,25,5,0.1649340161458968,0.15485775596620882
q_learning,25,6,0.23832175011680745,0.22918685400534358
q_learning,25,7,0.22347849469580158,0.2312304737960993
q_learning,25,8,0.20369618335288933,0.21033826992232912
q_learning,25,9,0.26525526563501584,0.25157630338244547
q_learning,26,0,0.2086929176362753,0.18429829479773882
q_learning,26,1,0.19742778419092474,0.16561823917735827
q_learning,26,2,0.13685725533851192,0.1184253109488255
q_learning,26,3,0.23134608501311107,0.19898358874913602
q_learning,26,4,0.18346596498355494,0.14813449296385803
q_learning,26,5,0.17314743604955216,0.16718475760070173
q_learning,26,6,0.22833128061378052,0.2124608704478762
q_learning,26,7,0.1233430644974203,0.13049603072481508
q_learning,26,8,0.23993700320235348,0.21004997182535515
q_learning,26,9,0.19784422321714373,0.15450449023863258
q_learning,27,0,0.26293593936828474,0.07057979520216506
q_learning,27,1,0.18620722632516964,0.050279850737295295
q_learning,27,2,0.4356080361025323,0.2774134531444962
q_learning,27,3,0.2560326457565738,0.14922476021016157
q_learning,27,4,0.37879429914919566,0.22612214593708033
q_learning,27,5,0.1633436057334256,-0.0052169284670596505
q_learning,27,6,0.30584929252689974,0.15341376629175807
q_learning,27,7,0.3792405587157651,0.2776278102826667
q_learning,27,8,0.3578233152077298,0.18775809936269555
q_learning,27,9,0.3711693251254042,0.19194556825732192
q_learning,28,0,0.5374139882836126,0.5374139882836126
q_learning,28,1,0.6642035554364141,0.6528892617966097
q_learning,28,2,0.6217274885161814,0.6168867529831829
q_learning,28,3,0.7023319963262467,0.6861769671534437
q_learning,28,4,0.6541518753539528,0.6541764554511796
q_learning,28,5,0.7088180303183557,0.7039772947853571
q_learning,28,6,0.6179779078931932,0.6180024879904202
q_learning,28,7,0.6977684759387771,0.6912949178319713
q_learning,28,8,0.6384784535050803,0.6320048953982745
q_learning,28,9,0.7289163507072633,0.7188646706248021
q_learning,29,0,0.24392483460378703,0.24392483460378703
q_learning,29,1,0.21453531652679256,0.21453531652679256
q_learning,29,2,0.22685183724312283,0.22685183724312283
q_learning,29,3,0.07371673023868676,0.07371673023868676
q_learning,29,4,0.1791821945945667,0.1791821945945667
q_learning,29,5,0.27499888411724216,0.27499888411724216
q_learning,29,6,0.375114642206375,0.375114642206375
q_learning,29,7,0.12769624164032062,0.12769624164032062
q_learning,29,8,0.19188923772002847,0.19188923772002847
q_learning,29,9,0.32569656576698663,0.32569656576698663
q_learning,30,0,0.19790218023876377,0.1923295986668063
q_learning,30,1,0.20694072679428435,0.16655960324557895
q_learning,30,2,0.11983868281344219,0.0890108894014755
q_learning,30,3,0.14142234519279553,0.11406911292445292
q_learning,30,4,0.2799775914028345,0.22159970011150962
q_learning,30,5,0.15137066511033426,0.11433596177599478
q_learning,30,6,0.16917745514490112,0.1219753502382061
q_learning,30,7,0.17658160965979694,0.16542379409763308
q_learning,30,8,0.1195964140591273,0.13343185438933744
q_learning,30,9,0.23502252737767057,0.21194671306600146
q_learning,31,0,0.14157862260332688,0.1203162097130928
q_learning,31,1,0.2625743873091284,0.23133383396100554
q_learning,31,2,0.09182341124564876,0.08187529199521919
q_learning,31,3,0.2901363887013732,0.21685355208235554
q_learning,31,4,0.18136093394623912,0.15997038012674694
q_learning,31,5,0.2495324829245637,0.2252306855377725
q_learning,31,6,0.1864685183307794,0.16233524940662203
q_learning,31,7,0.11362476228208986,0.10491467649177669
q_learning,31,8,0.18198941982027558,0.16081476032592434
q_learning,31,9,0.17666414677864756,0.1695868835621417
q_learning,32,0,0.26700504336220426,0.08458306178825126
q_learning,32,1,0.4791727469753124,0.2758266895422437
q_learning,32,2,0.5095952381074933,0.2816667784449379
q_learning,32,3,0.48277032319733093,0.33769537494558044
q_learning,32,4,0.4315159574121144,0.24439872588946884
q_learning,32,5,0.44154305739734884,0.23642905813208334
q_learning,32,6,0.40843265316422667,0.28586512959195814
q_learning,32,7,0.46064208086250025,0.31419757022459
q_learning,32,8,0.4506945636453261,0.26521991898914893
q_learning,32,9,0.49751201278536156,0.324080721844418
q_learning,33,0,0.15362496294920333,0.14878422741620492
q_learning,33,1,0.10826986936722467,0.09245189711968976
q_learning,33,2,0.25904855637973884,0.21348434610271358
q_learning,33,3,0.24388929191273745,0.20827320088614196
q_learning,33,4,0.13187277210721599,0.11571774293441309
q_learning,33,5,0.10101843587881414,0.0730735488857647
q_learning,33,6,0.1753475339179488,0.134681791362345
q_learning,33,7,0.21233272951861845,0.19630584127507406
q_learning,33,8,0.12868066658417338,0.09593543159150139
q_learning,33,9,0.2006322187590924,0.15617790101292503
q_learning,34,0,0.4202877089110938,0.5164657809941536
q_learning,34,1,0.5589098316759422,0.5888725660638298
q_learning,34,2,0.3416536826333594,0.37829191279493046
q_learning,34,3,0.4431564553537015,0.481831706590506
q_learning,34,4,0.35865468567017766,0.3992396531590302
q_learning,34,5,0.4535243451492671,0.4731737111793455
q_learning,34,6,0.5167940948872533,0.5686831105221029
q_learning,34,7,0.36401331147011073,0.42682122959781804
q_learning,34,8,0.390076072359968,0.511945159097522
q_learning,34,9,0.24634873191494336,0.32866264670034656
q_learning,35,0,0.25776809397676925,0.08133780607264375
q_learning,35,1,0.5759527298361264,0.3354858997319127
q_learning,35,2,0.5231177464485154,0.31851631090028315
q_learning,35,3,0.3883745196415861,0.21490284116726646
q_learning,35,4,0.3795969552951363,0.189082549698833
q_learning,35,5,0.5521984425895107,0.3312157172174183
q_learning,35,6,0.487921024632837,0.27065239964109317
q_learning,35,7,0.4462230337613183,0.25599831922777566
q_learning,35,8,0.4886555822963673,0.33149350479922196
q_learning,35,9,0.41522905442499003,0.18844118657334707
q_learning,36,0,0.4452313736458888,0.32724431371806134
q_learning,36,1,0.3139714806436618,0.15433055026275555
q_learning,36,2,0.49904924448785154,0.30669310032173247
q_learning,36,3,0.40091596448911315,0.23015298988195865
q_learning,36,4,0.4182032706238363,0.24305140371320366
q_learning,36,5,0.4388563365950996,0.269452558048189
q_learning,36,6,0.33217366182517527,0.14881729451213077
q_learning,36,7,0.4988809166923265,0.26380139707564565
q_learning,36,8,0.5100266818694971,0.2901134614948881
q_learning,36,9,0.3469973769249689,0.21949099809790293
q_learning,37,0,0.21274039588375784,0.18592214404335816
q_learning,37,1,0.12016348868661036,0.0945832703063267
q_learning,37,2,0.15773365177613263,0.1435485021024048
q_learning,37,3,0.11714868428727981,0.08470011868649976
q_learning,37,4,0.10313770488545629,0.09683267524128458
q_learning,37,5,0.07663956668142342,0.08311312478822894
q_learning,37,6,0.09040827732893225,0.07918173708501021
q_learning,37,7,0.17634309795664005,0.15710829675390414
q_learning,37,8,0.1970453241223572,0.14909280032098157
q_learning,37,9,0.15508048439929667,0.1570099763649959
q_learning,38,0,0.12710073708989503,0.054235732462894364
q_learning,38,1,0.2733024065691445,0.19216249279889677
q_learning,38,2,0.29302991590833244,0.19817763068126965
q_learning,38,3,0.13930179346130814,0.03722045917689656
q_learning,38,4,0.2191330643315654,0.13756495224338208
q_learning,38,5,0.2829136695614154,0.18252160993338418
q_learning,38,6,0.13222412891058402,0.06724622264227037
q_learning,38,7,0.20266786858914618,0.12252705107554561
q_learning,38,8,0.24940827554749356,0.161852535858863
q_learning,38,9,0.19152210341197567,0.13967020814582431
q_learning,39,0,0.43118930555494456,0.4393360737689333
q_learning,39,1,0.37595065898699187,0.395580249303419
q_learning,39,2,0.5219346398091537,0.5464049656585793
q_learning,39,3,0.4510664050688099,0.45577899967255026
q_learning,39,4,0.4652948724606123,0.4634935214241712
q_learning,39,5,0.4499021119003744,0.45637567000718016
q_learning,39,6,0.6233062553406896,0.6330281139400625
q_learning,39,7,0.43866879399443026,0.44531088056386997
q_learning,39,8,0.5261960496625697,0.5409849044459982
q_learning,39,9,0.5133768737111074,0.5164566457410406
q_learning,40,0,0.11560587216639998,0.10915558282815761
q_learning,40,1,0.07085992480435456,0.07277836288585154
q_learning,40,2,0.09996207019076915,0.10556398541189992
q_learning,40,3,0.11541276360653913,0.11925371532460444
q_learning,40,4,0.17435926671231441,0.16959523069099555
q_learning,40,5,0.12013059865340305,0.12359410591282473
q_learning,40,6,0.1818777497193757,0.1793906289149404
q_learning,40,7,0.10181258142166418,0.10745488417617073
q_learning,40,8,0.18975766908182282,0.1773224290269571
q_learning,40,9,0.11119738309576922,0.09249750093010736
q_learning,41,0,0.21859745770426534,0.10857827120187759
q_learning,41,1,0.31107291366069756,0.23373891973606362
q_learning,41,2,0.36295929753790496,0.27904664745553476
q_learning,41,3,0.4099876012270664,0.30259335522600245
q_learning,41,4,0.30546791451607797,0.2097654066134612
q_learning,41,5,0.22018302900782563,0.15161278699254827
q_learning,41,6,0.2531738642737296,0.14560072348411515
q_learning,41,7,0.3268498963416012,0.28297624082680595
q_learning,41,8,0.3657261913736503,0.2863241982281422
q_learning,41,9,0.33915784509589153,0.21226214970765928
q_learning,42,0,0.9847967691181964,0.9948730292978847
q_learning,42,1,0.9181843024219983,0.9276972450253615
q_learning,42,2,0.9127182979416201,0.914688177440695
q_learning,42,3,0.8944074300772116,0.9026823392204585
q_learning,42,4,0.7853355065972943,0.7741897414201239
q_learning,42,5,1.065529217190411,1.0543834520132402
q_learning,42,6,0.9069982357863011,0.9134717938931071
q_learning,42,7,0.8537543641059483,0.8584265711763129
q_learning,42,8,0.8401541819210733,0.8502304421007614
q_learning,42,9,1.0077111435373036,1.010750528033861
q_learning,43,0,0.20775007017608402,0.1768535520823599
q_learning,43,1,0.24207916821521885,0.2161215053762919
q_learning,43,2,0.13013638870137811,0.11917649664188919
q_learning,43,3,0.20459131741134665,0.15735389702713878
q_learning,43,4,0.267606121810677,0.22860322303633987
q_learning,43,5,0.21511896300846806,0.1873495828071837
q_learning,43,6,0.24436505676028958,0.21673418381417983
q_learning,43,7,0.1420139999175075,0.10095346824821301
q_learning,43,8,0.18687931554773285,0.18216672094399275
q_learning,43,9,0.2587518869878477,0.2263437089204435
q_learning,44,0,0.25442237865201944,0.22154900273008954
q_learning,44,1,0.26405257993224684,0.20185777630197643
q_learning,44,2,0.245127124705744,0.19579168389320273
q_learning,44,3,0.20991366026827413,0.17584961674873473
q_learning,44,4,0.28305388504174667,0.22747114677345678
q_learning,44,5,0.1559026808664506,0.14678452737677863
q_learning,44,6,0.24184043167885724,0.18796092472520948
q_learning,44,7,0.13763322179590962,0.10757994804861104
q_learning,44,8,0.2473392729591338,0.24215111417495128
q_learning,44,9,0.12614746950877248,0.07433596177599876
q_learning,45,0,0.24866505981513135,0.2082486207889127
q_learning,45,1,0.1907084789387782,0.16437906986448808
q_learning,45,2,0.34475691568927874,0.30434745499219124
q_learning,45,3,0.23046641085157243,0.1965235299321597
q_learning,45,4,0.28567483551302775,0.2712634251882425
q_learning,45,5,0.2735549555425837,0.23477133909017237
q_learning,45,6,0.22153843573706203,0.20889835524125866
q_learning,45,7,0.2440174328419935,0.1886436105697129
q_learning,45,8,0.19516299735205508,0.1789906235242044
q_learning,45,9,0.15073829947912884,0.15849027857942644
q_learning,46,0,0.15676246716755296,0.14865608648694018
q_learning,46,1,0.1725170654173951,0.1289874451569991
q_learning,46,2,0.19150236242363652,0.2146942672795698
q_learning,46,3,0.12398387941657536,0.1107874596735788
q_learning,46,4,0.2066616268906383,0.18248797043310522
q_learning,46,5,0.14658788659895738,0.1417067635325831
q_learning,46,6,0.25836213765016436,0.2534810145837901
q_learning,46,7,0.2533528736545316,0.2452061054405427
q_learning,46,8,0.22043033753814711,0.22535882646702818
q_learning,46,9,0.23653620651649626,0.23689060809681148
q_learning,47,0,0.18198941982027614,0.19146197489026348
q_learning,47,1,0.13712410419005058,0.12533424636980384
q_learning,47,2,0.22488485595142643,0.19410950045782935
q_learning,47,3,0.20026180907551558,0.1939163918979682
q_learning,47,4,0.2928141361754363,0.260632218759089
q_learning,47,5,0.20488485595142644,0.19189735220443935
q_learning,47,6,0.14077596645738671,0.13566858273995575
q_learning,47,7,0.1468055752560478,0.13691518819404108
q_learning,47,8,0.10035659724646886,0.0729346402963688
q_learning,47,9,0.20120841358686334,0.17229214131813061
q_learning,48,0,0.2082700700343321,0.17304876812142767
q_learning,48,1,0.1467651877226742,0.15795134043322018
q_learning,48,2,0.10066203929944133,0.10396807198043158
q_learning,48,3,0.14883338761065695,0.12924418482760586
q_learning,48,4,0.2005180909340343,0.20543960153378427
q_learning,48,5,0.1784744711432785,0.16223168857459333
q_learning,48,6,0.22567483551302833,0.19965246215654703
q_learning,48,7,0.1896549820445542,0.15048355480758346
q_learning,48,8,0.21543508664672098,0.20543960153378463
q_learning,48,9,0.1709509483602026,0.1419769439030466
q_learning,49,0,0.14468621474367932,0.11978071224718699
q_learning,49,1,0.13858158292847786,0.09777733311769898
q_learning,49,2,0.36050242493911533,0.3031079693084669
q_learning,49,3,0.11003261365760116,0.08152440908822654
q_learning,49,4,0.2075531910204314,0.15834589113714742
q_learning,49,5,0.23490670194890484,0.20991344605652998
q_learning,49,6,0.32373131689849277,0.26312894830865297
q_learning,49,7,0.15568102094646358,0.13724907655677707
q_learning,49,8,0.10995007653875073,0.06910543919459618
q_learning,49,9,0.08453192425037656,0.07278245396350551
q_learning,50,0,0.4754550771437098,0.4655069578932799
q_learning,50,1,0.4342226854928639,0.43131144192556464
q_learning,50,2,0.37326186717827653,0.37990395374771635
q_learning,50,3,0.4868591191784527,0.4870276476410866
q_learning,50,4,0.4327829714789175,0.4329514999415514
q_learning,50,5,0.5046795209830034,0.5046795209830034
q_learning,50,6,0.24006023115824757,0.24006023115824757
q_learning,50,7,0.36036391115911875,0.3556917040887541
q_learning,50,8,0.3549213794406265,0.3597621149736251
q_learning,50,9,0.5542878537905754,0.5479020490796521
q_learning,51,0,0.5745103323981184,0.5745507199314941
q_learning,51,1,0.5047957092409251,0.5034295348515506
q_learning,51,2,0.49010286458797964,0.4984181612646024
q_learning,51,3,0.4824129229335856,0.47941392597040383
q_learning,51,4,0.602681881376443,0.6091958270166244
q_learning,51,5,0.5699856059111155,0.560344522378494
q_learning,51,6,0.4918254355567255,0.5001407322333481
q_learning,51,7,0.5626520608360925,0.541656296130291
q_learning,51,8,0.6033542870018097,0.6003149025052524
q_learning,51,9,0.468189294650689,0.47470324029087047
q_learning,52,0,0.40566968114476165,0.23152619904640365
q_learning,52,1,0.306690226614899,0.13651421449565496
q_learning,52,2,0.5108533160794072,0.347754567176669
q_learning,52,3,0.4451853443032411,0.29420374585335696
q_learning,52,4,0.2862302692034965,0.09539554930371921
q_learning,52,5,0.3703666689794621,0.14999462704620284
q_learning,52,6,0.5393371412186638,0.39449204395031817
q_learning,52,7,0.3985734796402986,0.22046300329986063
q_learning,52,8,0.4287149081176983,0.2586600585985812
q_learning,52,9,0.3436458023423269,0.10582994391685645
q_learning,53,0,0.10849980907641452,0.08651024238401987
q_learning,53,1,0.21718551543661022,0.18451598345482695
q_learning,53,2,0.10800302051568243,0.09488737583943703
q_learning,53,3,0.1319339826866629,0.1124608704478762
q_learning,53,4,0.16866833753904853,0.14106580174132072
q_learning,53,5,0.09533500420571518,0.04883472413051947
q_learning,53,6,0.20322369622924025,0.18375058399045352
q_learning,53,7,0.1682575403220998,0.15385142426736878
q_learning,53,8,0.05737862399647099,0.031874108627076604
q_learning,53,9,0.10645618928565853,0.08597130423781266
q_learning,54,0,0.3085209968574772,0.18304755758742935
q_learning,54,1,0.3401483693585782,0.22963231333459286
q_learning,54,2,0.35710838282876506,0.23634753816245763
q_learning,54,3,0.31091588737674053,0.20507203842311983
q_learning,54,4,0.36382420968988566,0.25617900969982377
q_learning,54,5,0.2662596884096336,0.15394228134920704
q_learning,54,6,0.4145541378740928,0.2874478760302378
q_learning,54,7,0.21849389687224294,0.09936587477974275
q_learning,54,8,0.3718784999913459,0.24644544825467382
q_learning,54,9,0.3705456783602765,0.2562583918007749
q_learning,55,0,0.31374604349134,0.3036697833116519
q_learning,55,1,0.33993885423466225,0.34157167680846945
q_learning,55,2,0.4148487005800186,0.3970608488334084
q_learning,55,3,0.39644544087793077,0.3850907597047506
q_learning,55,4,0.5098519124696892,0.5067721404397559
q_learning,55,5,0.46263110225392257,0.46730330932428726
q_learning,55,6,0.3339551601544585,0.34223006929770544
q_learning,55,7,0.45854619082385395,0.4390851289700608
q_learning,55,8,0.33451554754608454,0.32787346097664477
q_learning,55,9,0.4537271052033835,0.45068772070682606
q_learning,56,0,0.271875389550863,0.2937051246959347
q_learning,56,1,0.4600221577648517,0.4969270507593282
q_learning,56,2,0.4551004464979929,0.5732213602268312
q_learning,56,3,0.4869644459441381,0.6157255394622451
q_learning,56,4,0.31116301565128585,0.3739107091410976
q_learning,56,5,0.3341721603483274,0.47514500974808055
q_learning,56,6,0.3603859582055925,0.48024986461503016
q_learning,56,7,0.37691256519456817,0.4834398605467571
q_learning,56,8,0.4216904426882799,0.5249220716853957
q_learning,56,9,0.20082734276127373,0.31479958149595233
q_learning,57,0,0.23643073676027407,0.12911387782917472
q_learning,57,1,0.20172610318670262,0.14466172615219128
q_learning,57,2,0.17180768988436332,0.056344062739275294
q_learning,57,3,0.21529313328038133,0.14714770158625384
q_learning,57,4,0.19410426001471895,0.11125074860391426
q_learning,57,5,0.3013473221762693,0.23977356831074606
q_learning,57,6,0.2711250040398583,0.1318351436884211
q_learning,57,7,0.2161638879087325,0.1302779703305014
q_learning,57,8,0.30660178511091535,0.2425722212399587
q_learning,57,9,0.21505086452606673,0.14604544586372203
q_learning,58,0,0.2562613649551555,0.501649706147966
q_learning,58,1,0.2563019897868073,0.5174056113206882
q_learning,58,2,0.38642607360915954,0.621275964945477
q_learning,58,3,0.2962933811935999,0.5901468099048188
q_learning,58,4,0.28793252541956416,0.5612059575388583
q_learning,58,5,0.43673369612467694,0.7754398660408935
q_learning,58,6,0.3420914028232312,0.6170568515496427
q_learning,58,7,0.3659027960269937,0.6277688627063863
q_learning,58,8,0.36160664044947227,0.6262852289411089
q_learning,58,9,0.3325779566946079,0.6200872923469237
q_learning,59,0,-0.06817956295477491,-0.13653391064491247
q_learning,59,1,-0.04996823740687527,-0.05964970847287238
q_learning,59,2,-0.028685124176585267,-0.04664150438582936
q_learning,59,3,-0.12159039363094432,-0.14465415755761968
q_learning,59,4,-0.015903204906690956,-0.047015617325556223
q_learning,59,5,-0.025974302604348055,-0.045603892920775116
q_learning,59,6,0.026277622218617108,0.01963553564917741
q_learning,59,7,0.11868063780399078,0.07942145717113674
q_learning,59,8,-0.09290741678833854,-0.11574492006395691
q_learning,59,9,-0.10256987157335762,-0.11568551624960312
q_learning,60,0,0.38946316362606426,0.3288992083050554
q_learning,60,1,0.3059862922240155,0.2712992246751826
q_learning,60,2,0.41559109281363293,0.3742619386953603
q_learning,60,3,0.39040472836139734,0.3479656817122665
q_learning,60,4,0.2446665485115049,0.1893207731821382
q_learning,60,5,0.3295593744236562,0.2742135990942895
q_learning,60,6,0.34597268045403157,0.2757976628078606
q_learning,60,7,0.27888424824317326,0.21993577084092428
q_learning,60,8,0.43758908462788954,0.364078013093269
q_learning,60,9,0.26467662806353426,0.2221094404851453
q_learning,61,0,0.25639034922689785,0.16201362818027812
q_learning,61,1,0.25692404692998116,0.13824060299591281
q_learning,61,2,0.5173810741566848,0.3938568946896179
q_learning,61,3,0.37532124559556235,0.23914456647830168
q_learning,61,4,0.236937945441923,0.10981106390197377
q_learning,61,5,0.5118360028666532,0.38183826529278053
q_learning,61,6,0.3400125916209924,0.21952779665048291
q_learning,61,7,0.29963864971946486,0.18590596486998212
q_learning,61,8,0.44314172451248834,0.3034625158726184
q_learning,61,9,0.36589261024497605,0.23405313410128636
q_learning,62,0,0.2611044272225975,0.24515324198994184
q_learning,62,1,0.18004056403438579,0.1723573096158458
q_learning,62,2,0.17490275774334804,0.1572783624035094
q_learning,62,3,0.07626873146561365,0.07758246793661859
q_learning,62,4,0.1387937579131911,0.14251255053033787
q_learning,62,5,0.14221588113844594,0.12763594235102743
q_learning,62,6,0.17626369168959893,0.15383894835013734
q_learning,62,7,0.23828837319239823,0.23257499827293315
q_learning,62,8,0.24183314240974862,0.2520254931337009
q_learning,62,9,0.15753134502295704,0.15760704803384593
q_learning,63,0,0.426577807046938,0.31724370275425845
q_learning,63,1,0.38667048562657536,0.235294098063002
q_learning,63,2,0.1578212905797604,0.054397426817562294
q_learning,63,3,0.20376647750145557,0.06697700705443216
q_learning,63,4,0.30871621500864704,0.1762075505150824
q_learning,63,5,0.4062813383221548,0.2599245810801303
q_learning,63,6,0.2550212446528188,0.17149361939147942
q_learning,63,7,0.3266515473386189,0.2162883255818334
q_learning,63,8,0.39200644025348824,0.3287421316257358
q_learning,63,9,0.42316821353391654,0.29417449771735166
q_learning,64,0,0.040073740291669914,0.04328165325086085
q_learning,64,1,0.17187257144010365,0.165132365148865
q_learning,64,2,0.25590772064246264,0.24459342700265854
q_learning,64,3,0.23795134043321847,0.2362781303260355
q_learning,64,4,0.16395929931935144,0.12962860761537892
q_learning,64,5,0.15023974886629654,0.1450919776154895
q_learning,64,6,0.17851465800954353,0.1764466587886693
q_learning,64,7,0.13306144470576592,0.12547799406810214
q_learning,64,8,0.17874835476988893,0.140099857575867
q_learning,64,9,0.18198941982027653,0.1608147603259253
q_learning,65,0,0.18284123616066836,0.16878422741619867
q_learning,65,1,0.22955706302178897,0.18459655785446405
q_learning,65,2,0.20829444946444559,0.18720056503684532
q_learning,65,3,0.1680276006129039,0.17770907167890074
q_learning,65,4,0.18444947863724867,0.17527359295915326
q_learning,65,5,0.19496111613111225,0.16075158702726638
q_learning,65,6,0.2610153050270003,0.2448198883208219
q_learning,65,7,0.17955958290979615,0.18637019794186965
q_learning,65,8,0.20264812760080758,0.19330371346007838
q_learning,65,9,0.1484383978298528,0.13090682794175904
q_learning,66,0,0.16735341040699983,0.24433861788274533
q_learning,66,1,0.11001674341071398,0.21093328214373902
q_learning,66,2,-0.13562977912003316,-0.02199238482445338
q_learning,66,3,0.14236568173163552,0.22642476442710205
q_learning,66,4,0.00932716966324629,0.12514107336157726
q_learning,66,5,0.02396671293212781,0.09774569150775989
q_learning,66,6,-0.01764861814645324,0.10337307508344121
q_learning,66,7,0.17984193800891765,0.25449779234941017
q_learning,66,8,0.10652831603499598,0.18386983136432558
q_learning,66,9,-0.11511897745509941,-0.017904944575833498
q_learning,67,0,0.3343430375093069,0.5510682806817248
q_learning,67,1,0.29014084323628253,0.45159101002563584
q_learning,67,2,0.3143188829443183,0.47246407494434095
q_learning,67,3,0.28268499970838074,0.46639607361135993
q_learning,67,4,0.2565305814993781,0.38893633509073955
q_learning,67,5,0.31450412986265236,0.517434946405653
q_learning,67,6,0.3498812836538504,0.5142847656029551
q_learning,67,7,0.28257234284214616,0.4693839015482604
q_learning,67,8,0.1849702862201957,0.39044019614190667
q_learning,67,9,0.40915661926207025,0.5006773479759016
q_learning,68,0,0.4721333795792885,0.4739347306157297
q_learning,68,1,0.5194442534812913,0.5273243735108473
q_learning,68,2,0.6430471562212824,0.6401359126539833
q_learning,68,3,0.6354359946345839,0.6366740280947002
q_learning,68,4,0.49979008306763734,0.5076702030971932
q_learning,68,5,0.48788789175428104,0.4765735981144767
q_learning,68,6,0.4811910031811171,0.4829923542175582
q_learning,68,7,0.6875212149557716,0.6990040370582098
q_learning,68,8,0.5315803422221017,0.5269081351517372
q_learning,68,9,0.5085655378227714,0.5085655378227714
q_learning,69,0,0.37270866641921063,0.3139387861115092
q_learning,69,1,0.4109970637777079,0.3478920333249097
q_learning,69,2,0.3477696104973043,0.2873669076157957
q_learning,69,3,0.3339656381672834,0.2771252498252813
q_learning,69,4,0.4501452474373134,0.39638463112524447
q_learning,69,5,0.41170997152871014,0.35958217779044854
q_learning,69,6,0.29861326514042114,0.23984338483271975
q_learning,69,7,0.31983529049727977,0.2529590295089653
q_learning,69,8,0.33448543735842484,0.27228138344047503
q_learning,69,9,0.30161417102780974,0.25529446980024134
q_learning,70,0,0.5513357262610348,0.5642828424746464
q_learning,70,1,0.5573226372678954,0.5751104890145056
q_learning,70,2,0.6178231828797824,0.6111810963103428
q_learning,70,3,0.6965662111317096,0.6963976826690756
q_learning,70,4,0.7651485573269827,0.7633068187571659
q_learning,70,5,0.6959320834484028,0.6959320834484028
q_learning,70,6,0.5927594321717234,0.5976001677047221
q_learning,70,7,0.5227808903476874,0.5357280065612989
q_learning,70,8,0.5728470709753462,0.5857941871889577
q_learning,70,9,0.7391435286255488,0.7228199709901119
q_learning,71,0,0.14326060537158924,0.13008722850692114
q_learning,71,1,0.16627540977091979,0.159407062550423
q_learning,71,2,0.15116530549837232,0.1299432801415143
q_learning,71,3,0.20281665606344443,0.18014768125046052
q_learning,71,4,0.11493653603388831,0.07408492036060352
q_learning,71,5,0.1414100941406942,0.1465878865989604
q_learning,71,6,0.07486279574220779,0.06367664303166218
q_learning,71,7,0.1897993317761067,0.14423512149908183
q_learning,71,8,0.2087052466813975,0.173851624934476
q_learning,71,9,0.16629998986814673,0.14991870004428734
q_learning,72,0,0.27234642736346265,0.16283342828223002
q_learning,72,1,0.16172046137743357,0.08503347235562532
q_learning,72,2,0.20984285016130427,0.1220678281507484
q_learning,72,3,0.2514404110525995,0.10859524058053803
q_learning,72,4,0.27119814229828487,0.13743071169276708
q_learning,72,5,0.12254205581133083,0.021432106802603716
q_learning,72,6,0.2399682705354463,0.14008937665770435
q_learning,72,7,0.16172046137743362,0.09814911703187143
q_learning,72,8,0.15689573394769266,0.08806582207711221
q_learning,72,9,0.24363614090604013,0.15718690575148347
q_learning,73,0,0.20857695522892675,0.3196111690664484
q_learning,73,1,0.15022911742490816,0.25836943235017856
q_learning,73,2,0.21172303140932308,0.310036389684291
q_learning,73,3,0.25888691216896015,0.32261329688143797
q_learning,73,4,0.2326980510620744,0.27301240021508355
q_learning,73,5,0.21084535224684203,0.23691704175189127
q_learning,73,6,0.16863340466056106,0.21378810952750452
q_learning,73,7,0.19284673637727404,0.27354077136826466
q_learning,73,8,0.21112445215048622,0.23526097560071776
q_learning,73,9,0.13941183721096537,0.18982003754706325
q_learning,74,0,1.0975729974203698,1.0892577007437472
q_learning,74,1,1.07548021743516,1.0724408329386026
q_learning,74,2,1.1532680691817703,1.152030035721654
q_learning,74,3,1.0986967023883207,1.092054615818881
q_learning,74,4,1.0736172303189622,1.0736172303189622
q_learning,74,5,0.9803751529386272,0.9774639093713279
q_learning,74,6,1.1096247789084035,1.0982700977352233
q_learning,74,7,1.0617360868848784,1.060498053424762
q_learning,74,8,1.0261291940515986,1.0165758639148597
q_learning,74,9,1.0518369271617933,1.0536382781982345
q_learning,75,0,0.13159903916189342,0.08709333865941077
q_learning,75,1,0.12940370171212592,0.08471717267622021
q_learning,75,2,0.21258583053950791,0.22237528505241935
q_learning,75,3,0.10709208283024703,0.06408637173551592
q_learning,75,4,0.09958940725933459,0.0409014452087132
q_learning,75,5,0.07598274746818841,0.048812979443457416
q_learning,75,6,0.03943373188205906,0.0009541127685263007
q_learning,75,7,0.07055787131279298,0.03703169361718021
q_learning,75,8,0.06547171200758038,0.019280501327125516
q_learning,75,9,0.23839216269874086,0.1775402381641157
q_learning,76,0,0.24162798346489087,0.23087700740141145
q_learning,76,1,0.09233776929462996,0.09700997636499456
q_learning,76,2,0.20023722897828938,0.1873778661605604
q_learning,76,3,0.14162778279778196,0.11766304233625836
q_learning,76,4,0.1037749634205693,0.09751032130977288
q_learning,76,5,0.1741340805550565,0.15476077209714617
q_learning,76,6,0.1671514048423944,0.15923089727946282
q_learning,76,7,0.2788062876254211,0.26762013491487496
q_learning,76,8,0.20031620971309394,0.18703203657421455
q_learning,76,9,0.22727430532852907,0.212782119936993
q_learning,77,0,0.1484752289791868,0.1098954564669225
q_learning,77,1,0.15913958749953547,0.149742735440437
q_learning,77,2,0.2098291523164585,0.188705246681399
q_learning,77,3,0.06341993564090823,0.04416271772726228
q_learning,77,4,0.12352036562113161,0.14189987209244842
q_learning,77,5,0.1601845123997909,0.14307606877377016
q_learning,77,6,0.21543332459462192,0.19497846075423525
q_learning,77,7,0.08542003704648057,0.07623210098339163
q_learning,77,8,0.1504784612365669,0.1475955548176497
q_learning,77,9,0.14094093853597656,0.12974273544043663
q_learning,78,0,0.16647680677418486,0.16163607124118629
q_learning,78,1,0.1436252903943647,0.14542664143080583
q_learning,78,2,0.2045258655630663,0.19444960538337822
q_learning,78,3,0.35603679998068616,0.33284489512475246
q_learning,78,4,0.23016925724200557,0.21564705064300985
q_learning,78,5,0.21900748396157746,0.20889083624851368
q_learning,78,6,0.2914810309938027,0.2769588243948069
q_learning,78,7,0.1797065792754869,0.16822375717304858
q_learning,78,8,0.17723071302236323,0.16244185823893473
q_learning,78,9,0.1961561682488662,0.18827604821931018
q_learning,79,0,0.12379077085671839,0.09073850014623758
q_learning,79,1,0.2002618090755171,0.1558952447252322
q_learning,79,2,0.17335287365453572,0.1421423415138717
q_learning,79,3,0.17216400038887325,0.15491235727087996
q_learning,79,4,0.2000195403212024,0.16987851317802097
q_learning,79,5,0.21965790329870744,0.22624225767972347
q_learning,79,6,0.24028638917274406,0.19017811275461213
q_learning,79,7,0.1978073920678126,0.19454174692019763
q_learning,79,8,0.24726906488540615,0.19436094320744152
q_learning,79,9,0.1882698693672224,0.19087407721671298
q_learning,80,0,0.6080590859372182,0.5920725852270492
q_learning,80,1,0.8030252418443589,0.7918794766671884
q_learning,80,2,0.6576559344591407,0.6445402897828951
q_learning,80,3,0.5866221014408618,0.5754763362636913
q_learning,80,4,0.6675008081369079,0.651345778964105
q_learning,80,5,0.6774766383363726,0.6710030802295667
q_learning,80,6,0.5977538534819015,0.5898737334523454
q_learning,80,7,0.6607322039319578,0.63990496768879
q_learning,80,8,0.5944778420402999,0.5782824253341211
q_learning,80,9,0.6645968000117882,0.6538458239483087
q_learning,81,0,0.5598783790018512,0.7336089676933443
q_learning,81,1,0.6219620753860041,0.8117576537620846
q_learning,81,2,0.576491292593979,0.6989022244965284
q_learning,81,3,0.49159165046688447,0.7369989062928947
q_learning,81,4,0.5813101775473407,0.776953192209616
q_learning,81,5,0.5842881266312501,0.7612659579236504
q_learning,81,6,0.45517783478310453,0.5346004271097361
q_learning,81,7,0.6394394453036294,0.8177522015772718
q_learning,81,8,0.4947596014249386,0.6360797259566933
q_learning,81,9,0.5304230905938894,0.6950922000924745
q_learning,82,0,0.5894163480808957,0.5845756125478971
q_learning,82,1,0.4635782003822564,0.4634096719196225
q_learning,82,2,0.5261413040728559,0.5261009165394802
q_learning,82,3,0.47473786407136875,0.47473786407136875
q_learning,82,4,0.671689907580842,0.6702833456580918
q_learning,82,5,0.45133331033436186,0.4464925748013633
q_learning,82,6,0.47596492920424205,0.48243848731104794
q_learning,82,7,0.54680565366266,0.5550805628059069
q_learning,82,8,0.508753883249207,0.49739920207602695
q_learning,82,9,0.46767580625775534,0.4482147444039622
q_learning,83,0,0.2600636607396558,0.1988096191443512
q_learning,83,1,0.25585141108069365,0.2103749541995497
q_learning,83,2,0.06641431836032695,0.008129252520744928
q_learning,83,3,0.3094270131683417,0.24481580645138679
q_learning,83,4,0.1937586310954839,0.16003164450121138
q_learning,83,5,0.2706671562197737,0.24080951988281632
q_learning,83,6,0.3085070983455367,0.26118192456544465
q_learning,83,7,0.1460470395285618,0.09889737254023506
q_learning,83,8,0.2532986736840814,0.2140394930512274
q_learning,83,9,0.15588103095393518,0.1229972887060882
q_learning,84,0,0.40721552830712954,0.4049199788436564
q_learning,84,1,0.4177242356162943,0.45131142536385027
q_learning,84,2,0.4173046657382675,0.38639987972386963
q_learning,84,3,0.423089896191298,0.41142688970876745
q_learning,84,4,0.3163334811296928,0.3331619365947453
q_learning,84,5,0.20063861003540107,0.20406112772819104
q_learning,84,6,0.46151480580591375,0.4331161079192075
q_learning,84,7,0.3277513356015284,0.3156461741427999
q_learning,84,8,0.4187603878554715,0.40405799687638383
q_learning,84,9,0.42328300475115876,0.36404552095915127
q_learning,85,0,0.3991746558995186,0.25708203802849683
q_learning,85,1,0.3293332283648569,0.13488184973393147
q_learning,85,2,0.32700110981003133,0.13905391252662685
q_learning,85,3,0.5380334352702502,0.2887207980840763
q_learning,85,4,0.36768135291083326,0.1033305574118458
q_learning,85,5,0.5525636118299593,0.3029849284926085
q_learning,85,6,0.32697932741222485,0.06770589442320964
q_learning,85,7,0.4869822575969239,0.2270370209838682
q_learning,85,8,0.5060675832172424,0.307723811450674
q_learning,85,9,0.4674234773874787,0.23492730667223222
q_learning,86,0,0.4471885197658531,0.4407149616590472
q_learning,86,1,0.5616701381643643,0.5522853364902592
q_learning,86,2,0.41969441618891007,0.41498182158516966
q_learning,86,3,0.47646776560887094,0.48979232628112623
q_learning,86,4,0.42012842470337686,0.43328445691299805
q_learning,86,5,0.3450007509425815,0.3534441885484624
q_learning,86,6,0.3657434792339342,0.37422730437319074
q_learning,86,7,0.3988238622276677,0.40713915890429037
q_learning,86,8,0.46607338679187155,0.4709141223248702
q_learning,86,9,0.412301143926408,0.4188150895665896
q_learning,87,0,0.42653320320435784,0.4216924676713592
q_learning,87,1,0.5482333036671924,0.5565082128104393
q_learning,87,2,0.5978720769413891,0.5968025719439068
q_learning,87,3,0.5530740392001909,0.5504294438173245
q_learning,87,4,0.4391557383780046,0.437442140737446
q_learning,87,5,0.43611071207217683,0.43152625839769465
q_learning,87,6,0.4895942376134433,0.4867233815795198
q_learning,87,7,0.5388237212287516,0.4950204744547909
q_learning,87,8,0.563318827842513,0.5649516504163201
q_learning,87,9,0.5450955987817271,0.5499363343147258
q_learning,88,0,0.12586794407288854,0.11142651254064427
q_learning,88,1,0.1867355678494321,0.15832488096860098
q_learning,88,2,0.23517920612242182,0.22632770081718245
q_learning,88,3,0.17512984526085898,0.15105430852512464
q_learning,88,4,0.1520658806670747,0.15550005427732305
q_learning,88,5,0.21218898182031826,0.2000718313674643
q_learning,88,6,0.24683912868146327,0.22284436701248012
q_learning,88,7,0.2719712931632303,0.24797653149424717
q_learning,88,8,0.25050699905205703,0.23801240414055977
q_learning,88,9,0.20646871899789043,0.18410677990271476
q_learning,89,0,0.6582642447928188,0.6564508433713839
q_learning,89,1,0.3711440831174031,0.3747347348052917
q_learning,89,2,0.4833255991676039,0.47380060617924696
q_learning,89,3,0.6029922992934911,0.5862739525443633
q_learning,89,4,0.47739784297580534,0.44690710648910625
q_learning,89,5,0.4700414260287245,0.47847281324961166
q_learning,89,6,0.5764447760618041,0.5604058374332656
q_learning,89,7,0.5567116249133458,0.5550667519545449
q_learning,89,8,0.6475674686998076,0.6266877945382706
q_learning,89,9,0.5954265408500915,0.5811889532579941
q_learning,90,0,0.7324466876251049,0.7294073031285474
q_learning,90,1,0.7059378678357869,0.689782838662984
q_learning,90,2,0.6044963595218227,0.599655623988824
q_learning,90,3,0.6649282046180435,0.6570480845884875
q_learning,90,4,0.6634268545243402,0.6551519453810932
q_learning,90,5,0.6273145231433376,0.6242751386467802
q_learning,90,6,0.6704711663167593,0.6638290797473196
q_learning,90,7,0.5648769348322739,0.5600361992992754
q_learning,90,8,0.5887485953480136,0.5725935661752106
q_learning,90,9,0.7567551480816589,0.7454408544418545
q_learning,91,0,0.42762493307618143,0.35019602481106715
q_learning,91,1,0.17919009163036131,0.09130218445686178
q_learning,91,2,0.3155996406095817,0.21035398628067586
q_learning,91,3,0.2283782283605594,0.13760741476814262
q_learning,91,4,0.19798011665849644,0.10859282211050138
q_learning,91,5,0.2237321089454817,0.14643134160962565
q_learning,91,6,0.1714503635821662,0.09662566316654275
q_learning,91,7,0.32030146755318795,0.2422688541783731
q_learning,91,8,0.25246677483302227,0.1764040409572825
q_learning,91,9,0.1753363239759946,0.08504805289315127
q_learning,92,0,0.5105827218301416,0.5105827218301416
q_learning,92,1,0.5970316998397205,0.5970316998397205
q_learning,92,2,0.49067047522602425,0.49067047522602425
q_learning,92,3,0.5330918181355541,0.5330918181355541
q_learning,92,4,0.41291925396163454,0.41291925396163454
q_learning,92,5,0.401654120516284,0.401654120516284
q_learning,92,6,0.6370933359514066,0.6370933359514066
q_learning,92,7,0.5431558719761342,0.5431558719761342
q_learning,92,8,0.587004677847508,0.587004677847508
q_learning,92,9,0.5473923783591982,0.5473923783591982
q_learning,93,0,0.22977475167887804,0.19428680158154085
q_learning,93,1,0.2325964475183478,0.18910023646219637
q_learning,93,2,0.28524649297392024,0.24590653727431572
q_learning,93,3,0.2778319721650373,0.23882209506156926
q_learning,93,4,0.16532023326560116,0.10549009824809673
q_learning,93,5,0.31203606012672175,0.23081537128972512
q_learning,93,6,0.16179631126041424,0.11786492355719663
q_learning,93,7,0.30319783340714973,0.21265007508447145
q_learning,93,8,0.27529313328036703,0.1974662305202431
q_learning,93,9,0.22286581625789664,0.19856401887110545
q_learning,94,0,0.5685071081599292,0.5458785208803204
q_learning,94,1,0.5347682180527706,0.5108612097796699
q_learning,94,2,0.48250418904981096,0.4717532129863314
q_learning,94,3,0.45227321284458166,0.44743247731158303
q_learning,94,4,0.5353967039268072,0.5044124324371999
q_learning,94,5,0.5020372210294294,0.5007991875693131
q_learning,94,6,0.6512588207588731,0.6291531635222134
q_learning,94,7,0.5030185470987908,0.4951384270692349
q_learning,94,8,0.45109157502109887,0.44985354156098256
q_learning,94,9,0.46236548112752757,0.457524745594529
q_learning,95,0,0.27500321192159827,0.42522497780607144
q_learning,95,1,0.17346021573575116,0.3598583820454252
q_learning,95,2,0.10189872815787718,0.1825682782112807
q_learning,95,3,0.18764652542832227,0.3139235614177172
q_learning,95,4,0.10235101913204366,0.22674364292591312
q_learning,95,5,0.2667178379444393,0.41525578104746047
q_learning,95,6,0.14764329241740143,0.291006475374038
q_learning,95,7,0.12093750850907194,0.3023667983564892
q_learning,95,8,-0.10553436553865633,0.08345304597576292
q_learning,95,9,0.21996507777487598,0.4078252521033901
q_learning,96,0,0.10039014524100727,0.07587943185820592
q_learning,96,1,0.04565847440774718,0.00996160831439956
q_learning,96,2,-0.0852391795387293,-0.11262074895545435
q_learning,96,3,0.046234669235521914,0.02639616292308517
q_learning,96,4,0.053903485017621995,0.00808997121121043
q_learning,96,5,0.10046522205254879,0.07084712495231618
q_learning,96,6,0.07360544682602116,0.04253342194053128
q_learning,96,7,0.023162108481676758,-0.013900932001045495
q_learning,96,8,-0.030582022068605094,-0.07935414530482263
q_learning,96,9,0.07951924374054821,0.024145421468266478
q_learning,97,0,0.1931843451919139,0.1614363487700135
q_learning,97,1,0.23958225408283204,0.20887020923300004
q_learning,97,2,0.14152755348468019,0.1067401725662224
q_learning,97,3,0.20600665199518403,0.17421826803990798
q_learning,97,4,0.25530190594145946,0.2336301696992472
q_learning,97,5,0.25247163810802054,0.22899855082936715
q_learning,97,6,0.1772963655377614,0.15382327825910802
q_learning,97,7,0.23663452690541992,0.21620082412332395
q_learning,97,8,0.2399684712025537,0.20170652914047182
q_learning,97,9,0.24654245928958307,0.2230693720109297
q_learning,98,0,0.2184112978446179,0.19226776188800954
q_learning,98,1,0.06792928022399565,0.04924105397579297
q_learning,98,2,0.11734179284713567,0.09616713335278405
q_learning,98,3,0.23838671774739092,0.20757097472041816
q_learning,98,4,0.17488737583943095,0.1564958189831206
q_learning,98,5,0.2500712204036593,0.23475943557728177
q_learning,98,6,0.28789966035075415,0.2552825662873399
q_learning,98,7,0.19145320222918258,0.1829693770899261
q_learning,98,8,0.2294833227301075,0.244568846905428
q_learning,98,9,0.2945663270174208,0.274936736700994
q_learning,99,0,0.14256171072480442,0.13569336350430775
q_learning,99,1,0.16740244625780293,0.15732618607811483
q_learning,99,2,0.1985885989683492,0.19905379682287533
q_learning,99,3,0.23822716261296326,0.2165393373683229
q_learning,99,4,0.205383406564274,0.17919250474515888
q_learning,99,5,0.23289311691025708,0.23165508345014085
q_learning,99,6,0.15810406145971978,0.15167089088628966
q_learning,99,7,0.08893694844270253,0.09742077358195919
q_learning,99,8,0.15068409950867515,0.12154156658888506
q_learning,99,9,0.1781532216541736,0.16057428590357328
gp,0,0,0.03771319841844773,0.03892505600439204
gp,0,1,0.03450673436409356,0.04720141405247618
gp,0,2,0.07510520114277744,0.08283100436890328
gp,0,3,0.08381548760019995,0.08935720106118744
gp,0,4,0.04883352425691061,0.06320141405247619
gp,0,5,0.07952405865143138,0.09389194844699694
gp,0,6,0.09354337700509086,0.10610991576421529
gp,0,7,0.06852178396433407,0.07624758719045992
gp,0,8,0.0022528489340273754,0.011780003196594379
gp,0,9,0.06179413976035318,0.07452920698211152
gp,1,0,0.10830338293787345,0.10830338293787345
gp,1,1,-0.027620994156366284,-0.027620994156366284
gp,1,2,0.013974919275089726,0.013974919275089726
gp,1,3,0.11335229793141731,0.11335229793141731
gp,1,4,0.057755348003922485,0.057755348003922485
gp,1,5,0.05371464732328491,0.05371464732328491
gp,1,6,-0.0022508296737033806,-0.0022508296737033806
gp,1,7,-0.022936536033898978,-0.022936536033898978
gp,1,8,0.05410943643697587,0.05410943643697587
gp,1,9,-0.0027434274740381365,-0.0027434274740381365
gp,2,0,0.03983953182907141,0.043442233901953724
gp,2,1,0.046568424270780596,0.04820124684458784
gp,2,2,0.17919588677221823,0.19411288248490494
gp,2,3,0.03516732475870675,0.043442233901953724
gp,2,4,0.004095299873217062,0.008767506943581728
gp,2,5,0.06438202635932438,0.05954129082632581
gp,2,6,0.040527546335584856,0.04576307098227441
gp,2,7,0.06136953010631174,0.06120100164367782
gp,2,8,0.045115644676245556,0.05699325589237484
gp,2,9,0.05407856832600599,0.05948262143532943
gp,3,0,0.14010378569716078,0.14010378569716078
gp,3,1,0.11708020863675214,0.11708020863675214
gp,3,2,0.0296378623498219,0.0296378623498219
gp,3,3,0.014482154266866628,0.014482154266866628
gp,3,4,0.0010417037174558796,0.0010417037174558796
gp,3,5,0.05982206449993678,0.05982206449993678
gp,3,6,0.01608684035940079,0.01608684035940079
gp,3,7,0.0806056140339075,0.0806056140339075
gp,3,8,0.01652221767357635,0.01652221767357635
gp,3,9,0.01983157369647928,0.01983157369647928
gp,4,0,0.09493216877248434,0.09535404679682896
gp,4,1,0.0797214359647112,0.0797214359647112
gp,4,2,0.060512274767791564,0.060512274767791564
gp,4,3,0.024247308530329373,0.024247308530329373
gp,4,4,0.023458041338102507,0.023458041338102507
gp,4,5,0.021079783104513746,0.021079783104513746
gp,4,6,0.09080998065572247,0.09080998065572247
gp,4,7,0.029412113401028794,0.029412113401028794
gp,4,8,0.06421278552731766,0.06421278552731766
gp,4,9,0.06977258017881692,0.07019445820316154
gp,5,0,0.058006076272053474,0.058006076272053474
gp,5,1,0.07309015154253692,0.07309015154253692
gp,5,2,0.12545562360920837,0.12545562360920837
gp,5,3,0.09631039354685257,0.10075685166842412
gp,5,4,0.06473227157119718,0.06473227157119718
gp,5,5,0.08417994447127651,0.08417994447127651
gp,5,6,0.035405860627957975,0.035405860627957975
gp,5,7,0.03768775907974012,0.03768775907974012
gp,5,8,0.05872317478345304,0.05872317478345304
gp,5,9,0.039852318749529526,0.039852318749529526
gp,6,0,0.10407442303214412,0.10407442303214412
gp,6,1,0.1243031822707646,0.1243031822707646
gp,6,2,0.11564624676819323,0.11564624676819323
gp,6,3,0.011428132578867064,0.011428132578867064
gp,6,4,0.12757908337624926,0.12757908337624926
gp,6,5,0.10492569327831992,0.10492569327831992
gp,6,6,0.16844971744261997,0.16844971744261997
gp,6,7,0.10848102948869545,0.10848102948869545
gp,6,8,0.10234857433948281,0.10234857433948281
gp,6,9,0.0718782939565926,0.0718782939565926
gp,7,0,0.05613525369735051,0.0674495473371549
gp,7,1,0.043975419902773066,0.0456082424765803
gp,7,2,0.06332591031555587,0.06979946842236169
gp,7,3,0.09231341406254323,0.1005883232057902
gp,7,4,0.03546251075863035,0.048409626972241986
gp,7,5,0.01305822352297748,0.029044724233146545
gp,7,6,0.020418857508653954,0.022051680082461195
gp,7,7,0.09677337147394573,0.10157371947356858
gp,7,8,0.050419894004692774,0.07000909678774415
gp,7,9,0.03584453711795473,0.05363238886456496
gp,8,0,0.10702347855241295,0.10702347855241295
gp,8,1,0.07106429979503096,0.07106429979503096
gp,8,2,0.0047153262334371955,0.0047153262334371955
gp,8,3,0.05855589455854742,0.05855589455854742
gp,8,4,0.022699842923954407,0.022699842923954407
gp,8,5,0.02120792403377195,0.02120792403377195
gp,8,6,0.01898469497298617,0.01898469497298617
gp,8,7,0.001014815473911105,0.001014815473911105
gp,8,8,0.07055820270486526,0.07055820270486526
gp,8,9,0.04911242349344601,0.04911242349344601
gp,9,0,0.10682131867134342,0.10682131867134342
gp,9,1,0.06118545141575398,0.06118545141575398
gp,9,2,0.06559350677714249,0.06559350677714249
gp,9,3,0.05937204999431907,0.05937204999431907
gp,9,4,0.0665774541400837,0.0665774541400837
gp,9,5,0.08397301324845956,0.08397301324845956
gp,9,6,0.07223559334658222,0.07223559334658222
gp,9,7,0.0879100751040442,0.0879100751040442
gp,9,8,0.06788495913846179,0.06788495913846179
gp,9,9,0.055065783186999485,0.055065783186999485
gp,10,0,-0.017336353849024,-0.017336353849024
gp,10,1,0.12773337601358786,0.12773337601358786
gp,10,2,0.0773284302035632,0.0773284302035632
gp,10,3,0.05610495594186742,0.05610495594186742
gp,10,4,0.09395777531908028,0.09395777531908028
gp,10,5,0.037221312987485794,0.037221312987485794
gp,10,6,0.012693054282528114,0.012693054282528114
gp,10,7,0.05878184417444942,0.05878184417444942
gp,10,8,0.07824219365886977,0.07824219365886977
gp,10,9,0.05641697489457449,0.05641697489457449
gp,11,0,0.03332540968787253,0.03332540968787253
gp,11,1,0.06450800601437258,0.06450800601437258
gp,11,2,0.09091052097206308,0.09091052097206308
gp,11,3,0.011597798943112176,0.011597798943112176
gp,11,4,0.08022412354293858,0.08022412354293858
gp,11,5,0.0999294168702544,0.0999294168702544
gp,11,6,0.06397262425221191,0.06397262425221191
gp,11,7,0.09922312050612031,0.09922312050612031
gp,11,8,0.04853614249564567,0.04853614249564567
gp,11,9,0.029145264549487144,0.029145264549487144
gp,12,0,0.0361383087001725,0.0361383087001725
gp,12,1,0.016198148335875507,0.016198148335875507
gp,12,2,0.09953783660139287,0.09953783660139287
gp,12,3,0.10054992044560714,0.10054992044560714
gp,12,4,0.029723419984363057,0.029723419984363057
gp,12,5,0.03680088386797834,0.03680088386797834
gp,12,6,0.04387689884675647,0.04387689884675647
gp,12,7,0.07616131718654592,0.07616131718654592
gp,12,8,0.043204970436522334,0.043204970436522334
gp,12,9,0.033210232180089796,0.033210232180089796
gp,13,0,0.10013756184366834,0.11488602909372114
gp,13,1,0.013551021990421115,0.019856051634593024
gp,13,2,0.009682719303725463,0.01739431087064755
gp,13,3,0.06788347574649328,0.0743570338532991
gp,13,4,0.05897922148772923,0.07676707323433946
gp,13,5,0.08286058975501352,0.09884709046518259
gp,13,6,0.12636885119615945,0.1330109377655992
gp,13,7,0.06143900164457357,0.057964440500949455
gp,13,8,0.03266112626296867,0.042568857980022884
gp,13,9,0.09462106285625896,0.10576682803342945
gp,14,0,0.10258802324521574,0.10258802324521574
gp,14,1,0.07307810115754315,0.07307810115754315
gp,14,2,0.08087266355255802,0.08087266355255802
gp,14,3,-0.002645107085130404,-0.002645107085130404
gp,14,4,0.07395147707947401,0.07395147707947401
gp,14,5,0.11547647006783102,0.11547647006783102
gp,14,6,0.03810838886635644,0.03810838886635644
gp,14,7,0.07581024926918323,0.07581024926918323
gp,14,8,0.13943114491755385,0.13943114491755385
gp,14,9,0.07305121291399838,0.07305121291399838
gp,15,0,0.013018572525066123,0.013018572525066123
gp,15,1,0.1154473860629449,0.1154473860629449
gp,15,2,0.028201168851566174,0.028201168851566174
gp,15,3,0.03998045967878772,0.03998045967878772
gp,15,4,0.0432866930268868,0.0432866930268868
gp,15,5,0.10894569147486599,0.10894569147486599
gp,15,6,0.04536953010631174,0.04536953010631174
gp,15,7,0.09117247691969792,0.09117247691969792
gp,15,8,0.028764486427891058,0.028764486427891058
gp,15,9,0.08547664732238915,0.08547664732238915
gp,16,0,0.03418192849092837,0.03418192849092837
gp,16,1,0.04677589136195305,0.05008212471005212
gp,16,2,0.04788797965415246,0.04788797965415246
gp,16,3,0.033662442447048836,0.033662442447048836
gp,16,4,0.04196423983384059,0.04196423983384059
gp,16,5,0.07475131126472612,0.07475131126472612
gp,16,6,0.10289859329308565,0.10289859329308565
gp,16,7,0.05474501302511984,0.05474501302511984
gp,16,8,0.026963135391449906,0.026963135391449906
gp,16,9,0.05398004726998937,0.05398004726998937
gp,17,0,0.06764840804240321,0.06764840804240321
gp,17,1,0.04442816603808759,0.04442816603808759
gp,17,2,0.07069984292395441,0.07069984292395441
gp,17,3,0.09104653175178107,0.09104653175178107
gp,17,4,0.06549589875760758,0.06549589875760758
gp,17,5,0.08554611886065099,0.08554611886065099
gp,17,6,0.031479801586747645,0.031479801586747645
gp,17,7,0.06111473163976386,0.06111473163976386
gp,17,8,0.09877287084626238,0.09877287084626238
gp,17,9,0.08049720386710714,0.08049720386710714
gp,18,0,0.024669186554673997,0.024669186554673997
gp,18,1,0.0735012274196161,0.0735012274196161
gp,18,2,0.085320169244749,0.085320169244749
gp,18,3,0.027118164564252888,0.027118164564252888
gp,18,4,0.09293344042276336,0.09293344042276336
gp,18,5,0.027357412802876933,0.027357412802876933
gp,18,6,0.06059524559588432,0.06059524559588432
gp,18,7,0.09798360365403552,0.09798360365403552
gp,18,8,0.06542393074388914,0.06542393074388914
gp,18,9,0.09927885760031098,0.09927885760031098
gp,19,0,0.00298469497298617,0.004418857508653954
gp,19,1,0.04534192949339414,0.045538058568945654
gp,19,2,0.11660111012624831,0.11660111012624831
gp,19,3,0.0696437268801859,0.07287924045229484
gp,19,4,0.047408881143648635,0.047408881143648635
gp,19,5,0.06307236008673629,0.0711486091918438
gp,19,6,0.08140180355298109,0.08476545805434824
gp,19,7,0.08607910419436145,0.08607910419436145
gp,19,8,0.02271209397605704,0.02271209397605704
gp,19,9,0.0654323364627044,0.0704692010712545
gp,20,0,0.02624478864232204,0.04227167688586682
gp,20,1,0.021236973551526726,0.03439300576114798
gp,20,2,0.0359275079460475,0.048915011693034846
gp,20,3,0.05371535969265771,0.060229305332839246
gp,20,4,0.01253873747909795,0.03036697675908389
gp,20,5,0.07123229238930939,0.07787437895874913
gp,20,6,0.027639099512969594,0.03591400865621657
gp,20,7,0.08205398822877903,0.09340866940195916
gp,20,8,0.056176588754339236,0.06916409250132659
gp,20,9,0.09540888114364864,0.1049622112803876
gp,21,0,0.06744809843231771,0.07228883396531628
gp,21,1,0.060690121985722406,0.065530857518721
gp,21,2,0.048859876632099904,0.05854134769809707
gp,21,3,0.02862304687591079,0.025020344803028484
gp,21,4,0.09997983552829988,0.10178118656474103
gp,21,5,0.01812470800476917,0.03264691460376491
gp,21,6,-0.0017717311631995614,0.004870355406240172
gp,21,7,0.04481826291498061,0.043016911878539454
gp,21,8,0.054559115741346954,0.06604193784378529
gp,21,9,0.019350490412782806,0.025429259405897655
gp,22,0,0.012357982130452931,0.0309323694395932
gp,22,1,0.0002383352021423472,0.017011371474841462
gp,22,2,0.04393556823775283,0.04393556823775283
gp,22,3,0.02654054499773246,0.02895990313406975
gp,22,4,0.07676326235625429,0.07957740960628255
gp,22,5,0.015439949921727406,0.022700043591063278
gp,22,6,0.024052427692506158,0.027709819288959717
gp,22,7,0.01626886811186564,0.021727610744760355
gp,22,8,0.07561078653067917,0.0796629672408237
gp,22,9,0.06451070315693808,0.07661153235927251
gp,23,0,0.09048446241318447,0.09048446241318447
gp,23,1,0.022276716661881482,0.022276716661881482
gp,23,2,0.0716587764804264,0.0716587764804264
gp,23,3,0.08799509687022988,0.08799509687022988
gp,23,4,0.02607554781031531,0.02607554781031531
gp,23,5,0.034940863440540815,0.034940863440540815
gp,23,6,0.10324621721137872,0.10324621721137872
gp,23,7,0.07135972094919478,0.07135972094919478
gp,23,8,0.03647661386316863,0.03647661386316863
gp,23,9,0.02930154196001843,0.02930154196001843
gp,24,0,0.01953198229689218,0.014859775226527514
gp,24,1,0.120484250671495,0.12892768827737588
gp,24,2,0.006247096788639886,0.011087832321638465
gp,24,3,0.04595993659329028,0.05744275869572859
gp,24,4,0.07082525222351578,0.07926868982939668
gp,24,5,0.032479835045968165,0.0391219216154079
gp,24,6,0.04235723452040797,0.04428672648610732
gp,24,7,0.07893236943959321,0.07910089790222712
gp,24,8,0.027864848461762702,0.032705583994761284
gp,24,9,0.04778817587327621,0.04778817587327621
gp,25,0,0.04589194844699696,0.04589194844699696
gp,25,1,0.11046939151250006,0.11046939151250006
gp,25,2,0.08296828755244108,0.08296828755244108
gp,25,3,0.029566430204458954,0.029566430204458954
gp,25,4,0.04680426299746635,0.04680426299746635
gp,25,5,0.03591454452457205,0.03591454452457205
gp,25,6,0.14957209406771407,0.14957209406771407
gp,25,7,0.14319489574271485,0.14319489574271485
gp,25,8,0.03774497956589932,0.03774497956589932
gp,25,9,0.13260111012624834,0.13260111012624834
gp,26,0,0.07877589136195305,0.07877589136195305
gp,26,1,0.03304315262229306,0.03304315262229306
gp,26,2,0.05914630104552596,0.05914630104552596
gp,26,3,0.07079765161059819,0.07079765161059819
gp,26,4,0.04733940960538681,0.04733940960538681
gp,26,5,0.12649824036314594,0.12649824036314594
gp,26,6,0.09411476509898438,0.09411476509898438
gp,26,7,0.07106305155730266,0.07106305155730266
gp,26,8,0.027779290827221553,0.027779290827221553
gp,26,9,0.07704401186377373,0.07704401186377373
gp,27,0,0.1062572645595542,0.1062572645595542
gp,27,1,0.11028258119224549,0.11028258119224549
gp,27,2,0.06657765480719256,0.06657765480719256
gp,27,3,0.03478583426773784,0.03478583426773784
gp,27,4,0.11923709912319064,0.11923709912319064
gp,27,5,0.03943044072518491,0.03943044072518491
gp,27,6,0.06456667540536896,0.06456667540536896
gp,27,7,0.08057724239839421,0.08057724239839421
gp,27,8,0.051531069260410484,0.051531069260410484
gp,27,9,0.12293596031077068,0.12293596031077068
gp,28,0,0.11171947535761007,0.11171947535761007
gp,28,1,0.08087266355255802,0.08087266355255802
gp,28,2,0.12825994040167574,0.12825994040167574
gp,28,3,0.060031928019559436,0.060031928019559436
gp,28,4,0.06758922694914289,0.06758922694914289
gp,28,5,0.06212994844789271,0.06212994844789271
gp,28,6,0.07753734619957282,0.07753734619957282
gp,28,7,0.08001540821403784,0.08001540821403784
gp,28,8,0.11477091023916126,0.11477091023916126
gp,28,9,0.07831362580423272,0.07831362580423272
gp,29,0,0.10810523460199796,0.10990658563843911
gp,29,1,0.07415965654001927,0.0842359167197074
gp,29,2,0.03995063913843726,0.045186163785126805
gp,29,3,-0.0001254092995613861,0.006348148807244434
gp,29,4,0.06363607899727894,0.07191098814052589
gp,29,5,0.022403374199171166,0.03067828334241814
gp,29,6,0.008146055844615946,0.018222316024304075
gp,29,7,0.009006042812832946,0.019082302992521075
gp,29,8,0.05502411292876412,0.054011828417440955
gp,29,9,0.07831382647134158,0.07730154196001843
gp,30,0,-0.0048387162726745755,-0.0048387162726745755
gp,30,1,0.04906052144343202,0.049761499371420916
gp,30,2,-0.015633724535708316,-0.010260539537354762
gp,30,3,-0.021653623470717923,-0.016280438472364368
gp,30,4,0.023980259011678867,0.023980259011678867
gp,30,5,-0.020248510452804912,-0.020248510452804912
gp,30,6,0.04484913102595052,0.045381580491305494
gp,30,7,0.04727050842261181,0.04727050842261181
gp,30,8,-0.022501359386832287,-0.022501359386832287
gp,30,9,0.0646337505151806,0.0646337505151806
gp,31,0,0.06948744946965463,0.06948744946965463
gp,31,1,0.101084589838395,0.101084589838395
gp,31,2,0.031339409605386816,0.031339409605386816
gp,31,3,0.07062912314796428,0.07062912314796428
gp,31,4,0.03968523919173279,0.03968523919173279
gp,31,5,0.0492102321800898,0.0492102321800898
gp,31,6,0.1131277972203525,0.1131277972203525
gp,31,7,0.05232033645263735,0.05232033645263735
gp,31,8,0.05896242302207708,0.05896242302207708
gp,31,9,0.03337876064272371,0.03337876064272371
gp,32,0,0.07900237684621052,0.07900237684621052
gp,32,1,0.062384546247331724,0.062384546247331724
gp,32,2,0.06660454305073735,0.06660454305073735
gp,32,3,0.054757063410113604,0.054757063410113604
gp,32,4,0.023319333415819057,0.023319333415819057
gp,32,5,0.01725540228125523,0.01725540228125523
gp,32,6,-0.007105064496532893,-0.007105064496532893
gp,32,7,0.09469585283066598,0.09469585283066598
gp,32,8,0.10825747630124369,0.10825747630124369
gp,32,9,0.08927696186279149,0.08927696186279149
gp,33,0,0.030285489322959634,0.030285489322959634
gp,33,1,0.047032173220469445,0.047032173220469445
gp,33,2,0.06967061512373067,0.06967061512373067
gp,33,3,0.0636932994834381,0.0636932994834381
gp,33,4,0.10171319841844773,0.10171319841844773
gp,33,5,0.04324266082733257,0.04324266082733257
gp,33,6,0.017041703717455878,0.017041703717455878
gp,33,7,0.030157348393701433,0.030157348393701433
gp,33,8,0.051154361337231294,0.051154361337231294
gp,33,9,0.09387969739489432,0.09387969739489432
gp,34,0,0.07499055950335015,0.07499055950335015
gp,34,1,0.09954644298731698,0.09954644298731698
gp,34,2,0.05171787958066505,0.05171787958066505
gp,34,3,0.11894883545011377,0.11894883545011377
gp,34,4,0.026568145610650056,0.026568145610650056
gp,34,5,0.08918775956207182,0.08918775956207182
gp,34,6,0.07095248011629228,0.07095248011629228
gp,34,7,0.04609941553816941,0.04609941553816941
gp,34,8,0.05351923061710621,0.05351923061710621
gp,34,9,0.07268435961447163,0.07268435961447163
gp,35,0,0.04262738535713325,0.04262738535713325
gp,35,1,0.07457016487097405,0.07457016487097405
gp,35,2,0.10501044821249646,0.10501044821249646
gp,35,3,0.03432672587195273,0.03432672587195273
gp,35,4,-0.009875580881224666,-0.009875580881224666
gp,35,5,0.028894445950364396,0.028894445950364396
gp,35,6,0.07772523857757818,0.07772523857757818
gp,35,7,0.06251157347299935,0.06251157347299935
gp,35,8,0.0717457271759443,0.0717457271759443
gp,35,9,0.07015110669521124,0.07015110669521124
gp,36,0,0.025330112150533792,0.025526241226085305
gp,36,1,0.10108385330293064,0.10108385330293064
gp,36,2,0.06434217469430416,0.06434217469430416
gp,36,3,0.054925591872747516,0.054925591872747516
gp,36,4,0.08142373007678026,0.08142373007678026
gp,36,5,0.12171131580436825,0.12171131580436825
gp,36,6,0.06878593567331023,0.06878593567331023
gp,36,7,0.1085512133963301,0.1085512133963301
gp,36,8,0.07664166393477806,0.07863914404677073
gp,36,9,0.0719669603889568,0.0719669603889568
gp,37,0,0.06081826291498061,0.06081826291498061
gp,37,1,0.02801967696745681,0.02801967696745681
gp,37,2,0.13090359858196898,0.13090359858196898
gp,37,3,0.024598266111574993,0.024598266111574993
gp,37,4,0.06666176353689655,0.06666176353689655
gp,37,5,0.06398558767368737,0.06398558767368737
gp,37,6,-0.037036864608550095,-0.037036864608550095
gp,37,7,-0.02261246669619814,-0.02261246669619814
gp,37,8,0.07294851132344779,0.07294851132344779
gp,37,9,0.10100948886076201,0.10100948886076201
gp,38,0,0.11801639999708201,0.11801639999708201
gp,38,1,0.03387135844305846,0.03387135844305846
gp,38,2,0.040864402593743826,0.040864402593743826
gp,38,3,0.09666428342490387,0.09666428342490387
gp,38,4,0.026962222354968216,0.026962222354968216
gp,38,5,0.12197961356074709,0.12197961356074709
gp,38,6,0.03350670090487303,0.03350670090487303
gp,38,7,0.009781810715228888,0.009781810715228888
gp,38,8,0.033857859153227525,0.033857859153227525
gp,38,9,0.06069285361541923,0.06069285361541923
gp,39,0,0.11484637809580976,0.11484637809580976
gp,39,1,0.0914874281692107,0.0914874281692107
gp,39,2,0.03931933341581906,0.03931933341581906
gp,39,3,0.1497187175217018,0.1497187175217018
gp,39,4,0.06263718343966962,0.06263718343966962
gp,39,5,0.10634575449090104,0.10634575449090104
gp,39,6,0.0557815989735394,0.0557815989735394
gp,39,7,0.14331169865635213,0.14331169865635213
gp,39,8,0.03581568826730883,0.03581568826730883
gp,39,9,0.1125950125537509,0.1125950125537509
gp,40,0,0.107596350038275,0.107596350038275
gp,40,1,0.04743921338626305,0.04743921338626305
gp,40,2,0.065267452666249,0.065267452666249
gp,40,3,0.07963442942533289,0.07963442942533289
gp,40,4,0.04318888434024302,0.04318888434024302
gp,40,5,0.08194341678776867,0.08194341678776867
gp,40,6,0.03491397519699604,0.03491397519699604
gp,40,7,0.09159779894311218,0.09159779894311218
gp,40,8,0.052309534305371885,0.052309534305371885
gp,40,9,0.023754510062885748,0.023754510062885748
gp,41,0,0.018293236467403086,0.018293236467403086
gp,41,1,0.0705973420005127,0.07403171627786996
gp,41,2,0.0955211263546257,0.0955211263546257
gp,41,3,0.04890151240320392,0.054137237717002344
gp,41,4,0.09132946669960203,0.09132946669960203
gp,41,5,0.04317318928907074,0.04840891460286916
gp,41,6,0.057344950009084815,0.06077932428644208
gp,41,7,0.0883610026461436,0.0883610026461436
gp,41,8,0.0757939280186637,0.07742695125957982
gp,41,9,0.03618014513838539,0.03618014513838539
gp,42,0,0.07170135977514346,0.07170135977514346
gp,42,1,0.061242872569022055,0.061242872569022055
gp,42,2,0.07500759312324252,0.07500759312324252
gp,42,3,0.09538241843234224,0.09538241843234224
gp,42,4,0.08713929043654688,0.08713929043654688
gp,42,5,0.07694913547393564,0.07694913547393564
gp,42,6,0.13006939644281687,0.13006939644281687
gp,42,7,0.12416174271878433,0.12416174271878433
gp,42,8,0.04664943449177224,0.04664943449177224
gp,42,9,0.10006812479253784,0.10006812479253784
gp,43,0,0.03836073506059368,0.03836073506059368
gp,43,1,0.028147727565723233,0.028147727565723233
gp,43,2,0.04963484183413124,0.04963484183413124
gp,43,3,0.05588318686049944,0.05588318686049944
gp,43,4,0.07187849462370148,0.07187849462370148
gp,43,5,0.07828602519131513,0.07828602519131513
gp,43,6,0.09027349547908195,0.09027349547908195
gp,43,7,0.025498439946058837,0.025498439946058837
gp,43,8,0.07226467735146834,0.07226467735146834
gp,43,9,0.09876210318612827,0.09876210318612827
gp,44,0,0.025513478471718726,0.025513478471718726
gp,44,1,0.038965443537767756,0.038965443537767756
gp,44,2,0.06218568554208339,0.06218568554208339
gp,44,3,0.053349453916744,0.053349453916744
gp,44,4,-0.019137704885465154,-0.019137704885465154
gp,44,5,0.05381171947446432,0.05381171947446432
gp,44,6,0.03664460645744706,0.03664460645744706
gp,44,7,0.13022419046137965,0.13022419046137965
gp,44,8,0.09552257525946285,0.09552257525946285
gp,44,9,0.015830759167993265,0.015830759167993265
gp,45,0,0.11325593814961071,0.11325593814961071
gp,45,1,0.04665193096722884,0.04665193096722884
gp,45,2,0.09459326157623248,0.09459326157623248
gp,45,3,-0.03415250928479565,-0.03415250928479565
gp,45,4,0.051180111679164864,0.051180111679164864
gp,45,5,0.05091451106535152,0.05091451106535152
gp,45,6,0.05057765480719256,0.05057765480719256
gp,45,7,0.03720721166439912,0.03720721166439912
gp,45,8,0.11364728326423204,0.11364728326423204
gp,45,9,0.02832984564917985,0.02832984564917985
gp,46,0,0.07143302753163328,0.07143302753163328
gp,46,1,0.06274920378551715,0.06922276189232297
gp,46,2,0.04743721829203059,0.05571212743527757
gp,46,3,0.0919893447248424,0.10026425386808936
gp,46,4,0.08088874964883734,0.08916365879208431
gp,46,5,0.04059846677868387,0.04239981781512502
gp,46,6,0.08619519473862589,0.08619519473862589
gp,46,7,0.047268689829396686,0.05554359897264366
gp,46,8,0.04590126720229391,0.05417617634554089
gp,46,9,0.03661407354772377,0.04308763165452959
gp,47,0,0.06395798706076976,0.06395798706076976
gp,47,1,0.05192921620314552,0.05192921620314552
gp,47,2,0.010358517245267613,0.010358517245267613
gp,47,3,0.046174917881949266,0.046174917881949266
gp,47,4,0.05829049461184295,0.05829049461184295
gp,47,5,0.09535553018879747,0.09535553018879747
gp,47,6,0.03519694463194834,0.03519694463194834
gp,47,7,0.06495802051999028,0.06495802051999028
gp,47,8,0.1083192683670439,0.1083192683670439
gp,47,9,-0.004811115659756986,-0.004811115659756986
gp,48,0,0.05315237731757944,0.05315237731757944
gp,48,1,0.01474829074903545,0.01474829074903545
gp,48,2,0.04953503805325499,0.04953503805325499
gp,48,3,0.053265881055395495,0.053265881055395495
gp,48,4,0.1081874930607179,0.1081874930607179
gp,48,5,-0.04481917595146232,-0.04481917595146232
gp,48,6,0.058555182189174604,0.058555182189174604
gp,48,7,0.06111618054460104,0.06111618054460104
gp,48,8,0.03131107245700485,0.03131107245700485
gp,48,9,-0.005107048516184746,-0.005107048516184746
gp,49,0,0.07249923335329443,0.07249923335329443
gp,49,1,0.09051553119126325,0.09051553119126325
gp,49,2,0.10182982483106763,0.10182982483106763
gp,49,3,0.08388569567392613,0.08388569567392613
gp,49,4,0.09110448877340462,0.09110448877340462
gp,49,5,0.10965323607672839,0.10965323607672839
gp,49,6,0.06849293511368816,0.06849293511368816
gp,49,7,0.10876784425693514,0.10876784425693514
gp,49,8,0.08799731679766273,0.08799731679766273
gp,49,9,0.12228708509990466,0.12228708509990466
gp,50,0,0.08578391819443786,0.08578391819443786
gp,50,1,0.034449513877934365,0.034449513877934365
gp,50,2,0.10700614421840536,0.10700614421840536
gp,50,3,0.04446710466662612,0.04446710466662612
gp,50,4,0.09742426594513576,0.09742426594513576
gp,50,5,0.09196518811099443,0.09196518811099443
gp,50,6,0.03796665831627553,0.03796665831627553
gp,50,7,0.061255659489480176,0.061255659489480176
gp,50,8,0.08544904670947155,0.08544904670947155
gp,50,9,0.09408716448606678,0.09408716448606678
gp,51,0,0.09455142513801959,0.09455142513801959
gp,51,1,0.08230915638370488,0.08230915638370488
gp,51,2,0.10552939838802051,0.10552939838802051
gp,51,3,0.1347157628402562,0.1347157628402562
gp,51,4,0.05066176353689655,0.05066176353689655
gp,51,5,0.05250569786805474,0.05250569786805474
gp,51,6,0.18963882375041577,0.18963882375041577
gp,51,7,0.05666827351819229,0.05666827351819229
gp,51,8,0.12591917189178833,0.12591917189178833
gp,51,9,0.09708740968697681,0.09708740968697681
gp,52,0,0.1451850177065117,0.1451850177065117
gp,52,1,0.046525985799311984,0.046525985799311984
gp,52,2,0.08363285781447938,0.08363285781447938
gp,52,3,0.025599692631772253,0.025599692631772253
gp,52,4,0.010346376529282074,0.010346376529282074
gp,52,5,0.11309946007197055,0.11309946007197055
gp,52,6,0.054969423405192876,0.054969423405192876
gp,52,7,0.03194531047642875,0.03194531047642875
gp,52,8,0.07865048206239167,0.07865048206239167
gp,52,9,0.047479600919638765,0.047479600919638765
gp,53,0,0.07537204999431907,0.0705313144613205
gp,53,1,0.026834994462191706,0.026834994462191706
gp,53,2,0.06267828334241815,0.06932036991185787
gp,53,3,0.04273926087973236,0.04454061191617351
gp,53,4,0.06146588988811835,0.06810797645755808
gp,53,5,0.02820241708929448,0.03484450365873421
gp,53,6,0.05852775807727435,0.05852775807727435
gp,53,7,0.00664188590233086,0.01148262143532944
gp,53,8,0.01756263866617259,0.02240337419917117
gp,53,9,0.09496270168220763,0.09192331718565021
gp,54,0,0.04190630697830857,0.04190630697830857
gp,54,1,0.006840034238206366,0.013550309621048282
gp,54,2,0.019405860627957974,0.019405860627957974
gp,54,3,0.07542855811110544,0.08090080003383109
gp,54,4,0.06630935705081376,0.06630935705081376
gp,54,5,0.15331848729777842,0.15331848729777842
gp,54,6,0.06130029372229013,0.061931800112017196
gp,54,7,0.027738190924473022,0.02960773077431636
gp,54,8,0.0686888635221308,0.0686888635221308
gp,54,9,0.012653914986880697,0.018126156909606343
gp,55,0,0.06332591031555587,0.06332591031555587
gp,55,1,0.06839239479734757,0.06839239479734757
gp,55,2,0.08540592754639903,0.08540592754639903
gp,55,3,0.05272871518715105,0.05272871518715105
gp,55,4,0.05554359897264366,0.05554359897264366
gp,55,5,0.08959758720142269,0.08959758720142269
gp,55,6,0.12779349430942144,0.12779349430942144
gp,55,7,0.05016987810593461,0.05016987810593461
gp,55,8,0.05907558126953584,0.05907558126953584
gp,55,9,0.06649198683653433,0.06649198683653433
gp,56,0,0.10225221455767622,0.10225221455767622
gp,56,1,0.025880131104136617,0.025880131104136617
gp,56,2,0.09993137747735553,0.09993137747735553
gp,56,3,0.06892882413012767,0.06892882413012767
gp,56,4,0.09213431860688406,0.09213431860688406
gp,56,5,0.08705080050520002,0.08705080050520002
gp,56,6,0.0926793543255883,0.0926793543255883
gp,56,7,0.022010580179712667,0.022010580179712667
gp,56,8,0.09797230012554592,0.09797230012554592
gp,56,9,0.08442272703996198,0.08442272703996198
gp,57,0,0.02462933488965376,0.02462933488965376
gp,57,1,0.09697151980982123,0.09697151980982123
gp,57,2,0.04409184564828411,0.04409184564828411
gp,57,3,0.053531281002099966,0.053531281002099966
gp,57,4,-0.011945800029531472,-0.011945800029531472
gp,57,5,0.01031479604893935,0.01031479604893935
gp,57,6,0.027876898846756457,0.027876898846756457
gp,57,7,0.047706798773269055,0.047706798773269055
gp,57,8,0.10877965948768868,0.10877965948768868
gp,57,9,0.03827671666188148,0.03827671666188148
gp,58,0,0.07766475059336668,0.07766475059336668
gp,58,1,0.09643853447611077,0.09643853447611077
gp,58,2,0.09812638177473586,0.09812638177473586
gp,58,3,0.08086041250045538,0.08086041250045538
gp,58,4,0.09759632873783108,0.09759632873783108
gp,58,5,0.09354067986252539,0.09354067986252539
gp,58,6,0.029017123620228943,0.029017123620228943
gp,58,7,0.05900759312324252,0.05900759312324252
gp,58,8,0.1147069681251933,0.1147069681251933
gp,58,9,0.026191437687470873,0.026191437687470873
gp,59,0,0.09888727733144945,0.11324095546781125
gp,59,1,0.09580770596862517,0.11196273514142814
gp,59,2,0.0418786477121681,0.05459950327472268
gp,59,3,0.026342396661856952,0.032815954768662774
gp,59,4,0.11556543721431045,0.1252469082803076
gp,59,5,0.0683371349182895,0.08269081305465131
gp,59,6,0.02672388715282586,0.034604007182381866
gp,59,7,0.030691246763893596,0.04324357386381427
gp,59,8,0.041908468252518566,0.046580675322883236
gp,59,9,0.02345875370747533,0.02970605116322409
gp,60,0,0.028298776871101085,0.04000785962459646
gp,60,1,0.06159547972221373,0.06970186040282679
gp,60,2,0.04168271930372546,0.05159045102077968
gp,60,3,-0.0045036786077307525,0.014916995712686709
gp,60,4,0.0347723349779069,0.03657368601434806
gp,60,5,0.034844503658734205,0.045990268835904694
gp,60,6,0.12408695274437731,0.12391842428174338
gp,60,7,0.0810274575711208,0.08896530978909993
gp,60,8,-0.022038180792630264,-0.0008161554357716483
gp,60,9,0.02742540094917024,0.03389895905597606
gp,61,0,0.0848573919847647,0.0848573919847647
gp,61,1,0.06338128053073104,0.06338128053073104
gp,61,2,0.0985646913857171,0.0985646913857171
gp,61,3,0.16137972204331757,0.16137972204331757
gp,61,4,0.06763160957675107,0.06763160957675107
gp,61,5,0.15794606013533313,0.15794606013533313
gp,61,6,0.0728673348905495,0.0728673348905495
gp,61,7,0.03913305896391996,0.03913305896391996
gp,61,8,0.06814029347336514,0.06814029347336514
gp,61,9,0.1074102762534848,0.1074102762534848
gp,62,0,0.0029139751969960415,0.00792395156200136
gp,62,1,0.0432879412646151,0.04345718209662184
gp,62,2,0.10866783980895003,0.10866783980895003
gp,62,3,0.09484589876857036,0.09484589876857036
gp,62,4,0.03943044072518491,0.04247053759111516
gp,62,5,0.06850350210671341,0.06850350210671341
gp,62,6,0.07040465692403082,0.07040465692403082
gp,62,7,0.05650119396039557,0.05773993978988467
gp,62,8,0.0379935465598203,0.0392322923893094
gp,62,9,0.11946241225063467,0.12086968654275768
gp,63,0,0.05716107198563593,0.05716107198563593
gp,63,1,0.04171233917696706,0.04171233917696706
gp,63,2,0.09700185205243564,0.09700185205243564
gp,63,3,0.12905707744436237,0.12905707744436237
gp,63,4,0.040344916549864274,0.040344916549864274
gp,63,5,0.06373243877908553,0.06373243877908553
gp,63,6,0.08385587513357569,0.08385587513357569
gp,63,7,0.08855841444655475,0.08855841444655475
gp,63,8,0.14395579129942843,0.14395579129942843
gp,63,9,0.0791432805298353,0.0791432805298353
gp,64,0,0.04798851997049306,0.04798851997049306
gp,64,1,0.07929686079780111,0.07929686079780111
gp,64,2,0.0680703205538792,0.0680703205538792
gp,64,3,0.054796202705761014,0.054796202705761014
gp,64,4,0.029664750593366686,0.029664750593366686
gp,64,5,0.08930385010633628,0.08930385010633628
gp,64,6,0.13901071579804639,0.13901071579804639
gp,64,7,0.06687287529424751,0.06687287529424751
gp,64,8,0.050535818368979676,0.050535818368979676
gp,64,9,0.0577257281306809,0.0577257281306809
gp,65,0,0.05399761675823721,0.05399761675823721
gp,65,1,0.05589748885069497,0.05589748885069497
gp,65,2,0.1478866329084285,0.1478866329084285
gp,65,3,0.09281734987849892,0.09281734987849892
gp,65,4,0.03667129403388297,0.03667129403388297
gp,65,5,0.049564122058141105,0.049564122058141105
gp,65,6,0.06466428342490387,0.06466428342490387
gp,65,7,0.006011828417440963,0.006011828417440963
gp,65,8,0.07625747630124367,0.07625747630124367
gp,65,9,0.08066428342490385,0.08066428342490385
gp,66,0,0.15905939666526084,0.15905939666526084
gp,66,1,0.07799080470426017,0.07799080470426017
gp,66,2,0.03785555100690968,0.03785555100690968
gp,66,3,0.014298988612790572,0.014298988612790572
gp,66,4,0.060330357351443806,0.060330357351443806
gp,66,5,0.07379769614439935,0.07379769614439935
gp,66,6,0.07884661113794318,0.07884661113794318
gp,66,7,0.05973943916220132,0.05973943916220132
gp,66,8,0.1403457310783503,0.1403457310783503
gp,66,9,0.038249828418336705,0.038249828418336705
gp,67,0,0.032847023546741544,0.032847023546741544
gp,67,1,0.033930027834054834,0.033930027834054834
gp,67,2,0.06478835415574516,0.06478835415574516
gp,67,3,0.04107676258882308,0.04107676258882308
gp,67,4,0.02663886538664019,0.02663886538664019
gp,67,5,0.10367082686542016,0.10367082686542016
gp,67,6,0.06729455265148325,0.06729455265148325
gp,67,7,0.07929955794036657,0.07929955794036657
gp,67,8,0.07435996615010479,0.07435996615010479
gp,67,9,0.08921954070952344,0.08921954070952344
gp,68,0,0.06467849508410763,0.06467849508410763
gp,68,1,0.015861091410607684,0.015861091410607684
gp,68,2,0.07104023351217478,0.07104023351217478
gp,68,3,0.07912978124000437,0.07912978124000437
gp,68,4,0.036210477380999806,0.036210477380999806
gp,68,5,0.03443601458810343,0.03443601458810343
gp,68,6,0.06957718763872975,0.06957718763872975
gp,68,7,0.08812448603721638,0.08812448603721638
gp,68,8,0.11253614249564566,0.11253614249564566
gp,68,9,0.03867170644268133,0.03867170644268133
gp,69,0,0.0613755850779213,0.0613755850779213
gp,69,1,0.06559225853941418,0.06559225853941418
gp,69,2,0.0424003536834805,0.0424003536834805
gp,69,3,0.0062498284183367045,0.0062498284183367045
gp,69,4,0.009879619401872665,0.009879619401872665
gp,69,5,0.11853443713612435,0.11853443713612435
gp,69,6,0.021726697708278654,0.021726697708278654
gp,69,7,0.020417944472172257,0.020417944472172257
gp,69,8,0.03993935977603919,0.03993935977603919
gp,69,9,0.11335229793141731,0.11335229793141731
gp,70,0,0.07223141281204823,0.07739641834985653
gp,70,1,-0.0020549012652607422,0.01142540094917024
gp,70,2,-0.001238745829489094,0.0025600853189447293
gp,70,3,0.04695647020958072,0.05032012471094786
gp,70,4,0.06297475206720138,0.07285235220875004
gp,70,5,0.042006076272053466,0.04704294088060356
gp,70,6,0.08069386881101413,0.08069386881101413
gp,70,7,0.03339339783416585,0.040231613479157095
gp,70,8,0.05820129231112329,0.062000123459557105
gp,70,9,0.044060064500832524,0.04605754461282519
gp,71,0,0.08146411761015598,0.08146411761015598
gp,71,1,0.04034616478759258,0.04034616478759258
gp,71,2,0.05473878155249294,0.05473878155249294
gp,71,3,0.03752783700303032,0.03752783700303032
gp,71,4,0.08462924660752139,0.08462924660752139
gp,71,5,0.05945137615623331,0.05945137615623331
gp,71,6,-0.0006754282531642127,-0.0006754282531642127
gp,71,7,0.017660246685707495,0.01916512899736541
gp,71,8,0.025189208466909002,0.025189208466909002
gp,71,9,0.05848571065091278,0.05848571065091278
gp,72,0,0.09545405124481408,0.0954944387781898
gp,72,1,0.03630899843701641,0.0446242951136391
gp,72,2,0.04592099796475175,0.05136543860745092
gp,72,3,0.0380516800824612,0.035574900792855836
gp,72,4,0.09358198043238279,0.09414529800870768
gp,72,5,0.0020980204283332724,0.010413317104955959
gp,72,6,0.10440637341441791,0.10664290109792575
gp,72,7,-0.006345417177547615,-0.006473558106805818
gp,72,8,0.00722024200431564,0.014466033683455969
gp,72,9,0.06442116565497182,0.06322351972823126
gp,73,0,0.06991057573172753,0.06991057573172753
gp,73,1,-0.023486554987501806,-0.023486554987501806
gp,73,2,0.014197735927077142,0.014197735927077142
gp,73,3,0.05197321391556842,0.05197321391556842
gp,73,4,0.025710890272129885,0.026990023634994694
gp,73,5,0.10935656668483629,0.10935656668483629
gp,73,6,0.06322738925953926,0.06450652262240406
gp,73,7,0.011637650608132415,0.014718135007438378
gp,73,8,-0.0012387458294890882,0.00016852846263392193
gp,73,9,0.10728836679685348,0.10728836679685348
gp,74,0,0.051264220408868834,0.051264220408868834
gp,74,1,0.097816759250479,0.097816759250479
gp,74,2,0.12794084310476034,0.12794084310476034
gp,74,3,0.02171319841844772,0.02171319841844772
gp,74,4,0.055501050165057936,0.055501050165057936
gp,74,5,0.05789260702136877,0.05789260702136877
gp,74,6,0.09222714405862927,0.09222714405862927
gp,74,7,0.10354143769843366,0.10354143769843366
gp,74,8,0.035787351118926884,0.035787351118926884
gp,74,9,0.059273729605411336,0.059273729605411336
gp,75,0,0.03886783551823285,0.03582845102167542
gp,75,1,0.07399257698222254,0.08063466355166227
gp,75,2,0.07775084409626333,0.07775084409626333
gp,75,3,0.08578118656474104,0.09062192209773962
gp,75,4,0.02656834627775894,0.028369697314200096
gp,75,5,0.06715581024206849,0.06715581024206849
gp,75,6,0.043286693026886806,0.04812742855988538
gp,75,7,0.023671739901901856,0.023671739901901856
gp,75,8,0.03087589580993818,0.029074544773497024
gp,75,9,0.06522486937153195,0.06826425386808938
gp,76,0,0.05442020715195465,0.05442020715195465
gp,76,1,0.0212934816683131,0.0212934816683131
gp,76,2,0.012624295113639102,0.012624295113639102
gp,76,3,0.11039918343877386,0.11039918343877386
gp,76,4,0.053870188198351814,0.053870188198351814
gp,76,5,0.023683790286895618,0.023683790286895618
gp,76,6,0.023573931215258075,0.023573931215258075
gp,76,7,0.03554935111803114,0.03554935111803114
gp,76,8,0.07890258338637408,0.07890258338637408
gp,76,9,0.034195427780759305,0.034195427780759305
gp,77,0,0.07151383708551606,0.07151383708551606
gp,77,1,-0.01530945453089861,-0.01530945453089861
gp,77,2,0.053646458509882713,0.053646458509882713
gp,77,3,0.06870236281196175,0.06870236281196175
gp,77,4,0.10694801069576444,0.10694801069576444
gp,77,5,0.16073738934023354,0.16073738934023354
gp,77,6,0.05946894564448115,0.05946894564448115
gp,77,7,0.08765234434069062,0.08765234434069062
gp,77,8,0.018057255726831343,0.018057255726831343
gp,77,9,0.06997197675242073,0.06997197675242073
gp,78,0,-0.019502362423650586,-0.019502362423650586
gp,78,1,0.07583579894400792,0.07583579894400792
gp,78,2,0.10178536709927503,0.10178536709927503
gp,78,3,0.01563607899727892,0.01563607899727892
gp,78,4,0.08883918812016572,0.08883918812016572
gp,78,5,0.012173367571539695,0.012173367571539695
gp,78,6,0.051716430675827874,0.051716430675827874
gp,78,7,0.07140469038325134,0.07140469038325134
gp,78,8,0.07552707916712205,0.07552707916712205
gp,78,9,0.039081869283278795,0.039081869283278795
gp,79,0,0.08840401147309904,0.08840401147309904
gp,79,1,0.06500467401312425,0.06500467401312425
gp,79,2,0.06118972228127975,0.06118972228127975
gp,79,3,0.046920152874621916,0.046920152874621916
gp,79,4,0.05716369327921566,0.05716369327921566
gp,79,5,0.03838896187285854,0.03838896187285854
gp,79,6,0.08041426752614572,0.08041426752614572
gp,79,7,0.010527045707901533,0.010527045707901533
gp,79,8,0.09479076370763541,0.09479076370763541
gp,79,9,0.07486648877250886,0.07486648877250886
gp,80,0,0.05509483270475426,0.05509483270475426
gp,80,1,0.14418757105373955,0.14418757105373955
gp,80,2,0.02410566831124024,0.02410566831124024
gp,80,3,0.03563232194612391,0.03563232194612391
gp,80,4,0.13241908237378347,0.13241908237378347
gp,80,5,0.12869241990617694,0.12869241990617694
gp,80,6,0.06352601925853252,0.06352601925853252
gp,80,7,0.07020724512361964,0.07020724512361964
gp,80,8,0.04795869943014259,0.04795869943014259
gp,80,9,0.07439890477864332,0.07439890477864332
gp,81,0,0.08740542691871568,0.09286416955161039
gp,81,1,0.05302592044739864,0.05302592044739864
gp,81,2,0.05394039627207801,0.06604122547441245
gp,81,3,-0.000235980740571744,-0.000235980740571744
gp,81,4,0.025011361248978153,0.030470103881872865
gp,81,5,0.01206299679763821,0.01206299679763821
gp,81,6,0.007869888237777367,0.007869888237777367
gp,81,7,0.06967061512373067,0.06967061512373067
gp,81,8,-0.02459644751835987,-0.02459644751835987
gp,81,9,0.01773265052077502,0.01773265052077502
gp,82,0,0.04420045648219336,0.04420045648219336
gp,82,1,0.0673938102429642,0.0673938102429642
gp,82,2,0.1214418456592469,0.1214418456592469
gp,82,3,0.07419092598520692,0.07419092598520692
gp,82,4,0.06699882046216438,0.06699882046216438
gp,82,5,0.0470848118059478,0.0470848118059478
gp,82,6,0.05313649188840899,0.05313649188840899
gp,82,7,0.03592554733894638,0.03592554733894638
gp,82,8,0.09490331992183842,0.09490331992183842
gp,82,9,0.04342947114758715,0.04342947114758715
gp,83,0,0.06894221308384152,0.06894221308384152
gp,83,1,-0.010862795742218184,-0.010862795742218184
gp,83,2,0.0052348122773167235,0.0052348122773167235
gp,83,3,0.057757308611023614,0.057757308611023614
gp,83,4,0.05243477742495573,0.05243477742495573
gp,83,5,0.07449722516755106,0.07449722516755106
gp,83,6,0.03408360810202064,0.03408360810202064
gp,83,7,0.03202941920613272,0.03202941920613272
gp,83,8,0.05486692248175114,0.05486692248175114
gp,83,9,0.1136643168841244,0.1136643168841244
gp,84,0,0.09490528052893955,0.09490528052893955
gp,84,1,0.01999697948430933,0.01999697948430933
gp,84,2,0.03723606051504503,0.03723606051504503
gp,84,3,0.07259755374220217,0.07259755374220217
gp,84,4,0.0672265300180586,0.0672265300180586
gp,84,5,0.04606098861189483,0.04606098861189483
gp,84,6,0.07095392902112947,0.07095392902112947
gp,84,7,0.1240202128358123,0.1240202128358123
gp,84,8,0.08440589408717851,0.08440589408717851
gp,84,9,0.11878395165365838,0.11878395165365838
gp,85,0,0.06477556723528706,0.06961630276828563
gp,85,1,0.03829351512753363,0.0395315485876499
gp,85,2,0.029031335279432705,0.03871280634542986
gp,85,3,0.10712199960842957,0.11196273514142814
gp,85,4,0.005404053109323463,0.012046139678763198
gp,85,5,0.09133017906897484,0.09633944306460734
gp,85,6,0.03864188590233086,0.03216832779552503
gp,85,7,0.059411700992230435,0.0690931720582276
gp,85,8,0.12846468618419118,0.13690812379007208
gp,85,9,7.071977599013124e-05,0.00491145530898871
gp,86,0,0.06212701615108702,0.06032566511464585
gp,86,1,0.026231289352491107,0.026231289352491107
gp,86,2,0.10156075605209312,0.10156075605209312
gp,86,3,0.13948449587240502,0.14612658244184476
gp,86,4,0.042723174783453034,0.04092182374701188
gp,86,5,0.1327837399119689,0.13942582648140864
gp,86,6,0.10320727858284018,0.1098493651522799
gp,86,7,0.06615159624831395,0.0727936828177537
gp,86,8,0.0018013510364411544,0.006642086569439733
gp,86,9,0.07108993980084745,0.07412932429740486
gp,87,0,0.060552126432811805,0.060552126432811805
gp,87,1,0.05973525862766733,0.06440746569803198
gp,87,2,0.11906563836375106,0.1172642873273099
gp,87,3,0.04997226563841459,0.057852385667970574
gp,87,4,0.015929079556901003,0.028481406656821667
gp,87,5,0.056586215726581235,0.06733719179006076
gp,87,6,0.040865315630225524,0.0406967871675916
gp,87,7,-0.01598650071016906,-0.014225537207103619
gp,87,8,0.022544277882795952,0.039937340515715194
gp,87,9,0.08528858876440629,0.08178622634075569
gp,88,0,0.0650289409630893,0.0650289409630893
gp,88,1,0.0638887161896168,0.0638887161896168
gp,88,2,0.07480873241799418,0.07480873241799418
gp,88,3,0.09224417767852161,0.09224417767852161
gp,88,4,0.10993347388198388,0.10993347388198388
gp,88,5,0.0637201877269829,0.0637201877269829
gp,88,6,0.08101544167325837,0.08101544167325837
gp,88,7,0.06660454305073733,0.06660454305073733
gp,88,8,0.11186296584768324,0.11186296584768324
gp,88,9,0.062184236637246204,0.062184236637246204
gp,89,0,0.07611873389182888,0.07611873389182888
gp,89,1,0.09098931126562186,0.09098931126562186
gp,89,2,0.07973223811197665,0.07973223811197665
gp,89,3,0.05954057845695298,0.05954057845695298
gp,89,4,0.13277442115667196,0.13277442115667196
gp,89,5,0.07648342591714567,0.07648342591714567
gp,89,6,0.042231825220846585,0.042231825220846585
gp,89,7,0.028298776871101078,0.028298776871101078
gp,89,8,0.10468311137674331,0.10468311137674331
gp,89,9,0.053726697708278655,0.053726697708278655
gp,90,0,0.07174319621335634,0.07174319621335634
gp,90,1,0.08577186780944408,0.08577186780944408
gp,90,2,0.05008360810202064,0.05008360810202064
gp,90,3,0.03294338332854815,0.03294338332854815
gp,90,4,0.04871763437975504,0.04871763437975504
gp,90,5,0.026342396661856952,0.026342396661856952
gp,90,6,0.07504777998950934,0.07504777998950934
gp,90,7,0.010048659566770531,0.010048659566770531
gp,90,8,0.024629334889653767,0.024629334889653767
gp,90,9,0.0377146473232849,0.0377146473232849
gp,91,0,0.10730061784895611,0.10730061784895611
gp,91,1,0.0073328327056499925,0.0073328327056499925
gp,91,2,0.06484213064283471,0.06484213064283471
gp,91,3,0.03802336710017077,0.03802336710017077
gp,91,4,0.08163139783506158,0.08163139783506158
gp,91,5,0.03153702207290684,0.03153702207290684
gp,91,6,0.02233538605287785,0.02233538605287785
gp,91,7,0.02339005319180919,0.02339005319180919
gp,91,8,0.06383129503634874,0.06383129503634874
gp,91,9,0.11144969420926273,0.11144969420926273
gp,92,0,0.08805376626122624,0.08805376626122624
gp,92,1,0.11304702215360109,0.11304702215360109
gp,92,2,0.10447564428557087,0.10447564428557087
gp,92,3,0.13506836999344785,0.13506836999344785
gp,92,4,0.06853258611159953,0.06853258611159953
gp,92,5,0.01069628653990826,0.01069628653990826
gp,92,6,0.052492198578223806,0.052492198578223806
gp,92,7,0.08501438176466881,0.08501438176466881
gp,92,8,0.02561328225259497,0.02561328225259497
gp,92,9,0.038166857590243936,0.038166857590243936
gp,93,0,0.06955836991275362,0.06955836991275362
gp,93,1,0.08627796489960979,0.08627796489960979
gp,93,2,0.017773750423523554,0.017773750423523554
gp,93,3,0.0378959385402854,0.0378959385402854
gp,93,4,0.10583683544004674,0.10583683544004674
gp,93,5,0.05866575363018497,0.05866575363018497
gp,93,6,0.040837514350199035,0.040837514350199035
gp,93,7,0.03059272570787699,0.03059272570787699
gp,93,8,0.0567680428119372,0.0567680428119372
gp,93,9,0.052684793323713904,0.052684793323713904
gp,94,0,0.10363313647460992,0.10363313647460992
gp,94,1,0.03157720893917368,0.03157720893917368
gp,94,2,0.024698806427915592,0.024698806427915592
gp,94,3,0.011682218676042121,0.011682218676042121
gp,94,4,0.020379005843633724,0.027274642641893034
gp,94,5,0.013185652082862862,0.013185652082862862
gp,94,6,0.019719127818393356,0.024813413580211514
gp,94,7,0.020066986890926643,0.020066986890926643
gp,94,8,0.003335652554231793,0.008429938316049952
gp,94,9,0.014539374753025826,0.014539374753025826
gp,95,0,-0.018082501878178333,-0.018082501878178333
gp,95,1,0.04057191373638569,0.04057191373638569
gp,95,2,0.11198757244688001,0.11198757244688001
gp,95,3,0.0610445477321292,0.0610445477321292
gp,95,4,0.13306869412011385,0.13306869412011385
gp,95,5,0.002408413975185836,0.002408413975185836
gp,95,6,0.04207588301156191,0.04207588301156191
gp,95,7,-0.01694227710470585,-0.01694227710470585
gp,95,8,0.0058683379273677975,0.0058683379273677975
gp,95,9,0.06304567251030038,0.06304567251030038
gp,96,0,0.10399634510795817,0.10641570324429547
gp,96,1,-0.013507902827348579,-0.009287193654570132
gp,96,2,0.11069710106839428,0.11069710106839428
gp,96,3,0.08260454305073733,0.08862660325995694
gp,96,4,0.1370678348786332,0.1380806310922203
gp,96,5,0.011947819289855468,0.011947819289855468
gp,96,6,0.0465395754201347,0.047720900096355726
gp,96,7,0.06379090750297303,0.06621026563931033
gp,96,8,0.08658802324521574,0.08658802324521574
gp,96,9,0.029678249883197616,0.03553178162978331
gp,97,0,0.03107654062127029,0.03107654062127029
gp,97,1,0.03373369809139445,0.03373369809139445
gp,97,2,0.05047913375117597,0.05047913375117597
gp,97,3,0.08937510575068189,0.08937510575068189
gp,97,4,0.016015317883046064,0.016015317883046064
gp,97,5,0.06301662299254561,0.06301662299254561
gp,97,6,0.016366476131400555,0.016366476131400555
gp,97,7,0.05379741748426879,0.05379741748426879
gp,97,8,0.10026772203325053,0.10026772203325053
gp,97,9,0.05119768116741271,0.05119768116741271
gp,98,0,0.13851188652508473,0.13851188652508473
gp,98,1,0.048676534477006504,0.048676534477006504
gp,98,2,0.025712339176967053,0.025712339176967053
gp,98,3,0.06343850101689023,0.06343850101689023
gp,98,4,0.02918565208286286,0.02918565208286286
gp,98,5,0.03352278700115236,0.03352278700115236
gp,98,6,0.052320336452637346,0.052320336452637346
gp,98,7,0.05564120699217856,0.05564120699217856
gp,98,8,0.06559101030168589,0.06559101030168589
gp,98,9,0.07562886772119097,0.07562886772119097
gp,99,0,0.08397321391556843,0.08397321391556843
gp,99,1,0.07246941281294396,0.07246941281294396
gp,99,2,-0.0008437560486892466,-0.0008437560486892466
gp,99,3,0.016886875211761777,0.016886875211761777
gp,99,4,0.06280767250940464,0.06280767250940464
gp,99,5,0.09636906293784893,0.09636906293784893
gp,99,6,0.08188599563450061,0.08188599563450061
gp,99,7,0.06702766931281028,0.06702766931281028
gp,99,8,0.06032691335237416,0.06032691335237416
gp,99,9,0.09545165481636386,0.09545165481636386
