attendance,price,profit,welfare,distress_pct,trailing_mean_attendance,convergence_round_attendance,agent_type,bar_type,rounds,seed
4.7,10.0,44.59,37.706159307556085,0.0,4.0,,heuristic,passive,10,0
5.3,10.0,50.41,45.61414009193764,0.0,4.5,,heuristic,passive,10,1
5.0,10.0,47.50000000000001,42.217775312098524,0.0,4.5,,heuristic,passive,10,2
4.8,10.0,45.56,39.62421502410302,0.0,4.0,,heuristic,passive,10,3
5.0,10.0,47.5,40.76209072089357,0.0,4.5,,heuristic,passive,10,4
5.3,10.0,50.41000000000001,45.50098511487448,0.0,3.5,,heuristic,passive,10,5
4.8,10.0,45.56,40.27270139722184,0.0,3.5,,heuristic,passive,10,6
4.7,10.0,44.59,39.06283386502977,0.0,5.0,,heuristic,passive,10,7
5.0,10.0,47.50000000000001,38.93660607522502,0.0,3.5,,heuristic,passive,10,8
5.1,10.0,48.47,42.90742482687898,0.0,5.5,,heuristic,passive,10,9
4.4,10.0,41.67999999999999,35.255600220139954,0.0,2.0,,heuristic,passive,10,10
4.4,10.0,41.68000000000001,33.61575128669399,0.0,3.5,,heuristic,passive,10,11
5.0,10.0,47.5,44.02803821313701,0.0,4.5,,heuristic,passive,10,12
4.8,10.0,45.559999999999995,38.441365690240715,0.0,5.5,,heuristic,passive,10,13
4.5,10.0,42.65,30.29360757030787,0.0,2.5,,heuristic,passive,10,14
4.5,10.0,42.64999999999999,34.48030282638399,0.0,2.0,,heuristic,passive,10,15
4.6,10.0,43.62000000000001,36.66085468164393,0.0,3.5,,heuristic,passive,10,16
4.5,10.0,42.650000000000006,36.86111487275266,0.0,3.0,,heuristic,passive,10,17
4.7,10.0,44.59,39.22251414530926,0.0,4.5,,heuristic,passive,10,18
4.8,10.0,45.56,41.59415820542098,0.0,4.5,,heuristic,passive,10,19
4.8,10.0,45.56000000000001,40.4161914975591,0.0,3.5,,heuristic,passive,10,20
4.8,10.0,45.56,39.08985206335952,0.0,4.5,,heuristic,passive,10,21
4.4,10.0,41.68,33.47226118635673,0.0,4.5,,heuristic,passive,10,22
4.3,10.0,40.71,34.277893703386795,0.0,2.5,,heuristic,passive,10,23
4.8,10.0,45.56,37.15024400531566,0.0,3.0,,heuristic,passive,10,24
4.1,10.0,38.77,31.540843315054026,0.0,3.0,,heuristic,passive,10,25
4.6,10.0,43.62,35.936476317346845,0.0,4.5,,heuristic,passive,10,26
4.3,10.0,40.71,34.35037443854621,0.0,3.0,,heuristic,passive,10,27
5.1,10.0,48.47,42.53177371110281,0.0,5.5,,heuristic,passive,10,28
4.4,10.0,41.67999999999999,29.69643479533131,0.0,2.0,,heuristic,passive,10,29
4.7,10.0,44.589999999999996,37.941731579013855,0.0,2.0,,heuristic,passive,10,30
4.3,10.0,40.71000000000001,33.62940733026797,0.0,3.5,,heuristic,passive,10,31
4.9,10.0,46.53,42.042384387431085,0.0,5.0,,heuristic,passive,10,32
5.2,10.0,49.440000000000005,44.14762748234515,0.0,4.5,,heuristic,passive,10,33
3.7,10.0,34.89,24.74040310418891,0.0,3.0,,heuristic,passive,10,34
5.2,10.0,49.440000000000005,46.50844352406936,0.0,4.0,,heuristic,passive,10,35
5.0,10.0,47.50000000000001,41.41057709401238,0.0,3.5,,heuristic,passive,10,36
4.2,10.0,39.74000000000001,31.23071518908825,0.0,3.0,,heuristic,passive,10,37
5.2,10.0,49.44,44.373937436471465,0.0,5.5,,heuristic,passive,10,38
4.7,10.0,44.589999999999996,39.192179022035155,0.0,4.0,,heuristic,passive,10,39
4.6,10.0,43.62,36.579111629153076,0.0,4.0,,heuristic,passive,10,40
5.0,10.0,47.5,43.28258704289725,0.0,4.5,,heuristic,passive,10,41
4.2,10.0,39.74,30.492710663955414,0.0,4.5,,heuristic,passive,10,42
5.2,10.0,49.44,43.46880598595222,0.0,5.0,,heuristic,passive,10,43
4.9,10.0,46.53,40.813009750352435,0.0,3.0,,heuristic,passive,10,44
5.0,10.0,47.50000000000001,40.3864396051174,0.0,4.5,,heuristic,passive,10,45
4.3,10.0,40.71,26.52793163576307,0.0,3.5,,heuristic,passive,10,46
4.5,10.0,42.650000000000006,33.82147733463554,0.0,3.0,,heuristic,passive,10,47
5.0,10.0,47.5,43.91488323607385,0.0,4.0,,heuristic,passive,10,48
4.7,10.0,44.589999999999996,37.52540622133394,0.0,2.5,,heuristic,passive,10,49
5.1,10.0,48.470000000000006,42.25893845376016,0.0,3.0,,heuristic,passive,10,50
5.2,10.0,49.44,43.6122960862895,0.0,5.0,,heuristic,passive,10,51
5.3,10.0,50.410000000000004,46.45167343329789,0.0,4.0,,heuristic,passive,10,52
4.7,10.0,44.59,39.44882409943558,0.0,4.5,,heuristic,passive,10,53
5.0,10.0,47.50000000000001,42.866261685217346,0.0,4.0,,heuristic,passive,10,54
4.9,10.0,46.53000000000001,41.769549130088436,0.0,4.0,,heuristic,passive,10,55
4.8,10.0,45.56000000000001,39.92738540471977,0.0,3.0,,heuristic,passive,10,56
5.1,10.0,48.470000000000006,44.24995444102078,0.0,3.5,,heuristic,passive,10,57
4.8,10.0,45.559999999999995,40.27270139722184,0.0,5.0,,heuristic,passive,10,58
5.2,10.0,49.44000000000001,44.336674450586585,0.0,5.0,,heuristic,passive,10,59
4.5,10.0,42.65,37.4091039943319,0.0,5.0,,heuristic,passive,10,60
4.6,10.0,43.620000000000005,36.66085468164393,0.0,3.5,,heuristic,passive,10,61
4.6,10.0,43.620000000000005,38.06513134363214,0.0,5.0,,heuristic,passive,10,62
5.0,10.0,47.50000000000001,41.29742211694922,0.0,4.5,,heuristic,passive,10,63
4.6,10.0,43.62,39.12994307443086,0.0,5.5,,heuristic,passive,10,64
4.9,10.0,46.53,41.512904052688015,0.0,5.0,,heuristic,passive,10,65
4.6,10.0,43.62,38.6004627396878,0.0,4.5,,heuristic,passive,10,66
5.3,10.0,50.410000000000004,46.45167343329789,0.0,6.0,,heuristic,passive,10,67
5.3,10.0,50.410000000000004,45.87078516933806,0.0,4.0,,heuristic,passive,10,68
4.8,10.0,45.56,37.655240278097224,0.0,4.0,,heuristic,passive,10,69
5.2,10.0,49.44,45.09831580076856,0.0,6.0,,heuristic,passive,10,70
5.3,10.0,50.41000000000001,42.99667897281302,0.0,3.5,,heuristic,passive,10,71
5.1,10.0,48.470000000000006,44.87639957288478,0.0,4.5,,heuristic,passive,10,72
4.6,10.0,43.62,35.59116032484478,0.0,2.5,,heuristic,passive,10,73
5.5,10.0,52.35,46.13386453888347,0.0,6.0,,heuristic,passive,10,74
5.0,10.0,47.5,42.104620335035364,0.0,5.0,,heuristic,passive,10,75
4.9,10.0,46.53,38.41821776494946,0.0,4.0,,heuristic,passive,10,76
5.5,10.0,52.35,49.18872382163066,0.0,5.5,,heuristic,passive,10,77
3.8,10.0,35.86,28.14776557742102,0.0,3.0,,heuristic,passive,10,78
5.3,10.0,50.410000000000004,47.356804883817134,0.0,5.0,,heuristic,passive,10,79
5.1,10.0,48.470000000000006,44.779434775763846,0.0,5.0,,heuristic,passive,10,80
4.0,10.0,37.80000000000001,29.12852501303855,0.0,3.0,,heuristic,passive,10,81
5.4,10.0,51.38000000000001,48.09201126650175,0.0,5.5,,heuristic,passive,10,82
5.3,10.0,50.41,47.35680488381713,0.0,6.0,,heuristic,passive,10,83
5.6,10.0,53.32000000000001,47.924620335035364,0.0,5.0,,heuristic,passive,10,84
4.7,10.0,44.59,38.919343764692506,0.0,4.5,,heuristic,passive,10,85
5.1,10.0,48.47,45.03607985316428,0.0,4.5,,heuristic,passive,10,86
4.6,10.0,43.620000000000005,38.74395284002506,0.0,5.0,,heuristic,passive,10,87
4.7,10.0,44.59,36.558527722968314,0.0,3.5,,heuristic,passive,10,88
5.1,10.0,48.47,45.41173096894045,0.0,5.5,,heuristic,passive,10,89
4.5,10.0,42.650000000000006,35.955983422233416,0.0,3.5,,heuristic,passive,10,90
4.5,10.0,42.65,36.85526381144007,0.0,6.0,,heuristic,passive,10,91
5.0,10.0,47.50000000000001,43.26639686295503,0.0,4.5,,heuristic,passive,10,92
4.6,10.0,43.620000000000005,38.64930664979808,0.0,3.5,,heuristic,passive,10,93
4.5,10.0,42.65,37.50375018455888,0.0,4.5,,heuristic,passive,10,94
4.8,10.0,45.56,37.0067539049784,0.0,3.5,,heuristic,passive,10,95
4.7,10.0,44.59,38.12736729123643,0.0,4.0,,heuristic,passive,10,96
4.8,10.0,45.56,38.0250403325608,0.0,4.0,,heuristic,passive,10,97
5.1,10.0,48.470000000000006,39.91431259197819,0.0,3.0,,heuristic,passive,10,98
4.7,10.0,44.589999999999996,37.70615930755609,0.0,2.5,,heuristic,passive,10,99
4.7,9.816608,43.701679999999996,37.706159307556085,0.0,4.0,,heuristic,regression,10,0
5.3,9.905066666666666,49.91693333333334,45.61414009193764,0.0,4.5,,heuristic,regression,10,1
5.0,9.772320000000002,46.3184,42.217775312098524,0.0,4.5,,heuristic,regression,10,2
4.8,9.820045714285717,44.81618285714286,39.62421502410302,0.0,4.0,,heuristic,regression,10,3
5.0,9.888608000000001,47.028960000000005,40.76209072089357,0.0,4.5,,heuristic,regression,10,4
5.3,9.902986666666667,49.92141333333334,45.50098511487448,0.0,3.5,,heuristic,regression,10,5
4.8,9.908,45.136,40.27270139722184,0.0,3.5,,heuristic,regression,10,6
4.7,9.776240000000001,43.55776000000001,39.06283386502977,0.0,5.0,,heuristic,regression,10,7
5.0,9.8372384,46.750899200000006,38.93660607522502,0.0,3.5,,heuristic,regression,10,8
5.1,9.825813333333336,47.51420000000001,42.90742482687898,0.0,5.5,,heuristic,regression,10,9
4.4,9.903408484848486,41.434816969696975,35.255600220139954,0.0,2.0,,heuristic,regression,10,10
4.4,9.830608695652177,40.98952657004831,33.61575128669399,0.0,3.5,,heuristic,regression,10,11
5.0,9.817888000000002,46.57123200000001,44.02803821313701,0.0,4.5,,heuristic,regression,10,12
4.8,9.743304858757064,44.20745853107345,38.441365690240715,0.0,5.5,,heuristic,regression,10,13
4.5,9.861338803418807,42.0016211965812,30.29360757030787,0.0,2.5,,heuristic,regression,10,14
4.5,9.85142303030303,41.98084606060606,34.48030282638399,0.0,2.0,,heuristic,regression,10,15
4.6,9.83186612244898,42.84561959183674,36.66085468164393,0.0,3.5,,heuristic,regression,10,16
4.5,9.891288888888889,42.28386666666667,36.86111487275266,0.0,3.0,,heuristic,regression,10,17
4.7,9.67984,42.900720000000014,39.22251414530926,0.0,4.5,,heuristic,regression,10,18
4.8,9.852390458715599,44.83589431192661,41.59415820542098,0.0,4.5,,heuristic,regression,10,19
4.8,9.914618947368425,45.194812631578955,40.4161914975591,0.0,3.5,,heuristic,regression,10,20
4.8,9.85728,44.87129696969697,39.08985206335952,0.0,4.5,,heuristic,regression,10,21
4.4,9.872,41.16,33.47226118635673,0.0,4.5,,heuristic,regression,10,22
4.3,9.856979200000001,40.3191456,34.277893703386795,0.0,2.5,,heuristic,regression,10,23
4.8,9.921600000000002,45.10880000000001,37.15024400531566,0.0,3.0,,heuristic,regression,10,24
4.1,9.820108571428571,38.18232571428571,31.540843315054026,0.0,3.0,,heuristic,regression,10,25
4.6,9.726361729106632,42.26695792507206,35.936476317346845,0.0,4.5,,heuristic,regression,10,26
4.3,9.824320000000002,40.05096,34.35037443854621,0.0,3.0,,heuristic,regression,10,27
5.1,9.889815626168225,47.88729076635515,42.53177371110281,0.0,5.5,,heuristic,regression,10,28
4.4,9.872097565872021,41.24819513174404,29.69643479533131,0.0,2.0,,heuristic,regression,10,29
4.7,9.904131958762886,44.13426391752578,37.941731579013855,0.0,2.0,,heuristic,regression,10,30
4.3,9.677448421052633,39.228618947368425,33.62940733026797,0.0,3.5,,heuristic,regression,10,31
4.9,9.76258285714286,45.251988571428576,42.042384387431085,0.0,5.0,,heuristic,regression,10,32
5.2,9.851766349206352,48.69438476190477,44.14762748234515,0.0,4.5,,heuristic,regression,10,33
3.7,9.712195555555557,33.98985777777778,24.74040310418891,0.0,3.0,,heuristic,regression,10,34
5.2,9.918400000000002,49.021600000000014,46.50844352406936,0.0,4.0,,heuristic,regression,10,35
5.0,9.902862222222224,47.111431111111116,41.41057709401238,0.0,3.5,,heuristic,regression,10,36
4.2,9.807832972181552,39.17949891654466,31.23071518908825,0.0,3.0,,heuristic,regression,10,37
5.2,9.918374736842106,49.042989473684216,44.373937436471465,0.0,5.5,,heuristic,regression,10,38
4.7,9.710138181818184,43.16525818181819,39.192179022035155,0.0,4.0,,heuristic,regression,10,39
4.6,9.83792,42.883680000000005,36.579111629153076,0.0,4.0,,heuristic,regression,10,40
5.0,9.904191999999998,47.018688000000004,43.28258704289725,0.0,4.5,,heuristic,regression,10,41
4.2,9.643220000000003,38.24940000000001,30.492710663955414,0.0,4.5,,heuristic,regression,10,42
5.2,9.88517152542373,48.91785762711865,43.46880598595222,0.0,5.0,,heuristic,regression,10,43
4.9,9.870284536082476,45.87790927835052,40.813009750352435,0.0,3.0,,heuristic,regression,10,44
5.0,9.876500229885057,46.83734804597701,40.3864396051174,0.0,4.5,,heuristic,regression,10,45
4.3,9.506047179487183,38.98379282051284,26.52793163576307,0.0,3.5,,heuristic,regression,10,46
4.5,9.830733493975904,41.978200481927715,33.82147733463554,0.0,3.0,,heuristic,regression,10,47
5.0,9.904,46.97200000000001,43.91488323607385,0.0,4.0,,heuristic,regression,10,48
4.7,9.807733333333335,43.731866666666676,37.52540622133394,0.0,2.5,,heuristic,regression,10,49
5.1,9.878656000000001,47.88196800000001,42.25893845376016,0.0,3.0,,heuristic,regression,10,50
5.2,9.917600000000002,49.072,43.6122960862895,0.0,5.0,,heuristic,regression,10,51
5.3,9.939776,50.12110400000001,46.45167343329789,0.0,4.0,,heuristic,regression,10,52
4.7,9.707825454545455,43.087556363636374,39.44882409943558,0.0,4.5,,heuristic,regression,10,53
5.0,9.911088695652175,47.084354782608685,42.866261685217346,0.0,4.0,,heuristic,regression,10,54
4.9,9.809600000000001,45.5604,41.769549130088436,0.0,4.0,,heuristic,regression,10,55
4.8,9.950697142857141,45.35209142857143,39.92738540471977,0.0,3.0,,heuristic,regression,10,56
5.1,9.931999999999999,48.09400000000001,44.24995444102078,0.0,3.5,,heuristic,regression,10,57
4.8,9.768553846153846,44.487446153846165,40.27270139722184,0.0,5.0,,heuristic,regression,10,58
5.2,9.792864000000003,48.285952000000016,44.336674450586585,0.0,5.0,,heuristic,regression,10,59
4.5,9.736514157303374,41.415777977528094,37.4091039943319,0.0,5.0,,heuristic,regression,10,60
4.6,9.778785573770493,42.53949114754098,36.66085468164393,0.0,3.5,,heuristic,regression,10,61
4.6,9.801067755102041,42.70636081632652,38.06513134363214,0.0,5.0,,heuristic,regression,10,62
5.0,9.838315789473686,46.711368421052626,41.29742211694922,0.0,4.5,,heuristic,regression,10,63
4.6,9.73850224852071,42.34894958579881,39.12994307443086,0.0,5.5,,heuristic,regression,10,64
4.9,9.807645217391306,45.59365913043479,41.512904052688015,0.0,5.0,,heuristic,regression,10,65
4.6,9.788096,42.602368,38.6004627396878,0.0,4.5,,heuristic,regression,10,66
5.3,9.87792,49.773520000000005,46.45167343329789,0.0,6.0,,heuristic,regression,10,67
5.3,9.90736,49.991440000000004,45.87078516933806,0.0,4.0,,heuristic,regression,10,68
4.8,9.837995102040818,44.75998040816328,37.655240278097224,0.0,4.0,,heuristic,regression,10,69
5.2,9.82368,48.50208,45.09831580076856,0.0,6.0,,heuristic,regression,10,70
5.3,9.920978020477817,50.065688191126284,42.99667897281302,0.0,3.5,,heuristic,regression,10,71
5.1,9.898240000000001,47.97280000000001,44.87639957288478,0.0,4.5,,heuristic,regression,10,72
4.6,9.91447804878049,43.3228487804878,35.59116032484478,0.0,2.5,,heuristic,regression,10,73
5.5,9.889440000000002,51.71864000000001,46.13386453888347,0.0,6.0,,heuristic,regression,10,74
5.0,9.743332173913045,46.10692869565217,42.104620335035364,0.0,5.0,,heuristic,regression,10,75
4.9,9.876000000000001,45.82200000000001,38.41821776494946,0.0,4.0,,heuristic,regression,10,76
5.5,9.90128,51.816880000000005,49.18872382163066,0.0,5.5,,heuristic,regression,10,77
3.8,9.755687032967034,35.0750610989011,28.14776557742102,0.0,3.0,,heuristic,regression,10,78
5.3,9.843717333333334,49.54058666666667,47.356804883817134,0.0,5.0,,heuristic,regression,10,79
5.1,9.810337627118644,47.437357288135594,44.779434775763846,0.0,5.0,,heuristic,regression,10,80
4.0,9.738182641509434,36.87054792452831,29.12852501303855,0.0,3.0,,heuristic,regression,10,81
5.4,9.921653333333335,50.94805333333335,48.09201126650175,0.0,5.5,,heuristic,regression,10,82
5.3,9.859232,49.669392,47.35680488381713,0.0,6.0,,heuristic,regression,10,83
5.6,9.93675076923077,52.94151384615385,47.924620335035364,0.0,5.0,,heuristic,regression,10,84
4.7,9.823988965517241,43.77467310344828,38.919343764692506,0.0,4.5,,heuristic,regression,10,85
5.1,9.868766753246756,47.746085194805204,45.03607985316428,0.0,4.5,,heuristic,regression,10,86
4.6,9.777504000000002,42.548896000000006,38.74395284002506,0.0,5.0,,heuristic,regression,10,87
4.7,9.87111652173913,44.12486608695653,36.558527722968314,0.0,3.5,,heuristic,regression,10,88
5.1,9.856576,47.717040000000004,45.41173096894045,0.0,5.5,,heuristic,regression,10,89
4.5,9.870581847389559,42.20715148594378,35.955983422233416,0.0,3.5,,heuristic,regression,10,90
4.5,9.637472,40.83166400000001,36.85526381144007,0.0,6.0,,heuristic,regression,10,91
5.0,9.848954482758622,46.70143448275862,43.26639686295503,0.0,4.5,,heuristic,regression,10,92
4.6,9.873453913043479,43.18150956521739,38.64930664979808,0.0,3.5,,heuristic,regression,10,93
4.5,9.71829130801688,41.31448337552744,37.50375018455888,0.0,4.5,,heuristic,regression,10,94
4.8,9.840458556701034,44.905177731958766,37.0067539049784,0.0,3.5,,heuristic,regression,10,95
4.7,9.572,42.898,38.12736729123643,0.0,4.0,,heuristic,regression,10,96
4.8,9.852496623376627,44.957986493506496,38.0250403325608,0.0,4.0,,heuristic,regression,10,97
5.1,9.915584615384617,48.104753846153855,39.91431259197819,0.0,3.0,,heuristic,regression,10,98
4.7,9.84712,43.82269000000001,37.70615930755609,0.0,2.5,,heuristic,regression,10,99
4.9,2.8,10.929999999999998,38.503601637844994,0.0,3.5,,heuristic,q_learning,10,0
5.0,2.8,10.7,43.12290676261777,0.0,4.0,,heuristic,q_learning,10,1
4.0,2.0,5.8,30.057621743023173,0.0,2.0,,heuristic,q_learning,10,2
4.2,2.6,7.94,33.47837625374929,0.0,3.0,,heuristic,q_learning,10,3
5.2,3.8,16.240000000000002,41.75647631734685,0.0,5.0,,heuristic,q_learning,10,4
5.3,7.2,33.21,47.243649906753966,0.0,4.5,,heuristic,q_learning,10,5
4.8,3.0,10.96,39.04332676014319,0.0,4.5,,heuristic,q_learning,10,6
4.7,3.8,18.990000000000002,38.676324848127834,0.0,1.5,,heuristic,q_learning,10,7
4.5,4.0,16.650000000000002,34.72660878515478,0.0,3.5,,heuristic,q_learning,10,8
5.2,2.0,7.840000000000001,43.88513134363214,0.0,6.5,,heuristic,q_learning,10,9
4.6,3.4,13.420000000000002,34.34399992402959,0.0,2.5,,heuristic,q_learning,10,10
4.7,4.4,17.389999999999997,36.41503762263104,0.0,3.5,,heuristic,q_learning,10,11
4.6,5.2,20.419999999999998,37.679141109226336,0.0,5.0,,heuristic,q_learning,10,12
4.6,3.4,11.419999999999998,35.06167999010171,0.0,3.5,,heuristic,q_learning,10,13
4.6,4.0,14.02,33.49284042183359,0.0,3.0,,heuristic,q_learning,10,14
4.0,5.6,23.0,30.074330705461534,0.0,3.0,,heuristic,q_learning,10,15
4.6,4.2,15.420000000000002,36.352801675026754,0.0,3.0,,heuristic,q_learning,10,16
4.8,2.8,9.559999999999999,39.1657440545378,0.0,2.5,,heuristic,q_learning,10,17
4.4,3.0,12.08,36.930542689047705,0.0,5.5,,heuristic,q_learning,10,18
4.4,3.6,12.88,35.358416078573484,0.0,3.0,,heuristic,q_learning,10,19
5.0,3.0,12.3,40.76209072089357,0.0,5.0,,heuristic,q_learning,10,20
5.0,5.0,23.5,43.37955184001818,0.0,5.0,,heuristic,q_learning,10,21
4.8,2.2,8.16,40.30303652049595,0.0,5.5,,heuristic,q_learning,10,22
4.5,3.2,9.45,36.10981264120032,0.0,3.5,,heuristic,q_learning,10,23
4.5,3.0,8.85,36.082764560132325,0.0,1.5,,heuristic,q_learning,10,24
5.0,3.0,12.5,43.37955184001819,0.0,4.0,,heuristic,q_learning,10,25
5.3,3.4,15.61,44.482698687292086,0.0,3.0,,heuristic,q_learning,10,26
4.6,4.2,17.220000000000006,38.368301724248894,0.0,2.0,,heuristic,q_learning,10,27
4.4,3.2,11.28,34.685445643493146,0.0,4.0,,heuristic,q_learning,10,28
5.0,6.0,26.3,40.76209072089357,0.0,4.0,,heuristic,q_learning,10,29
4.5,3.6,12.25,33.56483225723512,0.0,3.0,,heuristic,q_learning,10,30
4.2,2.8,7.74,30.66273006286454,0.0,2.0,,heuristic,q_learning,10,31
4.9,3.2,13.13,37.938903553827394,0.0,3.5,,heuristic,q_learning,10,32
5.2,3.2,13.84,47.02173367887019,0.0,4.5,,heuristic,q_learning,10,33
3.9,4.6,17.829999999999995,27.024588172056518,0.0,1.0,,heuristic,q_learning,10,34
5.4,3.0,12.379999999999999,45.836056319821424,0.0,4.0,,heuristic,q_learning,10,35
5.1,3.6,16.47,44.650089618758464,0.0,6.0,,heuristic,q_learning,10,36
4.3,2.6,7.910000000000001,33.62940733026797,0.0,2.0,,heuristic,q_learning,10,37
4.7,4.8,22.39,39.21666308399667,0.0,2.0,,heuristic,q_learning,10,38
4.8,6.6,27.359999999999996,33.66491442155669,0.0,3.5,,heuristic,q_learning,10,39
5.0,2.2,8.5,43.0097517855546,0.0,4.5,,heuristic,q_learning,10,40
4.9,5.4,24.529999999999998,42.02619420748885,0.0,5.5,,heuristic,q_learning,10,41
4.8,2.0,7.159999999999999,40.12921129688458,0.0,4.0,,heuristic,q_learning,10,42
4.7,4.0,16.990000000000002,35.11318225039298,0.0,2.0,,heuristic,q_learning,10,43
4.2,2.2,6.9399999999999995,32.10551151633339,0.0,2.5,,heuristic,q_learning,10,44
5.3,4.0,20.410000000000004,42.23503762263105,0.0,4.0,,heuristic,q_learning,10,45
4.2,4.6,18.339999999999996,27.9055846681049,0.0,3.0,,heuristic,q_learning,10,46
4.1,2.6,7.369999999999999,29.501706440782748,0.0,3.0,,heuristic,q_learning,10,47
4.8,3.2,12.559999999999999,40.529346474622265,0.0,4.0,,heuristic,q_learning,10,48
5.2,4.4,21.44,44.84167072336814,0.0,4.0,,heuristic,q_learning,10,49
5.1,3.0,11.87,44.619754495484365,0.0,4.0,,heuristic,q_learning,10,50
4.7,3.4,11.19,31.852691250778758,0.0,3.5,,heuristic,q_learning,10,51
5.4,5.0,22.78,47.2544779251415,0.0,5.0,,heuristic,q_learning,10,52
4.9,3.2,12.53,39.033081972588064,0.0,3.5,,heuristic,q_learning,10,53
4.0,3.2,14.799999999999997,26.17641547445776,0.0,1.0,,heuristic,q_learning,10,54
5.0,2.0,7.5,43.539232120297676,0.0,4.5,,heuristic,q_learning,10,55
4.8,5.6,24.360000000000003,40.27270139722184,0.0,4.5,,heuristic,q_learning,10,56
4.9,5.2,21.729999999999997,40.026884338208944,0.0,3.5,,heuristic,q_learning,10,57
5.2,4.8,22.439999999999998,46.003447251287795,0.0,6.0,,heuristic,q_learning,10,58
4.9,6.0,29.330000000000002,40.8644176795692,0.0,3.5,,heuristic,q_learning,10,59
4.6,3.4,12.419999999999998,39.69792820065457,0.0,3.0,,heuristic,q_learning,10,60
4.9,4.6,21.130000000000003,37.95304849715927,0.0,5.5,,heuristic,q_learning,10,61
5.3,2.0,8.01,46.98700482935355,0.0,4.0,,heuristic,q_learning,10,62
4.4,5.6,19.68,34.313081569923085,0.0,3.0,,heuristic,q_learning,10,63
4.6,4.0,14.220000000000002,38.273655534021906,0.0,4.0,,heuristic,q_learning,10,64
4.5,2.2,7.25,34.09431259197818,0.0,4.5,,heuristic,q_learning,10,65
4.4,2.8,11.679999999999998,34.72611988539689,0.0,2.5,,heuristic,q_learning,10,66
4.9,5.2,18.529999999999998,35.44874235509781,0.0,3.0,,heuristic,q_learning,10,67
5.8,5.6,30.46,51.42331207355012,0.0,5.5,,heuristic,q_learning,10,68
5.0,3.8,17.7,42.24811043537263,0.0,5.0,,heuristic,q_learning,10,69
5.0,3.4,14.1,39.743804293311165,0.0,3.0,,heuristic,q_learning,10,70
5.1,5.4,24.070000000000004,43.4579779675647,0.0,4.0,,heuristic,q_learning,10,71
4.8,4.4,20.96,39.295089211543186,0.0,2.0,,heuristic,q_learning,10,72
4.8,4.8,19.56,39.65455014737712,0.0,3.0,,heuristic,q_learning,10,73
4.9,3.4,13.73,42.78783555767083,0.0,4.0,,heuristic,q_learning,10,74
5.3,2.6,11.61,47.243649906753966,0.0,5.0,,heuristic,q_learning,10,75
5.0,2.4,9.5,43.37955184001819,0.0,5.0,,heuristic,q_learning,10,76
4.8,4.2,15.36,33.58169999908426,0.0,3.5,,heuristic,q_learning,10,77
4.3,2.2,6.710000000000001,34.5100547188257,0.0,6.0,,heuristic,q_learning,10,78
5.3,3.8,17.810000000000002,46.45167343329789,0.0,5.5,,heuristic,q_learning,10,79
4.7,4.0,15.59,35.31500814255779,0.0,3.0,,heuristic,q_learning,10,80
4.8,4.0,19.759999999999998,37.91188535549764,0.0,3.5,,heuristic,q_learning,10,81
5.5,2.0,8.35,45.08524298802697,0.0,5.0,,heuristic,q_learning,10,82
4.4,3.0,12.48,37.11470703128872,0.0,1.5,,heuristic,q_learning,10,83
5.4,3.8,16.380000000000003,47.94852116616448,0.0,5.5,,heuristic,q_learning,10,84
4.6,5.0,20.02,37.30348999345017,0.0,4.5,,heuristic,q_learning,10,85
4.5,2.0,6.65,34.23780269231545,0.0,3.0,,heuristic,q_learning,10,86
4.9,3.2,14.530000000000001,37.95304849715927,0.0,4.5,,heuristic,q_learning,10,87
4.8,6.2,28.360000000000003,38.492773619457466,0.0,5.0,,heuristic,q_learning,10,88
4.8,5.6,23.16,40.303036520495944,0.0,3.0,,heuristic,q_learning,10,89
4.8,3.6,15.16,35.43791433671028,0.0,3.0,,heuristic,q_learning,10,90
4.6,3.2,11.620000000000001,38.32762748234516,0.0,4.5,,heuristic,q_learning,10,91
3.8,2.4,6.660000000000001,25.786949535696817,0.0,3.0,,heuristic,q_learning,10,92
4.6,4.8,22.619999999999997,37.679141109226336,0.0,4.0,,heuristic,q_learning,10,93
4.8,4.4,20.36,38.44136569024071,0.0,3.0,,heuristic,q_learning,10,94
4.6,3.4,13.419999999999998,37.19033501638701,0.0,3.0,,heuristic,q_learning,10,95
5.3,5.6,25.810000000000002,47.356804883817134,0.0,5.0,,heuristic,q_learning,10,96
4.5,5.2,21.85,34.85595394216016,0.0,4.0,,heuristic,q_learning,10,97
5.1,3.0,11.669999999999998,42.38828361076555,0.0,4.0,,heuristic,q_learning,10,98
4.9,4.0,17.73,42.56152560354451,0.0,5.5,,heuristic,q_learning,10,99
4.4,8.08,29.2,31.44495064852338,0.0,2.0,,heuristic,gp,10,0
5.2,8.879999999999999,44.160000000000004,44.609509707929234,0.0,2.5,,heuristic,gp,10,1
3.9,8.72,30.589999999999996,30.679089917812234,0.0,3.0,,heuristic,gp,10,2
5.0,7.280000000000001,32.62,42.474420389498945,0.0,4.5,,heuristic,gp,10,3
5.1,7.6,34.55,43.85811314530239,0.0,5.0,,heuristic,gp,10,4
4.1,7.44,25.810000000000002,27.051372247044533,0.0,2.5,,heuristic,gp,10,5
4.6,8.080000000000002,34.02,37.53565100888907,0.0,4.0,,heuristic,gp,10,6
4.9,7.919999999999999,34.37000000000001,41.543239175962114,0.0,3.0,,heuristic,gp,10,7
4.0,8.08,23.560000000000002,26.388975053935575,0.0,3.0,,heuristic,gp,10,8
5.2,8.879999999999999,42.080000000000005,43.49914110922633,0.0,3.5,,heuristic,gp,10,9
5.6,7.12,35.88,48.875308653458774,0.0,4.5,,heuristic,gp,10,10
4.6,8.08,32.58,35.7557232311247,0.0,4.0,,heuristic,gp,10,11
4.9,8.559999999999999,40.13000000000001,41.913039230425696,0.0,4.0,,heuristic,gp,10,12
4.1,8.080000000000002,29.170000000000005,31.91649443083019,0.0,3.0,,heuristic,gp,10,13
5.2,8.24,41.6,44.080029373186164,0.0,5.0,,heuristic,gp,10,14
5.2,8.24,38.56,44.373937436471465,0.0,5.0,,heuristic,gp,10,15
4.4,7.92,29.68,32.59746485911159,0.0,3.0,,heuristic,gp,10,16
4.7,7.279999999999999,30.669999999999998,37.17667897281302,0.0,4.0,,heuristic,gp,10,17
4.6,6.640000000000001,26.82,31.48767949124109,0.0,3.5,,heuristic,gp,10,18
4.4,6.959999999999999,22.8,32.99760003684928,0.0,3.0,,heuristic,gp,10,19
3.7,7.44,20.490000000000002,23.11759158759755,0.0,2.0,,heuristic,gp,10,20
5.0,9.040000000000001,43.65999999999999,39.019425929014076,0.0,7.0,,heuristic,gp,10,21
5.1,6.959999999999999,34.07,45.41173096894045,0.0,5.5,,heuristic,gp,10,22
4.4,7.6,28.880000000000003,34.418066878779705,0.0,3.0,,heuristic,gp,10,23
4.6,8.24,35.46,38.32762748234515,0.0,3.5,,heuristic,gp,10,24
4.8,8.72,37.88000000000001,40.4161914975591,0.0,3.0,,heuristic,gp,10,25
4.1,7.44,26.129999999999995,29.412188288768725,0.0,2.5,,heuristic,gp,10,26
5.1,7.76,35.190000000000005,44.61975449548436,0.0,4.5,,heuristic,gp,10,27
4.6,9.52,41.86,36.76912703270666,0.0,3.5,,heuristic,gp,10,28
3.9,7.6,24.51,27.119957385383124,0.0,2.5,,heuristic,gp,10,29
4.2,7.92,27.099999999999994,34.81834184878462,0.0,1.0,,heuristic,gp,10,30
4.1,8.72,30.29,29.223988557439675,0.0,2.5,,heuristic,gp,10,31
4.6,7.279999999999999,30.340000000000003,38.79279675013534,0.0,5.5,,heuristic,gp,10,32
5.1,7.76,35.190000000000005,42.90742482687897,0.0,4.5,,heuristic,gp,10,33
4.7,8.08,33.230000000000004,37.28983394987618,0.0,4.0,,heuristic,gp,10,34
5.1,6.640000000000001,30.23,44.5065995184212,0.0,3.5,,heuristic,gp,10,35
5.0,7.76,34.7,43.266396862955034,0.0,4.0,,heuristic,gp,10,36
5.0,7.44,31.98,41.9611302346981,0.0,4.0,,heuristic,gp,10,37
4.6,8.08,34.980000000000004,35.03134486682761,0.0,3.0,,heuristic,gp,10,38
4.4,8.559999999999999,36.08,34.68544564349314,0.0,6.5,,heuristic,gp,10,39
4.2,6.8,25.820000000000004,30.765545921298063,0.0,4.0,,heuristic,gp,10,40
5.1,8.4,39.99,44.87639957288478,0.0,4.5,,heuristic,gp,10,41
4.4,8.4,31.76000000000001,30.998290167569365,0.0,3.0,,heuristic,gp,10,42
3.8,7.279999999999999,23.54,23.842458851652527,0.0,3.0,,heuristic,gp,10,43
4.9,8.24,36.93,40.170374438546204,0.0,5.0,,heuristic,gp,10,44
4.8,7.92,33.88,38.18472061284029,0.0,3.0,,heuristic,gp,10,45
4.7,7.279999999999999,28.910000000000004,37.289833949876176,0.0,4.0,,heuristic,gp,10,46
4.2,8.08,29.18,30.765545921298063,0.0,3.5,,heuristic,gp,10,47
4.6,8.24,33.38,35.7557232311247,0.0,3.5,,heuristic,gp,10,48
5.2,7.92,36.480000000000004,43.86894116368991,0.0,4.0,,heuristic,gp,10,49
4.8,7.44,34.36,40.43238167750133,0.0,6.5,,heuristic,gp,10,50
4.9,8.24,37.410000000000004,40.170374438546204,0.0,4.0,,heuristic,gp,10,51
4.5,6.8,25.690000000000005,36.83077974947855,0.0,3.0,,heuristic,gp,10,52
4.4,7.12,30.48,34.842561904666155,0.0,3.5,,heuristic,gp,10,53
5.2,8.24,39.36,46.116602228350956,0.0,4.0,,heuristic,gp,10,54
5.2,8.24,41.28,45.89029227422464,0.0,5.5,,heuristic,gp,10,55
4.6,7.12,27.78,37.422496031825915,0.0,4.5,,heuristic,gp,10,56
5.0,7.279999999999999,33.42,41.4047260326998,0.0,4.5,,heuristic,gp,10,57
5.5,9.52,49.95,49.837210194749474,0.0,6.0,,heuristic,gp,10,58
5.0,7.92,36.46000000000001,39.63064931624801,0.0,3.0,,heuristic,gp,10,59
4.4,8.559999999999999,35.92,31.863594613097245,0.0,4.5,,heuristic,gp,10,60
4.7,7.76,31.630000000000003,34.95935303142609,0.0,4.5,,heuristic,gp,10,61
5.1,7.280000000000001,34.71,45.41173096894043,0.0,5.0,,heuristic,gp,10,62
4.9,8.24,35.65,39.37839796509013,0.0,4.0,,heuristic,gp,10,63
5.3,8.88,44.01,45.546541982778656,0.0,5.5,,heuristic,gp,10,64
4.8,8.559999999999999,36.60000000000001,38.56037172861645,0.0,3.5,,heuristic,gp,10,65
5.2,8.24,40.48,44.35286463052881,0.0,7.0,,heuristic,gp,10,66
4.4,8.56,34.32,30.674770004109586,0.0,4.0,,heuristic,gp,10,67
5.6,9.04,49.0,48.76215367639562,0.0,5.0,,heuristic,gp,10,68
4.8,8.24,35.160000000000004,38.29787558990345,0.0,4.5,,heuristic,gp,10,69
5.0,8.559999999999999,38.540000000000006,41.6672221714128,0.0,4.0,,heuristic,gp,10,70
5.1,6.8,29.910000000000004,42.115448353422906,0.0,4.0,,heuristic,gp,10,71
5.3,8.4,41.45,47.243649906753966,0.0,5.5,,heuristic,gp,10,72
4.8,7.92,35.8,39.20300704042269,0.0,4.0,,heuristic,gp,10,73
5.2,8.24,40.96000000000001,41.756476317346845,0.0,3.0,,heuristic,gp,10,74
4.5,9.040000000000001,39.61000000000001,37.01494409171956,0.0,3.0,,heuristic,gp,10,75
5.1,7.279999999999999,33.910000000000004,44.61975449548436,0.0,5.5,,heuristic,gp,10,76
4.7,7.280000000000001,32.43000000000001,39.062833865029766,0.0,4.0,,heuristic,gp,10,77
4.5,7.12,29.689999999999998,36.182293376359745,0.0,4.5,,heuristic,gp,10,78
5.1,7.12,34.55,42.1154483534229,0.0,5.5,,heuristic,gp,10,79
5.0,7.44,35.5,42.13495545830948,0.0,5.0,,heuristic,gp,10,80
4.3,8.72,31.909999999999997,33.69444142032048,0.0,2.0,,heuristic,gp,10,81
5.1,8.08,36.46999999999999,42.64492868816596,0.0,4.5,,heuristic,gp,10,82
4.9,8.4,36.61,40.37561158672987,0.0,2.5,,heuristic,gp,10,83
5.0,6.959999999999999,30.22,43.26639686295503,0.0,4.5,,heuristic,gp,10,84
5.2,8.559999999999999,41.60000000000001,46.003447251287795,0.0,4.5,,heuristic,gp,10,85
5.0,7.92,35.980000000000004,43.15324188589186,0.0,5.0,,heuristic,gp,10,86
4.7,7.12,30.03,38.77585366435524,0.0,3.5,,heuristic,gp,10,87
5.2,7.76,39.040000000000006,43.38598613216318,0.0,4.0,,heuristic,gp,10,88
4.9,7.6,33.57000000000001,39.23490786475287,0.0,4.0,,heuristic,gp,10,89
4.1,8.72,30.929999999999996,30.119857690627462,0.0,2.0,,heuristic,gp,10,90
4.6,7.12,31.140000000000004,38.32177642103257,0.0,4.5,,heuristic,gp,10,91
4.4,8.4,33.040000000000006,33.55144021974111,0.0,3.0,,heuristic,gp,10,92
4.5,8.080000000000002,32.25000000000001,35.83697738385767,0.0,4.0,,heuristic,gp,10,93
4.3,7.92,29.03,34.326737613497066,0.0,2.5,,heuristic,gp,10,94
4.5,7.76,29.210000000000008,34.23780269231545,0.0,3.0,,heuristic,gp,10,95
5.2,6.640000000000001,31.520000000000003,45.09831580076856,0.0,4.0,,heuristic,gp,10,96
4.9,8.08,35.33,40.170374438546204,0.0,3.5,,heuristic,gp,10,97
4.6,6.959999999999999,26.82,36.80434478198119,0.0,5.0,,heuristic,gp,10,98
5.2,8.4,40.480000000000004,45.21147077783172,0.0,4.5,,heuristic,gp,10,99
1.1,10.0,9.67,2.3834347869296058,0.0,1.5,,bayesian,passive,10,0
0.6,10.0,4.82,0.6396334161235597,0.0,1.0,,bayesian,passive,10,1
0.2,10.0,0.9399999999999998,-0.2377754189856251,0.0,0.0,,bayesian,passive,10,2
0.8,10.0,6.76,1.725378160597717,0.0,0.0,,bayesian,passive,10,3
0.0,10.0,-1.0,-1.0,0.0,0.0,,bayesian,passive,10,4
0.7,10.0,5.79,1.5060259518204209,0.0,1.0,,bayesian,passive,10,5
0.8,10.0,6.760000000000001,1.8263530230243812,0.0,1.0,,bayesian,passive,10,6
1.0,10.0,8.7,1.840562414692527,0.0,1.0,,bayesian,passive,10,7
0.0,10.0,-1.0,-1.0,0.0,0.0,,bayesian,passive,10,8
0.8,10.0,6.76,1.0783378336781522,0.0,0.5,,bayesian,passive,10,9
0.3,10.0,1.9099999999999997,-0.3419433736681114,0.0,1.0,,bayesian,passive,10,10
1.3,10.0,11.61,4.641689746636439,0.0,1.5,,bayesian,passive,10,11
1.0,10.0,8.7,2.9120977674985387,0.0,2.5,,bayesian,passive,10,12
0.7,10.0,5.790000000000001,0.8589856249008558,0.0,1.0,,bayesian,passive,10,13
0.1,10.0,-0.030000000000000072,-0.7806477912227038,0.0,0.0,,bayesian,passive,10,14
0.3,10.0,1.9099999999999997,-0.018423210208328888,0.0,0.0,,bayesian,passive,10,15
0.6,10.0,4.82,0.6396334161235597,0.0,0.5,,bayesian,passive,10,16
0.7,10.0,5.79,1.1825057883606385,0.0,1.0,,bayesian,passive,10,17
0.7,10.0,5.790000000000001,0.5354654614410735,0.0,1.0,,bayesian,passive,10,18
0.3,10.0,1.9099999999999997,-0.3419433736681114,0.0,0.5,,bayesian,passive,10,19
0.9,10.0,7.7299999999999995,2.268250532834796,0.0,2.0,,bayesian,passive,10,20
0.8,10.0,6.76,1.4018579971379346,0.0,1.5,,bayesian,passive,10,21
1.0,10.0,8.7,1.840562414692527,0.0,1.5,,bayesian,passive,10,22
0.8,10.0,6.76,1.4018579971379346,0.0,2.0,,bayesian,passive,10,23
0.7,10.0,5.790000000000001,0.5354654614410735,0.0,1.0,,bayesian,passive,10,24
1.0,10.0,8.7,2.1640825781523096,0.0,1.5,,bayesian,passive,10,25
0.9,10.0,7.7299999999999995,2.36922539526146,0.0,2.0,,bayesian,passive,10,26
1.6,10.0,14.52,6.009256770833916,0.0,2.5,,bayesian,passive,10,27
0.4,10.0,2.88,-0.12259116489081512,0.0,0.5,,bayesian,passive,10,28
1.8,10.0,16.459999999999997,7.5194965411945205,0.0,2.5,,bayesian,passive,10,29
0.0,10.0,-1.0,-1.0,0.0,0.0,,bayesian,passive,10,30
0.8,10.0,6.76,4.237853970865716,0.0,3.0,,bayesian,passive,10,31
0.6,10.0,4.819999999999999,0.9631535795833421,0.0,1.5,,bayesian,passive,10,32
0.0,10.0,-1.0,-1.0,0.0,0.0,,bayesian,passive,10,33
0.8,10.0,6.76,1.0783378336781522,0.0,1.0,,bayesian,passive,10,34
1.3,10.0,11.610000000000001,2.822139204484198,0.0,1.5,,bayesian,passive,10,35
0.3,10.0,1.9099999999999997,-0.3419433736681114,0.0,1.0,,bayesian,passive,10,36
0.9,10.0,7.7299999999999995,1.6212102059152307,0.0,1.0,,bayesian,passive,10,37
0.1,10.0,-0.030000000000000072,-0.7806477912227038,0.0,0.0,,bayesian,passive,10,38
0.4,10.0,2.88,-0.12259116489081509,0.0,1.0,,bayesian,passive,10,39
0.6,10.0,4.82,0.3161132526637774,0.0,0.5,,bayesian,passive,10,40
0.3,10.0,1.9099999999999997,-0.3419433736681114,0.0,1.0,,bayesian,passive,10,41
0.2,10.0,0.9399999999999998,-0.5612955824454076,0.0,0.0,,bayesian,passive,10,42
0.6,10.0,4.82,0.6396334161235597,0.0,0.5,,bayesian,passive,10,43
0.2,10.0,0.9399999999999998,-0.5612955824454076,0.0,0.5,,bayesian,passive,10,44
0.1,10.0,-0.030000000000000072,-0.7806477912227038,0.0,0.5,,bayesian,passive,10,45
0.6,10.0,4.82,0.3161132526637774,0.0,1.0,,bayesian,passive,10,46
0.9,10.0,7.730000000000001,2.6927455587212425,0.0,1.5,,bayesian,passive,10,47
0.5,10.0,3.85,0.4202812073462635,0.0,0.0,,bayesian,passive,10,48
0.8,10.0,6.76,1.0783378336781522,0.0,0.5,,bayesian,passive,10,49
1.1,10.0,9.669999999999998,2.8079298128160524,0.0,2.5,,bayesian,passive,10,50
0.6,10.0,4.82,0.3161132526637773,0.0,1.0,,bayesian,passive,10,51
1.2,10.0,10.64,3.249827322626467,0.0,2.0,,bayesian,passive,10,52
0.9,10.0,7.729999999999999,1.6212102059152307,0.0,1.5,,bayesian,passive,10,53
0.8,10.0,6.76,2.1498731864841636,0.0,2.0,,bayesian,passive,10,54
0.7,10.0,5.79,1.9305209777068675,0.0,1.5,,bayesian,passive,10,55
0.4,10.0,2.88,0.2009289985689673,0.0,1.5,,bayesian,passive,10,56
0.4,10.0,2.88,0.20092899856896734,0.0,0.5,,bayesian,passive,10,57
0.6,10.0,4.82,0.31611325266377727,0.0,0.5,,bayesian,passive,10,58
1.0,10.0,8.7,2.1640825781523096,0.0,1.5,,bayesian,passive,10,59
0.9,10.0,7.729999999999999,1.6212102059152307,0.0,1.5,,bayesian,passive,10,60
0.5,10.0,3.85,0.09676104388648113,0.0,0.5,,bayesian,passive,10,61
0.3,10.0,1.9099999999999997,-0.34194337366811134,0.0,0.0,,bayesian,passive,10,62
0.9,10.0,7.730000000000001,2.36922539526146,0.0,2.0,,bayesian,passive,10,63
0.3,10.0,1.9099999999999997,-0.018423210208328888,0.0,0.5,,bayesian,passive,10,64
1.2,10.0,10.64,3.6743223485129137,0.0,1.0,,bayesian,passive,10,65
0.3,10.0,1.9099999999999997,-0.3419433736681114,0.0,0.5,,bayesian,passive,10,66
1.0,10.0,8.7,2.9120977674985387,0.0,1.5,,bayesian,passive,10,67
0.3,10.0,1.9099999999999997,-0.34194337366811134,0.0,0.5,,bayesian,passive,10,68
0.6,10.0,4.82,0.6396334161235597,0.0,0.5,,bayesian,passive,10,69
0.2,10.0,0.9399999999999998,-0.5612955824454076,0.0,0.0,,bayesian,passive,10,70
0.4,10.0,2.88,0.2009289985689673,0.0,0.5,,bayesian,passive,10,71
1.1,10.0,9.67,2.8079298128160524,0.0,1.0,,bayesian,passive,10,72
0.8,10.0,6.76,1.4018579971379346,0.0,1.5,,bayesian,passive,10,73
0.5,10.0,3.85,0.0967610438864811,0.0,1.0,,bayesian,passive,10,74
0.8,10.0,6.76,1.725378160597717,0.0,2.0,,bayesian,passive,10,75
0.7,10.0,5.789999999999999,0.8589856249008561,0.0,1.5,,bayesian,passive,10,76
0.8,10.0,6.76,2.1498731864841636,0.0,2.5,,bayesian,passive,10,77
0.5,10.0,3.85,0.0967610438864811,0.0,1.0,,bayesian,passive,10,78
2.0,10.0,18.4,8.281721122208896,0.0,2.0,,bayesian,passive,10,79
0.8,10.0,6.76,1.725378160597717,0.0,1.5,,bayesian,passive,10,80
1.1,10.0,9.67,2.0599146234698233,0.0,1.0,,bayesian,passive,10,81
0.9,10.0,7.730000000000001,1.9447303693750133,0.0,1.5,,bayesian,passive,10,82
1.0,10.0,8.7,2.9120977674985387,0.0,2.0,,bayesian,passive,10,83
0.3,10.0,1.9099999999999997,-0.3419433736681114,0.0,1.0,,bayesian,passive,10,84
0.4,10.0,2.88,-0.12259116489081509,0.0,1.0,,bayesian,passive,10,85
1.0,10.0,8.7,2.9120977674985387,0.0,2.0,,bayesian,passive,10,86
1.2,10.0,10.64,2.602786995706902,0.0,1.5,,bayesian,passive,10,87
0.3,10.0,1.9099999999999997,-0.018423210208328912,0.0,1.0,,bayesian,passive,10,88
0.0,10.0,-1.0,-1.0,0.0,0.0,,bayesian,passive,10,89
0.6,10.0,4.82,0.3161132526637774,0.0,1.0,,bayesian,passive,10,90
0.0,10.0,-1.0,-1.0,0.0,0.0,,bayesian,passive,10,91
1.7,10.0,15.49,6.590633934551636,0.0,2.5,,bayesian,passive,10,92
0.9,10.0,7.7299999999999995,1.2976900424554483,0.0,1.0,,bayesian,passive,10,93
0.6,10.0,4.82,0.6396334161235597,0.0,1.5,,bayesian,passive,10,94
0.1,10.0,-0.030000000000000072,-0.7806477912227038,0.0,0.0,,bayesian,passive,10,95
0.2,10.0,0.9399999999999998,-0.5612955824454076,0.0,0.0,,bayesian,passive,10,96
1.3,10.0,11.610000000000001,3.1456593679439804,0.0,1.5,,bayesian,passive,10,97
1.7,10.0,15.489999999999998,6.590633934551636,0.0,2.5,,bayesian,passive,10,98
0.0,10.0,-1.0,-1.0,0.0,0.0,,bayesian,passive,10,99
1.2,8.870880000000001,8.917760000000001,2.9263071591666843,0.0,2.0,,bayesian,regression,10,0
1.0,9.032,7.4200000000000035,2.265057440578974,0.0,2.0,,bayesian,regression,10,1
1.1,8.932799999999999,7.7804,4.202985329081846,0.0,2.5,,bayesian,regression,10,2
1.0,9.060000000000002,7.572000000000001,1.840562414692527,0.0,1.0,,bayesian,regression,10,3
0.2,8.919999999999998,0.5319999999999997,-0.5612955824454076,0.0,1.0,,bayesian,regression,10,4
0.7,9.379999999999999,5.138,1.9305209777068675,0.0,0.5,,bayesian,regression,10,5
0.8,9.297480677966103,6.1817925423728814,2.1498731864841636,0.0,0.5,,bayesian,regression,10,6
1.2,9.130826666666668,9.401653333333334,3.249827322626467,0.0,2.0,,bayesian,regression,10,7
0.1,8.919999999999998,-0.24600000000000016,-0.7806477912227038,0.0,0.5,,bayesian,regression,10,8
0.9,8.972384,6.654384,1.6212102059152307,0.0,1.0,,bayesian,regression,10,9
0.6,8.318079999999998,2.049439999999998,1.7111687689295714,0.0,2.5,,bayesian,regression,10,10
1.5,9.137735384615386,11.816055384615385,5.727434491110597,0.0,2.5,,bayesian,regression,10,11
1.4,8.63248,9.008,6.848047877368623,0.0,3.5,,bayesian,regression,10,12
0.8,8.587840000000002,5.181279999999999,1.4018579971379346,0.0,1.5,,bayesian,regression,10,13
0.7,8.523039999999998,3.0613599999999974,3.0645264014589033,0.0,3.0,,bayesian,regression,10,14
0.7,9.037439999999998,4.8738399999999995,1.1825057883606385,0.0,1.5,,bayesian,regression,10,15
0.6,9.376,4.303999999999999,0.6396334161235597,0.0,0.5,,bayesian,regression,10,16
1.1,9.05328,8.344240000000003,2.8079298128160524,0.0,2.0,,bayesian,regression,10,17
1.4,9.054400000000003,10.887200000000004,4.113026766067506,0.0,2.0,,bayesian,regression,10,18
0.4,8.719039999999998,1.9790399999999995,-0.12259116489081509,0.0,1.0,,bayesian,regression,10,19
1.0,9.024799999999999,7.3048,4.046103191250575,0.0,2.5,,bayesian,regression,10,20
1.6,9.03408,12.454240000000002,6.37128172577434,0.0,3.0,,bayesian,regression,10,21
1.4,9.04032,10.80384,4.436546929527289,0.0,2.5,,bayesian,regression,10,22
0.8,9.126720000000002,5.9942400000000005,1.0783378336781522,0.0,1.5,,bayesian,regression,10,23
0.7,9.024000000000003,5.006000000000001,0.5354654614410735,0.0,1.0,,bayesian,regression,10,24
1.2,9.378559999999998,9.83056,2.9263071591666843,0.0,1.5,,bayesian,regression,10,25
1.0,9.190000000000001,7.712000000000001,3.7225830277907916,0.0,2.5,,bayesian,regression,10,26
1.7,8.580800000000002,12.463600000000007,6.166138908665189,0.0,2.5,,bayesian,regression,10,27
0.5,8.964160000000001,3.2325600000000003,0.09676104388648113,0.0,0.5,,bayesian,regression,10,28
1.9,9.260704,15.837232,8.0623689134316,0.0,2.0,,bayesian,regression,10,29
0.0,8.919999999999998,-1.0,-1.0,0.0,0.0,,bayesian,regression,10,30
0.9,8.924,6.089999999999999,4.780726343102795,0.0,3.5,,bayesian,regression,10,31
0.9,8.610560000000001,5.121039999999999,3.8267509824732784,0.0,3.0,,bayesian,regression,10,32
0.5,8.523039999999998,2.0880799999999984,0.743801370806046,0.0,2.0,,bayesian,regression,10,33
0.9,9.036000000000003,6.6220000000000026,1.2976900424554485,0.0,1.5,,bayesian,regression,10,34
1.3,9.164000000000003,10.550000000000004,2.822139204484198,0.0,1.5,,bayesian,regression,10,35
0.7,8.922720000000002,4.39448,3.0645264014589033,0.0,3.0,,bayesian,regression,10,36
1.6,8.952160000000001,12.616320000000002,5.198771510541664,0.0,2.0,,bayesian,regression,10,37
0.8,8.95056,5.478879999999999,2.1498731864841636,0.0,1.5,,bayesian,regression,10,38
0.6,8.9024,3.6592,1.387648605469789,0.0,2.0,,bayesian,regression,10,39
0.6,8.916960000000001,4.171360000000001,0.3161132526637774,0.0,0.5,,bayesian,regression,10,40
0.4,8.771839999999997,1.8772799999999996,0.2009289985689673,0.0,1.5,,bayesian,regression,10,41
0.3,8.9024,1.4739999999999998,-0.34194337366811134,0.0,0.5,,bayesian,regression,10,42
1.0,9.132000000000001,7.988000000000001,1.5170422512327444,0.0,0.5,,bayesian,regression,10,43
0.9,8.851199999999999,5.928399999999999,3.016265722181025,0.0,2.5,,bayesian,regression,10,44
0.1,8.919999999999998,-0.22200000000000014,-0.7806477912227038,0.0,0.5,,bayesian,regression,10,45
1.0,8.883004444444444,7.030008888888889,2.487602741612092,0.0,2.0,,bayesian,regression,10,46
0.9,9.395999999999999,7.029999999999999,2.6927455587212425,0.0,1.0,,bayesian,regression,10,47
0.6,9.038400000000001,4.122400000000001,0.3161132526637774,0.0,1.0,,bayesian,regression,10,48
0.8,9.064160000000003,6.022560000000001,1.0783378336781522,0.0,0.5,,bayesian,regression,10,49
1.3,8.929120000000001,9.614160000000004,3.89367455729021,0.0,2.5,,bayesian,regression,10,50
1.9,8.426986666666668,11.66232000000001,10.46168974663644,0.0,4.5,,bayesian,regression,10,51
0.7,9.032,4.974,0.5354654614410735,0.0,1.0,,bayesian,regression,10,52
1.4,9.076901052631579,10.873524210526316,5.671527215705988,0.0,2.0,,bayesian,regression,10,53
1.3,8.394720000000001,6.920079999999999,7.863675954770026,0.0,4.5,,bayesian,regression,10,54
0.9,9.063908571428572,6.621817142857144,1.9447303693750133,0.0,2.0,,bayesian,regression,10,55
0.7,8.587999999999997,3.477999999999999,2.7410062379991205,0.0,2.5,,bayesian,regression,10,56
0.6,8.804799999999998,3.839999999999999,0.9631535795833421,0.0,1.0,,bayesian,regression,10,57
1.0,8.9112,7.042400000000002,2.5885776040387563,0.0,2.5,,bayesian,regression,10,58
1.1,9.29488,8.87176,2.706954950389388,0.0,2.0,,bayesian,regression,10,59
1.0,9.432,8.088000000000001,1.5170422512327444,0.0,1.0,,bayesian,regression,10,60
0.5,8.865440000000001,3.1970400000000003,0.09676104388648113,0.0,0.5,,bayesian,regression,10,61
0.3,8.972,1.634,-0.34194337366811134,0.0,0.0,,bayesian,regression,10,62
0.9,9.255862857142857,6.997862857142858,1.6212102059152307,0.0,1.0,,bayesian,regression,10,63
0.8,9.126943999999998,5.969247999999999,1.4018579971379346,0.0,1.5,,bayesian,regression,10,64
1.0,8.920192,7.408192000000001,2.1640825781523096,0.0,1.0,,bayesian,regression,10,65
0.2,9.3192,0.776,-0.5612955824454076,0.0,0.0,,bayesian,regression,10,66
2.0,7.8720000000000026,10.408000000000003,11.542212121823123,0.0,4.5,,bayesian,regression,10,67
0.6,8.975840000000002,4.002879999999999,0.9631535795833421,0.0,1.0,,bayesian,regression,10,68
0.8,9.04512,5.777120000000002,1.8263530230243812,0.0,1.0,,bayesian,regression,10,69
0.9,9.424000000000001,7.210000000000001,1.2976900424554483,0.0,1.0,,bayesian,regression,10,70
0.7,9.05296,4.882160000000001,1.9305209777068675,0.0,2.0,,bayesian,regression,10,71
1.7,9.095200000000002,13.632400000000004,6.166138908665189,0.0,2.5,,bayesian,regression,10,72
1.3,8.575040000000001,7.788240000000007,6.678985624900856,0.0,3.5,,bayesian,regression,10,73
0.7,8.495519999999999,3.713040000000001,1.1825057883606385,0.0,2.0,,bayesian,regression,10,74
1.0,8.874293333333334,7.056604444444446,2.9120977674985387,0.0,2.0,,bayesian,regression,10,75
0.8,9.008000000000001,5.804,1.4018579971379346,0.0,1.0,,bayesian,regression,10,76
1.0,8.7976,6.506400000000002,3.7225830277907916,0.0,3.0,,bayesian,regression,10,77
0.6,8.99504,4.02064,0.6396334161235597,0.0,0.5,,bayesian,regression,10,78
2.2,9.421600000000002,18.815200000000004,10.216455918455946,0.0,2.5,,bayesian,regression,10,79
1.1,8.92832,7.783919999999999,5.0134705893741,0.0,2.5,,bayesian,regression,10,80
1.2,9.233920000000001,9.62592,3.3508021850531313,0.0,1.0,,bayesian,regression,10,81
1.0,9.08,7.4079999999999995,2.487602741612092,0.0,2.0,,bayesian,regression,10,82
1.7,9.154422857142858,13.747737142857144,7.401119194843889,0.0,2.0,,bayesian,regression,10,83
0.7,8.90304,4.54408,1.1825057883606385,0.0,2.0,,bayesian,regression,10,84
0.5,8.95472,3.0642399999999994,0.42028120734626356,0.0,1.5,,bayesian,regression,10,85
0.9,8.972480000000001,6.634480000000001,1.6212102059152307,0.0,1.0,,bayesian,regression,10,86
1.6,8.897866666666669,12.072800000000008,5.6857366073741336,0.0,3.0,,bayesian,regression,10,87
1.1,9.036000000000003,8.186000000000003,3.618415073108306,0.0,2.5,,bayesian,regression,10,88
0.7,8.587999999999997,3.477999999999999,2.7410062379991205,0.0,2.5,,bayesian,regression,10,89
0.6,9.25056,4.2696,0.3161132526637774,0.0,0.5,,bayesian,regression,10,90
0.5,8.553439999999998,2.021519999999998,1.1682963966924926,0.0,2.0,,bayesian,regression,10,91
1.7,9.083520000000002,13.472240000000005,6.590633934551636,0.0,2.5,,bayesian,regression,10,92
1.1,9.343200000000001,8.948400000000001,2.3834347869296058,0.0,1.0,,bayesian,regression,10,93
0.9,8.7608,5.5724,3.117240584607689,0.0,3.0,,bayesian,regression,10,94
0.6,8.69136,3.2012799999999992,1.7111687689295714,0.0,1.5,,bayesian,regression,10,95
0.4,8.933599999999998,2.2536,-0.12259116489081509,0.0,1.0,,bayesian,regression,10,96
1.4,9.156000000000002,11.296000000000001,3.68853174018106,0.0,1.5,,bayesian,regression,10,97
1.4,9.232960000000002,11.403680000000003,4.861041955413735,0.0,2.0,,bayesian,regression,10,98
0.4,8.318079999999998,0.9638399999999983,0.9489441879151965,0.0,1.5,,bayesian,regression,10,99
2.8,4.4,5.76,20.265666412442663,0.0,1.5,,bayesian,q_learning,10,0
4.5,2.4,6.65,38.03811314530238,0.0,4.5,,bayesian,q_learning,10,1
4.1,2.4,6.369999999999999,31.73902838681415,0.0,5.0,,bayesian,q_learning,10,2
3.6,2.8,5.119999999999999,27.320506906354137,0.0,4.0,,bayesian,q_learning,10,3
3.1,3.4,6.07,16.153247045215874,0.0,2.5,,bayesian,q_learning,10,4
4.2,4.8,12.14,36.09583737287391,0.0,5.0,,bayesian,q_learning,10,5
2.8,5.4,5.5600000000000005,21.28211184401821,0.0,0.5,,bayesian,q_learning,10,6
3.3,4.6,8.610000000000001,24.9722448948754,0.0,1.5,,bayesian,q_learning,10,7
2.6,3.4,3.4200000000000004,14.756931117334995,0.0,2.5,,bayesian,q_learning,10,8
3.8,2.6,6.06,28.260920554484176,0.0,3.0,,bayesian,q_learning,10,9
3.0,5.8,9.1,23.06262285261498,0.0,5.5,,bayesian,q_learning,10,10
5.0,2.0,7.5,42.36126541243579,0.0,5.0,,bayesian,q_learning,10,11
3.1,4.4,8.07,22.32799970076276,0.0,3.0,,bayesian,q_learning,10,12
3.3,3.2,6.609999999999999,23.50293414283469,0.0,4.5,,bayesian,q_learning,10,13
3.7,3.8,6.69,29.38153394074221,0.0,3.0,,bayesian,q_learning,10,14
3.0,2.6,4.1,13.164379380086782,0.0,2.0,,bayesian,q_learning,10,15
3.3,4.8,6.609999999999999,28.481211303683512,0.0,5.0,,bayesian,q_learning,10,16
3.7,3.6,7.090000000000001,31.72384119563023,0.0,4.0,,bayesian,q_learning,10,17
3.4,3.6,5.58,17.82036895340775,0.0,1.0,,bayesian,q_learning,10,18
4.1,2.2,6.57,31.2036969907585,0.0,3.0,,bayesian,q_learning,10,19
3.5,2.6,5.55,22.458182865016692,0.0,3.0,,bayesian,q_learning,10,20
3.5,3.4,4.95,28.15414009193764,0.0,4.5,,bayesian,q_learning,10,21
3.8,3.0,6.459999999999999,29.101740938050533,0.0,3.0,,bayesian,q_learning,10,22
3.7,3.2,7.489999999999999,28.782859913045826,0.0,3.5,,bayesian,q_learning,10,23
3.8,2.0,5.46,28.90123725939646,0.0,4.5,,bayesian,q_learning,10,24
4.4,3.0,9.48,31.6712606026497,0.0,3.0,,bayesian,q_learning,10,25
3.2,2.8,5.64,23.56820235622893,0.0,1.5,,bayesian,q_learning,10,26
3.1,2.8,4.670000000000001,20.571708748047524,0.0,2.0,,bayesian,q_learning,10,27
2.8,3.8,5.16,21.346422910971086,0.0,2.0,,bayesian,q_learning,10,28
3.9,3.6,9.83,29.989929302789676,0.0,3.0,,bayesian,q_learning,10,29
3.5,3.0,5.15,25.461634218547125,0.0,3.5,,bayesian,q_learning,10,30
3.5,2.6,6.35,23.905697788015118,0.0,3.0,,bayesian,q_learning,10,31
3.6,4.4,10.52,25.554205289425514,0.0,2.0,,bayesian,q_learning,10,32
2.9,4.2,6.9300000000000015,20.17367857239667,0.0,1.0,,bayesian,q_learning,10,33
3.7,2.8,5.289999999999999,28.160574384082633,0.0,2.0,,bayesian,q_learning,10,34
3.3,3.6,6.610000000000001,24.111074728466008,0.0,4.0,,bayesian,q_learning,10,35
3.9,2.0,5.630000000000001,28.577482972594943,0.0,3.0,,bayesian,q_learning,10,36
3.0,3.6,5.3,20.536520881511233,0.0,4.0,,bayesian,q_learning,10,37
3.8,3.8,10.26,26.51825576260469,0.0,4.0,,bayesian,q_learning,10,38
3.7,3.2,6.089999999999999,26.442393654164658,0.0,4.5,,bayesian,q_learning,10,39
3.4,3.0,4.9799999999999995,26.212447550341572,0.0,4.5,,bayesian,q_learning,10,40
2.8,4.8,3.7599999999999993,23.22844352406935,0.0,2.0,,bayesian,q_learning,10,41
4.0,2.6,7.399999999999999,30.4196466979636,0.0,3.5,,bayesian,q_learning,10,42
4.5,2.4,8.65,36.598618734039654,0.0,4.5,,bayesian,q_learning,10,43
3.7,4.0,9.690000000000001,28.57104868044995,0.0,3.0,,bayesian,q_learning,10,44
3.2,3.6,4.64,25.642556979774742,0.0,2.5,,bayesian,q_learning,10,45
4.4,3.4,6.4799999999999995,39.205251834776746,0.0,2.5,,bayesian,q_learning,10,46
3.5,4.6,11.35,23.978178523174535,0.0,5.0,,bayesian,q_learning,10,47
2.2,4.4,3.9400000000000004,13.760121294042463,0.0,1.0,,bayesian,q_learning,10,48
4.2,2.8,6.14,35.35783284774108,0.0,4.0,,bayesian,q_learning,10,49
3.5,5.0,8.75,26.896969026909055,0.0,3.0,,bayesian,q_learning,10,50
4.0,2.4,6.199999999999999,31.343286935319007,0.0,3.5,,bayesian,q_learning,10,51
3.9,3.6,8.430000000000001,30.446928902373333,0.0,4.0,,bayesian,q_learning,10,52
2.3,5.4,3.91,18.04412109052656,0.0,5.0,,bayesian,q_learning,10,53
4.5,2.0,6.65,36.18229337635974,0.0,4.0,,bayesian,q_learning,10,54
4.3,3.2,8.71,35.99351041419829,0.0,3.5,,bayesian,q_learning,10,55
3.7,2.8,5.6899999999999995,28.57104868044995,0.0,4.5,,bayesian,q_learning,10,56
4.6,3.0,10.620000000000001,38.71361771675095,0.0,5.0,,bayesian,q_learning,10,57
5.1,2.0,7.669999999999999,44.5065995184212,0.0,3.5,,bayesian,q_learning,10,58
4.0,2.8,5.8,30.259966417684108,0.0,2.0,,bayesian,q_learning,10,59
2.5,4.0,4.65,17.256014890108986,0.0,0.0,,bayesian,q_learning,10,60
4.1,3.6,6.7700000000000005,29.877357556558916,0.0,1.0,,bayesian,q_learning,10,61
3.2,2.6,5.64,23.014362173337098,0.0,3.5,,bayesian,q_learning,10,62
3.2,3.4,5.64,18.784100201834505,0.0,2.5,,bayesian,q_learning,10,63
4.1,3.2,6.970000000000001,33.628824099435576,0.0,5.0,,bayesian,q_learning,10,64
3.9,3.4,7.43,31.0514539913823,0.0,1.0,,bayesian,q_learning,10,65
2.7,3.4,4.59,15.930258686741809,0.0,3.5,,bayesian,q_learning,10,66
3.8,3.6,7.26,31.294707031288716,0.0,5.0,,bayesian,q_learning,10,67
3.6,3.2,5.92,28.02817630821287,0.0,2.5,,bayesian,q_learning,10,68
3.4,3.0,4.779999999999999,26.19882138950582,0.0,3.5,,bayesian,q_learning,10,69
3.3,4.0,8.41,22.870637949658096,0.0,3.5,,bayesian,q_learning,10,70
2.5,3.8,3.65,18.317539578701606,0.0,1.0,,bayesian,q_learning,10,71
4.1,2.2,6.5699999999999985,32.07849331800363,0.0,3.5,,bayesian,q_learning,10,72
4.2,3.0,9.540000000000001,34.080337323651776,0.0,5.0,,bayesian,q_learning,10,73
2.3,4.8,5.3100000000000005,14.933448863449275,0.0,2.5,,bayesian,q_learning,10,74
3.5,3.6,7.75,21.11821726998137,0.0,3.0,,bayesian,q_learning,10,75
3.3,3.4,6.01,23.694749370786095,0.0,2.5,,bayesian,q_learning,10,76
4.2,2.2,6.540000000000001,33.26985206335952,0.0,3.5,,bayesian,q_learning,10,77
3.6,2.4,5.920000000000001,26.959204974513348,0.0,2.0,,bayesian,q_learning,10,78
3.4,3.4,5.379999999999999,23.291816050600197,0.0,3.0,,bayesian,q_learning,10,79
3.6,3.0,5.92,26.7018368740133,0.0,2.5,,bayesian,q_learning,10,80
4.0,3.2,8.8,33.243067988371514,0.0,1.0,,bayesian,q_learning,10,81
3.3,3.2,5.209999999999999,24.329609583069168,0.0,3.0,,bayesian,q_learning,10,82
3.8,3.6,7.06,27.836425528597733,0.0,2.0,,bayesian,q_learning,10,83
3.2,3.0,5.039999999999999,23.089406927602994,0.0,2.0,,bayesian,q_learning,10,84
3.7,2.2,5.6899999999999995,26.339577795731138,0.0,3.5,,bayesian,q_learning,10,85
4.1,3.0,6.57,32.98618878762935,0.0,3.5,,bayesian,q_learning,10,86
3.4,2.8,6.180000000000001,22.68729096159123,0.0,1.5,,bayesian,q_learning,10,87
4.4,2.8,6.4799999999999995,38.35152831347427,0.0,5.5,,bayesian,q_learning,10,88
3.5,2.6,5.75,24.99462395475008,0.0,2.5,,bayesian,q_learning,10,89
3.5,5.0,9.55,28.50615438266467,0.0,1.5,,bayesian,q_learning,10,90
3.0,4.4,7.1,20.625191796612874,0.0,4.5,,bayesian,q_learning,10,91
4.3,2.6,8.11,34.445743651872824,0.0,3.5,,bayesian,q_learning,10,92
4.3,2.6,6.3100000000000005,36.74152560354451,0.0,3.0,,bayesian,q_learning,10,93
4.0,2.4,6.199999999999999,30.62231982704078,0.0,3.5,,bayesian,q_learning,10,94
4.0,3.4,8.6,31.63026713599354,0.0,2.5,,bayesian,q_learning,10,95
3.4,3.6,5.78,25.386495133206715,0.0,4.0,,bayesian,q_learning,10,96
3.7,3.8,8.49,27.18039817929749,0.0,4.0,,bayesian,q_learning,10,97
4.3,3.0,8.71,35.2015339407422,0.0,3.5,,bayesian,q_learning,10,98
3.4,2.6,4.779999999999999,22.481330790307943,0.0,3.0,,bayesian,q_learning,10,99
3.8,4.24,11.86,30.15656732841819,0.0,4.5,,bayesian,gp,10,0
2.2,6.0,9.620000000000001,13.5819322269268,0.0,3.0,,bayesian,gp,10,1
2.3,6.640000000000001,6.590000000000001,15.072804684668052,0.0,0.5,,bayesian,gp,10,2
1.7,7.92,11.01,6.166138908665189,0.0,2.0,,bayesian,gp,10,3
2.0,5.040000000000001,6.4,9.415726545960931,0.0,2.0,,bayesian,gp,10,4
2.0,6.959999999999999,9.440000000000001,10.974226995599413,0.0,1.0,,bayesian,gp,10,5
1.3,8.559999999999999,9.530000000000001,3.4691795314037632,0.0,1.5,,bayesian,gp,10,6
1.2,7.760000000000001,6.160000000000001,4.846832563745589,0.0,1.5,,bayesian,gp,10,7
1.0,7.92,1.3399999999999999,7.902949611667232,0.0,0.0,,bayesian,gp,10,8
1.1,7.76,4.710000000000001,5.219430760657387,0.0,0.5,,bayesian,gp,10,9
2.1,7.12,7.37,11.55560415931713,0.0,0.5,,bayesian,gp,10,10
1.8,7.919999999999999,8.620000000000001,11.052822798151396,0.0,1.0,,bayesian,gp,10,11
1.8,6.959999999999999,6.859999999999999,10.679012678382083,0.0,1.0,,bayesian,gp,10,12
1.8,7.279999999999999,7.5,9.283957162116291,0.0,1.0,,bayesian,gp,10,13
2.4,6.0,9.48,14.56269166254433,0.0,3.0,,bayesian,gp,10,14
1.6,7.44,5.5600000000000005,9.528956866955046,0.0,1.0,,bayesian,gp,10,15
2.4,6.16,7.719999999999999,14.481671633153093,0.0,1.5,,bayesian,gp,10,16
2.3,7.76,10.59,15.489130042347961,0.0,1.5,,bayesian,gp,10,17
2.2,6.16,7.540000000000001,13.903611394379723,0.0,4.0,,bayesian,gp,10,18
1.8,7.280000000000001,6.540000000000001,10.291181447969421,0.0,1.0,,bayesian,gp,10,19
1.5,8.56,10.030000000000001,5.8284093535372605,0.0,2.0,,bayesian,gp,10,20
1.8,8.719999999999999,12.939999999999998,7.943991567080968,0.0,1.5,,bayesian,gp,10,21
3.3,5.5200000000000005,12.450000000000001,24.09744856763026,0.0,4.5,,bayesian,gp,10,22
1.7,8.720000000000002,12.929999999999998,7.724639358303672,0.0,2.5,,bayesian,gp,10,23
1.3,7.76,2.17,9.256890475028964,0.0,0.0,,bayesian,gp,10,24
2.7,7.44,13.670000000000002,16.6701042078815,0.0,2.0,,bayesian,gp,10,25
1.0,8.72,7.26,2.1640825781523096,0.0,1.0,,bayesian,gp,10,26
2.0,7.76,11.680000000000001,9.559216646298195,0.0,1.0,,bayesian,gp,10,27
1.2,8.559999999999999,6.8,4.422337537859143,0.0,1.0,,bayesian,gp,10,28
1.9,7.6,7.830000000000001,10.834053820206499,0.0,0.5,,bayesian,gp,10,29
2.1,6.32,5.289999999999999,12.895569754352456,0.0,0.0,,bayesian,gp,10,30
2.1,7.12,8.809999999999999,13.219089917812237,0.0,0.0,,bayesian,gp,10,31
3.4,4.24,10.22,25.062251946647308,0.0,2.5,,bayesian,gp,10,32
1.4,8.080000000000002,6.18,8.406548327007105,0.0,1.0,,bayesian,gp,10,33
2.3,6.8,7.390000000000001,16.76662556643726,0.0,0.0,,bayesian,gp,10,34
1.4,8.72,8.9,5.995047379165771,0.0,1.5,,bayesian,gp,10,35
1.6,7.92,5.239999999999999,8.315772409818628,0.0,0.5,,bayesian,gp,10,36
2.7,7.12,12.23,19.245050089095525,0.0,1.5,,bayesian,gp,10,37
0.9,8.559999999999999,3.5700000000000003,4.457206179643012,0.0,0.5,,bayesian,gp,10,38
2.9,6.160000000000001,9.85,21.063342866073306,0.0,5.0,,bayesian,gp,10,39
0.9,8.559999999999999,4.529999999999999,3.1797106555537136,0.0,0.5,,bayesian,gp,10,40
1.3,8.080000000000002,7.7700000000000005,4.641689746636439,0.0,0.5,,bayesian,gp,10,41
1.1,7.44,4.2299999999999995,5.219430760657387,0.0,1.0,,bayesian,gp,10,42
2.8,4.24,6.959999999999999,19.95577240981863,0.0,3.5,,bayesian,gp,10,43
0.8,8.4,5.319999999999999,1.0783378336781522,0.0,1.5,,bayesian,gp,10,44
0.8,8.72,5.640000000000001,1.0783378336781522,0.0,1.5,,bayesian,gp,10,45
1.1,8.24,5.83,3.9419352365680878,0.0,0.5,,bayesian,gp,10,46
2.9,5.360000000000001,11.290000000000003,19.657824398489346,0.0,4.0,,bayesian,gp,10,47
1.2,8.08,3.6,6.83199748969362,0.0,0.5,,bayesian,gp,10,48
2.3,7.12,10.270000000000001,11.994308576871726,0.0,2.0,,bayesian,gp,10,49
1.8,8.08,9.579999999999998,9.543166258623193,0.0,2.5,,bayesian,gp,10,50
2.4,7.12,13.000000000000004,13.701521496134944,0.0,2.5,,bayesian,gp,10,51
1.7,7.92,10.209999999999999,8.355094555473405,0.0,2.0,,bayesian,gp,10,52
1.5,8.08,10.029999999999998,5.727434491110597,0.0,2.5,,bayesian,gp,10,53
1.6,7.6,5.08,9.59142693790107,0.0,0.5,,bayesian,gp,10,54
1.4,8.4,10.5,4.436546929527289,0.0,2.0,,bayesian,gp,10,55
1.9,6.8,4.789999999999999,13.68367595477003,0.0,0.5,,bayesian,gp,10,56
1.6,7.12,4.4399999999999995,10.228128146190997,0.0,0.0,,bayesian,gp,10,57
2.2,5.840000000000001,8.34,14.651626583725951,0.0,2.5,,bayesian,gp,10,58
2.2,7.279999999999999,8.02,13.903611394379723,0.0,1.0,,bayesian,gp,10,59
2.0,7.44,6.56,13.486702805867413,0.0,0.5,,bayesian,gp,10,60
1.9,6.320000000000001,7.510000000000001,10.574844723699599,0.0,2.5,,bayesian,gp,10,61
1.1,8.08,4.710000000000001,4.689950425914317,0.0,0.5,,bayesian,gp,10,62
2.0,7.44,8.0,12.344527713908843,0.0,1.5,,bayesian,gp,10,63
2.3,7.44,12.03,14.446483766616803,0.0,4.5,,bayesian,gp,10,64
1.5,8.72,8.110000000000001,8.512745558721244,0.0,0.5,,bayesian,gp,10,65
1.6,7.92,10.2,6.4337517967203635,0.0,2.5,,bayesian,gp,10,66
1.8,7.92,10.22,10.355492514922302,0.0,2.5,,bayesian,gp,10,67
2.5,4.5600000000000005,6.7700000000000005,15.440869363070082,0.0,4.0,,bayesian,gp,10,68
1.6,8.080000000000002,8.120000000000001,9.593267933907928,0.0,1.5,,bayesian,gp,10,69
2.3,7.6,13.469999999999999,12.42281404918813,0.0,2.5,,bayesian,gp,10,70
2.0,6.8,8.48,14.76419832995671,0.0,2.0,,bayesian,gp,10,71
3.0,5.840000000000001,9.86,21.282695074850604,0.0,4.5,,bayesian,gp,10,72
2.3,6.8,9.47,15.489130042347961,0.0,0.5,,bayesian,gp,10,73
2.0,7.76,10.88,10.470676769017112,0.0,1.0,,bayesian,gp,10,74
1.7,8.24,9.89,8.203434786929606,0.0,1.0,,bayesian,gp,10,75
2.0,7.6,8.8,12.34452771390884,0.0,1.0,,bayesian,gp,10,76
1.1,7.76,3.1100000000000003,8.122301820444529,0.0,0.0,,bayesian,gp,10,77
1.3,7.44,3.29,7.334195620026956,0.0,0.0,,bayesian,gp,10,78
2.0,7.92,12.64,13.840558092601299,0.0,3.0,,bayesian,gp,10,79
2.2,6.4799999999999995,5.78,16.480398271600603,0.0,0.0,,bayesian,gp,10,80
1.9,7.6,7.67,11.595695170388474,0.0,0.5,,bayesian,gp,10,81
2.4,7.279999999999999,11.72,13.452651518257682,0.0,1.5,,bayesian,gp,10,82
1.7,8.24,11.33,5.41812371931896,0.0,1.5,,bayesian,gp,10,83
2.8,5.040000000000001,7.760000000000001,20.05530122604604,0.0,4.0,,bayesian,gp,10,84
1.5,7.6,4.91,9.695594892583557,0.0,1.0,,bayesian,gp,10,85
1.1,7.76,3.4299999999999997,5.54295092411717,0.0,0.5,,bayesian,gp,10,86
2.3,6.959999999999999,13.63,12.317828740331507,0.0,2.0,,bayesian,gp,10,87
2.7,5.6800000000000015,11.59,18.09328422538926,0.0,2.5,,bayesian,gp,10,88
2.4,7.12,12.2,13.77617168171746,0.0,2.0,,bayesian,gp,10,89
1.6,6.640000000000001,6.840000000000001,7.567757220472399,0.0,1.5,,bayesian,gp,10,90
1.8,5.840000000000001,6.859999999999999,9.930997489035857,0.0,3.5,,bayesian,gp,10,91
1.9,7.76,8.469999999999999,10.847679981042244,0.0,0.0,,bayesian,gp,10,92
1.7,8.08,10.370000000000001,8.741084789879212,0.0,2.0,,bayesian,gp,10,93
1.3,8.559999999999999,10.01,3.4691795314037632,0.0,2.0,,bayesian,gp,10,94
1.6,7.92,9.080000000000002,6.963232131463434,0.0,2.0,,bayesian,gp,10,95
1.9,8.080000000000002,12.31,7.352858515566011,0.0,1.5,,bayesian,gp,10,96
2.6,5.5200000000000005,8.219999999999999,19.630222969327196,0.0,3.0,,bayesian,gp,10,97
2.4,8.72,20.520000000000003,12.680671049446065,0.0,4.0,,bayesian,gp,10,98
1.4,6.160000000000001,6.0200000000000005,4.436546929527289,0.0,2.0,,bayesian,gp,10,99
4.3,10.0,40.709999999999994,33.475578111301076,0.0,4.5,,no_regret,passive,10,0
4.8,10.0,45.56000000000001,39.67074032731936,0.0,4.0,,no_regret,passive,10,1
4.9,10.0,46.529999999999994,40.18656461848844,0.0,5.0,,no_regret,passive,10,2
4.4,10.0,41.68,35.21492597823622,0.0,4.5,,no_regret,passive,10,3
5.0,10.0,47.50000000000001,43.80172825901069,0.0,5.5,,no_regret,passive,10,4
4.4,10.0,41.68,34.972425844167674,0.0,4.5,,no_regret,passive,10,5
4.8,10.0,45.56,37.27958916232105,0.0,5.5,,no_regret,passive,10,6
4.5,10.0,42.65,36.22296761826348,0.0,5.0,,no_regret,passive,10,7
4.0,10.0,37.8,31.517112158930377,0.0,4.0,,no_regret,passive,10,8
4.3,10.0,40.71,34.134403603049535,0.0,3.0,,no_regret,passive,10,9
3.6,10.0,33.92,24.559555686892253,0.0,3.0,,no_regret,passive,10,10
5.2,10.0,49.440000000000005,44.9548257004313,0.0,4.5,,no_regret,passive,10,11
5.3,10.0,50.410000000000004,43.97770241451053,0.0,5.0,,no_regret,passive,10,12
5.3,10.0,50.410000000000004,43.526159307556085,0.0,6.5,,no_regret,passive,10,13
4.4,10.0,41.68000000000001,32.35496472504305,0.0,3.5,,no_regret,passive,10,14
4.4,10.0,41.68,34.72611988539689,0.0,5.0,,no_regret,passive,10,15
5.3,10.0,50.41000000000001,42.3481925996942,0.0,6.0,,no_regret,passive,10,16
5.1,10.0,48.47,44.36310941808394,0.0,6.0,,no_regret,passive,10,17
4.6,10.0,43.620000000000005,38.30399065729601,0.0,6.5,,no_regret,passive,10,18
5.3,10.0,50.41,44.204012368636846,0.0,5.5,,no_regret,passive,10,19
4.5,10.0,42.650000000000006,36.71177371110281,0.0,3.5,,no_regret,passive,10,20
3.6,10.0,33.92,28.725506591441967,0.0,2.5,,no_regret,passive,10,21
4.3,10.0,40.71000000000001,33.797257278754,0.0,2.0,,no_regret,passive,10,22
4.8,10.0,45.56,39.78389530438251,0.0,4.5,,no_regret,passive,10,23
4.4,10.0,41.68,35.73406719434965,0.0,5.0,,no_regret,passive,10,24
4.5,10.0,42.65,36.97426984981582,0.0,5.0,,no_regret,passive,10,25
3.8,10.0,35.86,29.930257374291877,0.0,3.0,,no_regret,passive,10,26
5.2,10.0,49.440000000000005,44.40427255974557,0.0,5.5,,no_regret,passive,10,27
4.0,10.0,37.8,28.557975867708365,0.0,2.5,,no_regret,passive,10,28
4.6,10.0,43.62,39.06563200747799,0.0,4.0,,no_regret,passive,10,29
4.3,10.0,40.71,34.277893703386795,0.0,2.5,,no_regret,passive,10,30
4.2,10.0,39.739999999999995,33.41334216369679,0.0,6.0,,no_regret,passive,10,31
5.0,10.0,47.5,40.392290666429986,0.0,5.0,,no_regret,passive,10,32
4.6,10.0,43.620000000000005,37.679141109226336,0.0,5.0,,no_regret,passive,10,33
3.6,10.0,33.92,25.475026256041133,0.0,3.5,,no_regret,passive,10,34
4.8,10.0,45.56,39.78389530438251,0.0,4.5,,no_regret,passive,10,35
4.4,10.0,41.67999999999999,35.39909032047722,0.0,3.5,,no_regret,passive,10,36
3.7,10.0,34.89,27.437043256697915,0.0,2.5,,no_regret,passive,10,37
5.1,10.0,48.470000000000006,44.27443850298229,0.0,6.5,,no_regret,passive,10,38
4.7,10.0,44.589999999999996,35.201853165494626,0.0,8.0,,no_regret,passive,10,39
4.2,10.0,39.739999999999995,29.35053557199684,0.0,3.5,,no_regret,passive,10,40
4.0,10.0,37.8,31.462417187507516,0.0,4.0,,no_regret,passive,10,41
4.4,10.0,41.68,35.59057709401238,0.0,3.5,,no_regret,passive,10,42
4.4,10.0,41.68,34.45328462805424,0.0,3.0,,no_regret,passive,10,43
3.4,10.0,31.979999999999997,23.01081112505101,0.0,3.0,,no_regret,passive,10,44
3.8,10.0,35.86,27.593925394529187,0.0,3.0,,no_regret,passive,10,45
4.4,10.0,41.68,34.68288162438667,0.0,4.5,,no_regret,passive,10,46
4.8,10.0,45.56,39.55173428894361,0.0,4.5,,no_regret,passive,10,47
4.6,10.0,43.620000000000005,35.936476317346845,0.0,4.0,,no_regret,passive,10,48
4.8,10.0,45.56,40.4161914975591,0.0,4.0,,no_regret,passive,10,49
4.7,10.0,44.589999999999996,33.56541548806752,0.0,3.0,,no_regret,passive,10,50
4.5,10.0,42.65,34.350957669378616,0.0,5.0,,no_regret,passive,10,51
4.5,10.0,42.650000000000006,36.18229337635974,0.0,3.5,,no_regret,passive,10,52
4.6,10.0,43.62,35.86399558218743,0.0,6.0,,no_regret,passive,10,53
5.2,10.0,49.44,44.88234496527188,0.0,4.5,,no_regret,passive,10,54
3.9,10.0,36.83,27.39951626473305,0.0,2.5,,no_regret,passive,10,55
4.0,10.0,37.8,28.974301225388274,0.0,2.5,,no_regret,passive,10,56
3.3,10.0,31.01,23.035923879037643,0.0,3.5,,no_regret,passive,10,57
4.2,10.0,39.739999999999995,28.08120971611408,0.0,2.5,,no_regret,passive,10,58
5.2,10.0,49.440000000000005,41.66780540224521,0.0,5.5,,no_regret,passive,10,59
5.3,10.0,50.410000000000004,46.33851845623472,0.0,6.0,,no_regret,passive,10,60
4.4,10.0,41.68,34.14523162143706,0.0,3.5,,no_regret,passive,10,61
4.0,10.0,37.8,31.872767270062077,0.0,3.0,,no_regret,passive,10,62
5.2,10.0,49.44,42.60763581954284,0.0,3.5,,no_regret,passive,10,63
5.4,10.0,51.38000000000001,46.50902675490175,0.0,5.5,,no_regret,passive,10,64
5.1,10.0,48.47,39.428793541344966,0.0,4.5,,no_regret,passive,10,65
4.5,10.0,42.65,35.83697738385768,0.0,3.5,,no_regret,passive,10,66
5.1,10.0,48.47,44.77943477576385,0.0,4.5,,no_regret,passive,10,67
4.7,10.0,44.59,38.54369264891634,0.0,4.0,,no_regret,passive,10,68
5.5,10.0,52.35000000000001,46.84409795984869,0.0,6.5,,no_regret,passive,10,69
4.7,10.0,44.58999999999999,38.28216494551549,0.0,4.0,,no_regret,passive,10,70
4.5,10.0,42.650000000000006,37.986705216085625,0.0,4.5,,no_regret,passive,10,71
5.0,10.0,47.5,40.87524569795672,0.0,4.0,,no_regret,passive,10,72
5.0,10.0,47.50000000000001,38.96694119849913,0.0,4.5,,no_regret,passive,10,73
4.1,10.0,38.769999999999996,29.847022433284813,0.0,1.5,,no_regret,passive,10,74
4.3,10.0,40.71,33.990913502712274,0.0,5.0,,no_regret,passive,10,75
4.4,10.0,41.68000000000001,34.9886160241099,0.0,3.0,,no_regret,passive,10,76
4.5,10.0,42.65,34.880438004121686,0.0,6.5,,no_regret,passive,10,77
4.6,10.0,43.62,38.06513134363214,0.0,5.0,,no_regret,passive,10,78
5.4,10.0,51.379999999999995,41.46604395841668,0.0,5.5,,no_regret,passive,10,79
3.4,10.0,31.98,24.918761846310044,0.0,4.0,,no_regret,passive,10,80
4.9,10.0,46.53,38.63294679485038,0.0,5.5,,no_regret,passive,10,81
5.1,10.0,48.470000000000006,43.36930705246306,0.0,6.0,,no_regret,passive,10,82
4.6,10.0,43.62,38.48730776262464,0.0,6.0,,no_regret,passive,10,83
2.8,10.0,26.159999999999997,18.842116768909627,0.0,2.5,,no_regret,passive,10,84
4.6,10.0,43.620000000000005,38.58427255974557,0.0,4.0,,no_regret,passive,10,85
3.9,10.0,36.83,29.989929302789683,0.0,3.5,,no_regret,passive,10,86
5.3,10.0,50.41,46.45167343329789,0.0,5.5,,no_regret,passive,10,87
4.6,10.0,43.620000000000005,36.28849060807387,0.0,3.0,,no_regret,passive,10,88
4.1,10.0,38.769999999999996,29.685023546111374,0.0,2.5,,no_regret,passive,10,89
4.5,10.0,42.65,33.281263312579455,0.0,3.0,,no_regret,passive,10,90
4.4,10.0,41.67999999999999,35.94259138473941,0.0,6.0,,no_regret,passive,10,91
4.9,10.0,46.53000000000001,42.60708247144869,0.0,4.0,,no_regret,passive,10,92
5.6,10.0,53.32000000000001,49.523795026577595,0.0,5.5,,no_regret,passive,10,93
4.6,10.0,43.620000000000005,35.10235423200545,0.0,3.0,,no_regret,passive,10,94
4.4,10.0,41.68,34.842561904666155,0.0,5.0,,no_regret,passive,10,95
4.5,10.0,42.65,35.225753996623745,0.0,5.0,,no_regret,passive,10,96
4.5,10.0,42.65,39.008278685874124,0.0,3.0,,no_regret,passive,10,97
4.9,10.0,46.53,37.69640341975885,0.0,5.0,,no_regret,passive,10,98
4.3,10.0,40.71,35.03953505356877,0.0,4.5,,no_regret,passive,10,99
4.3,9.707040000000003,39.300080000000015,33.09992699552491,0.0,4.5,,no_regret,regression,10,0
4.9,9.878867692307692,45.909470769230765,40.26245660966671,0.0,4.0,,no_regret,regression,10,1
5.1,9.802770526315792,47.39789052631579,41.74564829895932,0.0,5.5,,no_regret,regression,10,2
4.6,9.644426666666666,41.958133333333336,38.06513134363214,0.0,5.0,,no_regret,regression,10,3
4.7,9.724960000000003,43.24296000000001,39.71132023814859,0.0,4.5,,no_regret,regression,10,4
4.5,9.81023780821918,41.802370410958915,36.325783476697005,0.0,4.5,,no_regret,regression,10,5
5.0,9.764000000000001,46.212818897637796,40.01663955065382,0.0,7.0,,no_regret,regression,10,6
4.5,9.709855384615384,41.235101538461535,36.22296761826348,0.0,5.0,,no_regret,regression,10,7
4.0,9.656526829268294,36.3249756097561,31.517112158930377,0.0,4.0,,no_regret,regression,10,8
3.8,9.687004444444444,34.69459555555555,27.723270551534576,0.0,3.0,,no_regret,regression,10,9
3.8,9.572000000000003,34.13600000000001,27.409761052288182,0.0,4.0,,no_regret,regression,10,10
5.1,9.8944,47.9516,43.60146806790196,0.0,4.5,,no_regret,regression,10,11
5.1,9.925657358490568,48.058286792452826,42.58061762121308,0.0,5.0,,no_regret,regression,10,12
5.2,9.83984,48.5266,43.77197636656898,0.0,5.5,,no_regret,regression,10,13
4.7,9.767984545454548,43.32051727272727,35.68373139572317,0.0,5.0,,no_regret,regression,10,14
4.4,9.72036517647059,40.365705411764715,34.72611988539689,0.0,5.0,,no_regret,regression,10,15
5.2,9.837717333333336,48.51768533333334,40.99483496716487,0.0,5.5,,no_regret,regression,10,16
5.2,9.82048,48.45888,45.859957150950535,0.0,6.0,,no_regret,regression,10,17
4.5,9.77559741935484,41.64604645161291,37.33662325917249,0.0,6.5,,no_regret,regression,10,18
5.3,9.84520888888889,49.52576888888889,44.204012368636846,0.0,5.5,,no_regret,regression,10,19
4.6,9.75173942857143,42.555108571428576,38.2086214439694,0.0,4.0,,no_regret,regression,10,20
4.2,9.507940190995908,37.273350504774896,34.917870665012025,0.0,6.0,,no_regret,regression,10,21
4.5,9.876661621621622,42.16769081081081,35.69348728352041,0.0,3.0,,no_regret,regression,10,22
5.0,9.784832,46.334176,40.50544564349315,0.0,6.0,,no_regret,regression,10,23
4.4,9.786326153846156,40.80936615384617,35.73406719434965,0.0,5.0,,no_regret,regression,10,24
4.6,9.734412800000001,42.334752,38.47111758268242,0.0,5.5,,no_regret,regression,10,25
3.9,9.623314285714287,35.236399999999996,31.283615006821208,0.0,3.5,,no_regret,regression,10,26
5.1,9.782260645161292,47.2621677419355,42.90742482687898,0.0,5.5,,no_regret,regression,10,27
4.0,9.750750067114094,36.825940402684566,28.557975867708365,0.0,2.5,,no_regret,regression,10,28
4.6,9.892000000000001,43.08,38.30399065729601,0.0,4.0,,no_regret,regression,10,29
4.6,9.733223783783783,42.31901261261262,38.095466466906245,0.0,4.0,,no_regret,regression,10,30
4.2,9.683808000000003,38.39084800000001,33.41334216369679,0.0,6.0,,no_regret,regression,10,31
4.8,9.826453333333335,44.683200000000014,37.42307926265831,0.0,4.0,,no_regret,regression,10,32
4.5,9.749244444444447,41.52671111111111,36.18229337635974,0.0,5.0,,no_regret,regression,10,33
4.0,9.540160000000004,35.7488,31.318927087170245,0.0,5.0,,no_regret,regression,10,34
4.8,9.874728205128205,44.93552820512821,36.66472495468245,0.0,4.5,,no_regret,regression,10,35
4.6,9.836833684210527,42.8392252631579,38.68998089170182,0.0,1.5,,no_regret,regression,10,36
3.7,9.680087741935486,33.87377290322581,27.437043256697915,0.0,2.5,,no_regret,regression,10,37
5.4,9.87393193220339,50.66732420338984,45.86054038178293,0.0,7.5,,no_regret,regression,10,38
4.8,9.705037241379312,44.0283475862069,38.67352670567961,0.0,7.0,,no_regret,regression,10,39
4.1,9.517180845070424,36.68160563380282,27.99717793946751,0.0,3.5,,no_regret,regression,10,40
4.0,9.670506666666668,36.41098666666667,31.462417187507516,0.0,4.0,,no_regret,regression,10,41
4.6,9.745300000000002,42.39970000000001,38.44078245940831,0.0,4.5,,no_regret,regression,10,42
4.4,9.827368421052634,40.93842105263158,34.45328462805424,0.0,3.0,,no_regret,regression,10,43
3.4,9.594560000000001,30.677653333333335,23.01081112505101,0.0,3.0,,no_regret,regression,10,44
3.8,9.747184713375798,34.989554140127396,27.593925394529187,0.0,3.0,,no_regret,regression,10,45
4.4,9.747063370786519,40.515469662921355,34.68288162438667,0.0,4.5,,no_regret,regression,10,46
4.9,9.720353741496599,45.024204081632654,40.90509192147294,0.0,5.0,,no_regret,regression,10,47
4.6,9.77632116788321,42.55567883211679,35.936476317346845,0.0,4.0,,no_regret,regression,10,48
4.8,9.845214117647057,44.80774274509803,39.89705028144567,0.0,4.5,,no_regret,regression,10,49
4.7,9.713855438596491,43.1390301754386,33.56541548806752,0.0,3.0,,no_regret,regression,10,50
4.5,9.656704173441737,40.913520867208675,34.350957669378616,0.0,5.0,,no_regret,regression,10,51
4.7,9.81056,43.704240000000006,39.03249874175567,0.0,4.0,,no_regret,regression,10,52
4.6,9.71214431372549,42.16486588235294,35.86399558218743,0.0,6.0,,no_regret,regression,10,53
5.2,9.930523076923077,49.06904615384615,45.51464115844847,0.0,4.5,,no_regret,regression,10,54
3.9,9.672136952908588,35.48517429362882,27.39951626473305,0.0,2.5,,no_regret,regression,10,55
4.1,9.708686101694918,37.470818983050854,30.327658857917605,0.0,3.0,,no_regret,regression,10,56
3.3,9.623977142857147,29.829702857142866,23.035923879037643,0.0,3.5,,no_regret,regression,10,57
4.2,9.783776,38.888256,28.08120971611408,0.0,2.5,,no_regret,regression,10,58
5.2,9.89432,48.862706666666675,41.66780540224521,0.0,5.5,,no_regret,regression,10,59
5.4,9.84121142857143,50.480480000000014,47.83536618910132,0.0,7.0,,no_regret,regression,10,60
4.4,9.768370867052024,40.52217248554913,34.46691078888999,0.0,2.5,,no_regret,regression,10,61
4.5,9.6704,41.04440000000001,38.31423544485114,0.0,4.5,,no_regret,regression,10,62
5.2,9.935264,49.042464,42.60763581954284,0.0,3.5,,no_regret,regression,10,63
4.9,9.832335802469137,45.717318518518525,42.55567454223193,0.0,4.5,,no_regret,regression,10,64
5.1,9.894631111111108,47.91415999999999,39.428793541344966,0.0,4.5,,no_regret,regression,10,65
4.6,9.794336000000001,42.629994666666676,36.80434478198121,0.0,4.0,,no_regret,regression,10,66
5.2,9.87009632653061,48.718027755102035,44.35286463052881,0.0,3.5,,no_regret,regression,10,67
4.7,9.79321263157895,43.557494736842116,38.6871827492536,0.0,4.0,,no_regret,regression,10,68
5.3,9.885243076923079,49.78865846153846,44.10704757151591,0.0,6.5,,no_regret,regression,10,69
5.2,9.828923076923077,48.48246153846155,45.51464115844847,0.0,4.5,,no_regret,regression,10,70
4.5,9.738080000000002,41.42493333333334,37.986705216085625,0.0,4.5,,no_regret,regression,10,71
5.0,9.874737777777778,46.86963555555557,40.87524569795672,0.0,4.0,,no_regret,regression,10,72
5.2,9.872511255813954,48.69024893023256,38.178834998081555,0.0,3.5,,no_regret,regression,10,73
4.1,9.781917192982458,37.955294035087725,29.847022433284813,0.0,1.5,,no_regret,regression,10,74
4.4,9.715959999999999,40.350559999999994,33.74509644369938,0.0,5.0,,no_regret,regression,10,75
4.5,9.752386242038215,41.455158726114654,35.72382240679452,0.0,3.0,,no_regret,regression,10,76
4.5,9.680279215686276,41.09451764705883,34.880438004121686,0.0,6.5,,no_regret,regression,10,77
4.7,9.771163076923077,43.46181538461538,39.56197907649873,0.0,5.0,,no_regret,regression,10,78
5.4,9.91693885462555,50.85795947136563,41.46604395841668,0.0,5.5,,no_regret,regression,10,79
3.4,9.748000000000001,31.27200000000001,24.918761846310044,0.0,4.0,,no_regret,regression,10,80
4.9,9.82653164556962,45.61805063291139,38.63294679485038,0.0,5.5,,no_regret,regression,10,81
5.1,9.787556226415095,47.29229735849057,43.36930705246306,0.0,6.0,,no_regret,regression,10,82
4.9,9.801805714285715,45.47484571428572,40.3300547188257,0.0,5.5,,no_regret,regression,10,83
2.8,9.351789473684212,24.223368421052633,18.842116768909627,0.0,2.5,,no_regret,regression,10,84
5.2,9.837705000000003,48.549670000000006,44.00413738200789,0.0,5.0,,no_regret,regression,10,85
3.9,9.614378305084749,35.19688271186442,29.989929302789683,0.0,3.5,,no_regret,regression,10,86
5.3,9.87456,49.72536000000001,46.45167343329789,0.0,5.5,,no_regret,regression,10,87
3.7,9.67868981132076,33.65477132075473,28.88238872927324,0.0,1.5,,no_regret,regression,10,88
4.9,9.700749581993568,44.892497749196146,40.33005471882571,0.0,5.5,,no_regret,regression,10,89
4.5,9.838925000000003,41.93143333333334,33.281263312579455,0.0,3.0,,no_regret,regression,10,90
4.4,9.677236705882354,40.10293270588237,35.94259138473941,0.0,3.5,,no_regret,regression,10,91
5.1,9.81742956521739,47.44038608695652,45.08748778238103,0.0,4.5,,no_regret,regression,10,92
5.6,9.954173333333333,53.0576,49.52379502657759,0.0,5.5,,no_regret,regression,10,93
4.7,9.795586206896555,43.5773103448276,39.978304434178646,0.0,3.0,,no_regret,regression,10,94
4.5,9.73071670951157,41.32299537275064,35.43427818701351,0.0,5.5,,no_regret,regression,10,95
4.5,9.784329078014187,41.68764539007093,35.225753996623745,0.0,5.0,,no_regret,regression,10,96
4.5,9.8406408040201,41.93126231155779,39.008278685874124,0.0,3.0,,no_regret,regression,10,97
4.9,9.82032411311054,45.587620565552704,37.83989352009611,0.0,5.0,,no_regret,regression,10,98
4.6,9.780496842105263,42.574484210526315,39.38658815183129,0.0,5.0,,no_regret,regression,10,99
5.4,2.8,12.579999999999998,41.72525305492358,0.0,7.5,,no_regret,q_learning,10,0
5.6,2.4,11.52,44.22127467916936,0.0,6.5,,no_regret,q_learning,10,1
5.7,2.2,9.89,44.97267124179621,0.0,6.0,,no_regret,q_learning,10,2
5.8,3.0,16.86,48.270519558369834,0.0,5.5,,no_regret,q_learning,10,3
5.7,3.6,19.29,42.95717119257407,0.0,7.5,,no_regret,q_learning,10,4
5.2,4.4,20.84,41.899966417684105,0.0,6.5,,no_regret,q_learning,10,5
5.4,2.6,11.98,39.71792267390797,0.0,8.0,,no_regret,q_learning,10,6
5.3,5.0,24.21,44.22020254857908,0.0,5.5,,no_regret,q_learning,10,7
5.6,2.2,9.919999999999998,47.27613396191656,0.0,6.0,,no_regret,q_learning,10,8
5.6,2.6,8.52,47.92462033503537,0.0,5.5,,no_regret,q_learning,10,9
4.9,2.8,9.729999999999999,40.05721946148305,0.0,5.5,,no_regret,q_learning,10,10
6.4,4.8,27.28,55.94633932731248,0.0,7.5,,no_regret,q_learning,10,11
5.9,5.2,26.229999999999997,49.65421231417327,0.0,6.5,,no_regret,q_learning,10,12
4.9,5.4,23.330000000000002,39.9382134231073,0.0,5.0,,no_regret,q_learning,10,13
5.8,3.0,15.060000000000002,45.17839728973777,0.0,6.0,,no_regret,q_learning,10,14
5.1,3.2,16.669999999999998,40.98400694877735,0.0,5.0,,no_regret,q_learning,10,15
5.1,2.2,9.27,40.789108919223324,0.0,4.5,,no_regret,q_learning,10,16
5.2,3.8,17.439999999999998,42.86684491604974,0.0,5.5,,no_regret,q_learning,10,17
5.3,3.6,16.81,45.20122599027659,0.0,4.5,,no_regret,q_learning,10,18
6.3,2.4,12.91,44.908868061744776,0.0,8.5,,no_regret,q_learning,10,19
5.9,5.6,31.629999999999995,51.434140091937635,0.0,7.0,,no_regret,q_learning,10,20
5.8,3.4,17.660000000000004,49.17565100888907,0.0,7.5,,no_regret,q_learning,10,21
6.0,4.0,22.0,51.19661691494404,0.0,6.0,,no_regret,q_learning,10,22
5.5,2.8,13.950000000000003,44.82274684931396,0.0,6.5,,no_regret,q_learning,10,23
6.0,2.0,9.2,49.80853043289805,0.0,5.0,,no_regret,q_learning,10,24
5.1,4.6,19.669999999999998,43.48831309083881,0.0,4.5,,no_regret,q_learning,10,25
5.8,4.0,22.46,50.40246162686124,0.0,6.5,,no_regret,q_learning,10,26
5.3,2.4,9.61,43.63931428461924,0.0,5.0,,no_regret,q_learning,10,27
5.7,3.6,16.490000000000002,46.01203047532126,0.0,7.0,,no_regret,q_learning,10,28
5.9,3.6,20.23,45.8377116812441,0.0,7.0,,no_regret,q_learning,10,29
5.2,4.2,18.64,45.487593077380474,0.0,6.5,,no_regret,q_learning,10,30
5.6,3.8,18.919999999999998,51.07741285021565,0.0,6.0,,no_regret,q_learning,10,31
5.7,5.6,29.490000000000002,45.97681272604673,0.0,8.0,,no_regret,q_learning,10,32
5.3,3.0,14.41,44.09085739157369,0.0,7.0,,no_regret,q_learning,10,33
4.9,3.2,13.330000000000002,35.08928141926386,0.0,5.5,,no_regret,q_learning,10,34
5.7,6.0,35.49,45.99095766937861,0.0,7.0,,no_regret,q_learning,10,35
5.6,2.8,13.319999999999999,42.60063261300111,0.0,7.5,,no_regret,q_learning,10,36
5.7,3.2,15.690000000000003,48.772981694783155,0.0,6.0,,no_regret,q_learning,10,37
5.1,6.6,33.67,39.409316319196634,0.0,2.5,,no_regret,q_learning,10,38
5.5,3.2,13.75,41.398087512103196,0.0,7.0,,no_regret,q_learning,10,39
5.0,3.6,15.5,36.0566488173874,0.0,5.5,,no_regret,q_learning,10,40
5.4,2.4,9.379999999999999,43.35623423972147,0.0,6.5,,no_regret,q_learning,10,41
5.6,2.8,12.52,48.18126541243579,0.0,5.0,,no_regret,q_learning,10,42
5.5,2.0,8.35,44.436756614908155,0.0,6.5,,no_regret,q_learning,10,43
5.3,3.4,15.209999999999999,42.20470249935694,0.0,5.0,,no_regret,q_learning,10,44
5.4,2.6,9.38,45.71705028144567,0.0,7.0,,no_regret,q_learning,10,45
5.4,2.2,9.58,43.113734105652924,0.0,5.5,,no_regret,q_learning,10,46
5.6,4.0,23.520000000000003,45.450649316248004,0.0,5.5,,no_regret,q_learning,10,47
5.0,2.8,11.900000000000002,41.451251335916126,0.0,6.5,,no_regret,q_learning,10,48
5.2,3.6,18.44,39.555340555902134,0.0,6.0,,no_regret,q_learning,10,49
5.8,2.0,8.86,44.22514495220788,0.0,7.5,,no_regret,q_learning,10,50
5.5,2.2,9.75,43.80446042173156,0.0,7.0,,no_regret,q_learning,10,51
5.8,4.0,22.46,47.682703431799226,0.0,8.0,,no_regret,q_learning,10,52
5.4,3.2,11.179999999999998,41.69274848122636,0.0,5.5,,no_regret,q_learning,10,53
5.9,3.8,18.23,50.70283386502977,0.0,7.0,,no_regret,q_learning,10,54
5.2,4.4,17.439999999999998,43.129341054762754,0.0,5.5,,no_regret,q_learning,10,55
5.0,2.0,7.499999999999998,41.41057709401239,0.0,4.5,,no_regret,q_learning,10,56
6.0,5.2,30.0,48.903398982378825,0.0,6.5,,no_regret,q_learning,10,57
5.3,6.8,33.61,40.892508008489244,0.0,6.5,,no_regret,q_learning,10,58
5.8,3.6,15.26,50.28601960759197,0.0,4.5,,no_regret,q_learning,10,59
5.6,5.0,24.32,43.93429447849484,0.0,6.5,,no_regret,q_learning,10,60
5.3,2.4,9.209999999999999,41.859386506854875,0.0,5.0,,no_regret,q_learning,10,61
4.5,3.8,17.65,36.647462644149925,0.0,3.5,,no_regret,q_learning,10,62
6.0,2.8,14.400000000000002,46.17238831750767,0.0,8.5,,no_regret,q_learning,10,63
5.8,3.2,14.859999999999996,45.245995398896746,0.0,6.0,,no_regret,q_learning,10,64
5.8,3.6,18.859999999999996,48.383674535433,0.0,5.5,,no_regret,q_learning,10,65
5.9,2.0,9.030000000000001,48.9229060872654,0.0,7.5,,no_regret,q_learning,10,66
5.3,4.6,16.81,41.38801239955353,0.0,5.0,,no_regret,q_learning,10,67
5.2,2.8,12.040000000000001,38.793304637036776,0.0,5.0,,no_regret,q_learning,10,68
5.2,4.4,21.440000000000005,45.746802173887374,0.0,5.5,,no_regret,q_learning,10,69
5.3,2.6,12.209999999999997,42.265372745905154,0.0,3.5,,no_regret,q_learning,10,70
5.6,5.2,26.72,47.13264386157929,0.0,7.0,,no_regret,q_learning,10,71
5.9,2.0,9.03,47.91154752229379,0.0,7.0,,no_regret,q_learning,10,72
5.2,5.6,23.240000000000002,39.16349926018374,0.0,4.5,,no_regret,q_learning,10,73
5.6,2.2,9.72,44.135890806273835,0.0,5.5,,no_regret,q_learning,10,74
4.8,4.4,17.96,32.02319954944577,0.0,7.5,,no_regret,q_learning,10,75
5.3,2.4,10.209999999999999,41.889721630128975,0.0,7.0,,no_regret,q_learning,10,76
5.1,3.4,13.870000000000001,39.6178405095864,0.0,6.0,,no_regret,q_learning,10,77
5.2,3.4,15.24,40.39287389726239,0.0,5.5,,no_regret,q_learning,10,78
5.7,3.8,17.29,46.41216565305895,0.0,6.0,,no_regret,q_learning,10,79
6.0,3.8,20.6,47.28275691621056,0.0,5.5,,no_regret,q_learning,10,80
5.2,4.8,25.839999999999996,43.6122960862895,0.0,4.0,,no_regret,q_learning,10,81
5.6,3.2,13.720000000000002,43.20298825158697,0.0,6.5,,no_regret,q_learning,10,82
5.4,4.0,18.979999999999997,40.35238831750767,0.0,6.5,,no_regret,q_learning,10,83
4.7,4.2,18.390000000000004,38.54369264891634,0.0,4.5,,no_regret,q_learning,10,84
5.1,4.4,20.87,42.80460896844546,0.0,4.5,,no_regret,q_learning,10,85
5.0,3.8,17.3,41.14808095529937,0.0,6.5,,no_regret,q_learning,10,86
5.8,3.8,21.060000000000002,47.606811440620945,0.0,7.0,,no_regret,q_learning,10,87
5.3,3.6,14.61,42.388866841597945,0.0,5.5,,no_regret,q_learning,10,88
5.1,3.8,17.270000000000003,42.97245891693149,0.0,6.0,,no_regret,q_learning,10,89
5.9,3.0,16.03,48.86223584071719,0.0,7.5,,no_regret,q_learning,10,90
5.4,3.8,21.38,43.499724340058734,0.0,6.0,,no_regret,q_learning,10,91
6.1,4.6,23.369999999999997,48.1687758305266,0.0,7.5,,no_regret,q_learning,10,92
6.0,2.4,10.8,53.444277979605076,0.0,7.0,,no_regret,q_learning,10,93
5.0,6.6,26.7,41.87574636180257,0.0,5.0,,no_regret,q_learning,10,94
5.1,3.2,12.469999999999999,38.315137900435964,0.0,5.0,,no_regret,q_learning,10,95
5.0,5.0,23.3,39.36815317753501,0.0,4.5,,no_regret,q_learning,10,96
5.6,2.8,12.120000000000001,46.72558082123082,0.0,5.0,,no_regret,q_learning,10,97
5.5,3.0,15.15,43.629558396822006,0.0,7.0,,no_regret,q_learning,10,98
5.2,4.6,21.240000000000002,44.14177642103257,0.0,6.5,,no_regret,q_learning,10,99
5.1,7.92,37.75000000000001,39.03695224562658,0.0,4.0,,no_regret,gp,10,0
5.4,7.12,35.540000000000006,43.70155023222354,0.0,5.5,,no_regret,gp,10,1
5.4,7.76,40.5,47.83536618910133,0.0,6.0,,no_regret,gp,10,2
5.7,7.44,41.33,47.965783476697005,0.0,6.0,,no_regret,gp,10,3
5.1,9.04,43.99,44.39344454135804,0.0,5.0,,no_regret,gp,10,4
5.1,8.879999999999999,43.510000000000005,43.2258169521258,0.0,7.0,,no_regret,gp,10,5
4.6,7.6,32.74,36.51248195530625,0.0,4.0,,no_regret,gp,10,6
4.6,8.08,35.300000000000004,33.26067940639469,0.0,4.0,,no_regret,gp,10,7
4.5,7.6,34.010000000000005,36.647462644149925,0.0,7.0,,no_regret,gp,10,8
5.6,7.92,41.8,46.02568651889525,0.0,6.0,,no_regret,gp,10,9
4.6,8.4,35.94,37.565986132163175,0.0,6.0,,no_regret,gp,10,10
5.9,6.480000000000001,35.27,45.8377116812441,0.0,5.0,,no_regret,gp,10,11
5.9,8.4,47.910000000000004,48.19852772296831,0.0,6.0,,no_regret,gp,10,12
5.2,8.4,40.480000000000004,45.25799608104805,0.0,5.0,,no_regret,gp,10,13
4.9,8.4,38.53000000000001,32.83128123597319,0.0,3.0,,no_regret,gp,10,14
4.6,9.2,40.58,37.679141109226336,0.0,5.5,,no_regret,gp,10,15
5.4,8.72,43.38,44.14821071317755,0.0,4.5,,no_regret,gp,10,16
5.0,9.040000000000001,44.14000000000001,40.50544564349315,0.0,7.5,,no_regret,gp,10,17
4.7,9.040000000000001,39.95,38.54112862980986,0.0,5.0,,no_regret,gp,10,18
5.5,8.08,41.95,47.213898014312264,0.0,6.0,,no_regret,gp,10,19
5.2,7.6,37.120000000000005,43.49914110922633,0.0,4.0,,no_regret,gp,10,20
5.3,7.76,39.05,46.33851845623474,0.0,4.5,,no_regret,gp,10,21
5.3,7.760000000000001,36.489999999999995,44.620337726316755,0.0,5.5,,no_regret,gp,10,22
5.5,7.6,41.150000000000006,44.48328191812449,0.0,8.0,,no_regret,gp,10,23
5.7,7.12,37.65,47.06065202617776,0.0,6.5,,no_regret,gp,10,24
5.2,7.44,35.68,42.33736458130667,0.0,5.0,,no_regret,gp,10,25
3.9,9.040000000000001,35.23,31.308099068782724,0.0,3.5,,no_regret,gp,10,26
4.8,8.879999999999999,40.92,40.545536654564486,0.0,5.0,,no_regret,gp,10,27
5.4,8.72,44.81999999999999,43.58839525516037,0.0,7.0,,no_regret,gp,10,28
5.1,7.44,36.470000000000006,42.60766570228109,0.0,6.0,,no_regret,gp,10,29
4.8,7.12,31.480000000000008,39.51106004703986,0.0,5.0,,no_regret,gp,10,30
5.2,8.88,43.52,44.373937436471465,0.0,6.5,,no_regret,gp,10,31
5.1,7.92,37.11,41.0279682328872,0.0,4.0,,no_regret,gp,10,32
5.2,7.92,39.67999999999999,45.37115105811121,0.0,6.0,,no_regret,gp,10,33
4.6,7.6,34.019999999999996,34.37797586770837,0.0,3.5,,no_regret,gp,10,34
5.2,7.44,35.519999999999996,44.30633932731248,0.0,4.5,,no_regret,gp,10,35
5.6,7.76,44.52,44.31335685028987,0.0,8.0,,no_regret,gp,10,36
5.5,7.92,41.79,47.589549130088436,0.0,6.5,,no_regret,gp,10,37
5.8,8.08,44.7,47.041144921291185,0.0,6.5,,no_regret,gp,10,38
5.1,8.559999999999999,42.07000000000001,40.02746756904135,0.0,7.5,,no_regret,gp,10,39
4.8,8.4,39.64,36.955345975761645,0.0,6.0,,no_regret,gp,10,40
5.4,8.88,46.9,40.51206859778715,0.0,4.5,,no_regret,gp,10,41
5.0,7.92,38.06000000000001,40.50544564349315,0.0,6.0,,no_regret,gp,10,42
4.9,8.72,39.81,39.03308197258807,0.0,4.0,,no_regret,gp,10,43
4.0,8.559999999999999,31.880000000000003,30.259966417684108,0.0,4.0,,no_regret,gp,10,44
5.1,8.24,37.75,43.87430332524461,0.0,4.5,,no_regret,gp,10,45
4.8,8.4,38.2,41.43447792514151,0.0,4.5,,no_regret,gp,10,46
5.7,6.8,35.89,45.71812241203596,0.0,5.5,,no_regret,gp,10,47
5.5,7.6,39.55,47.7947862782721,0.0,7.0,,no_regret,gp,10,48
5.5,6.639999999999999,36.03000000000001,45.6357961287127,0.0,7.0,,no_regret,gp,10,49
4.9,8.559999999999999,39.65,39.53807824536962,0.0,5.0,,no_regret,gp,10,50
4.8,8.08,36.12,33.84907876379769,0.0,6.5,,no_regret,gp,10,51
5.3,8.24,41.13,45.22229879621924,0.0,6.0,,no_regret,gp,10,52
5.0,7.12,32.62,40.12723050861049,0.0,4.5,,no_regret,gp,10,53
6.3,7.76,45.550000000000004,52.39184593333844,0.0,7.0,,no_regret,gp,10,54
4.0,8.879999999999999,33.32000000000001,29.12852501303856,0.0,3.5,,no_regret,gp,10,55
5.1,8.559999999999999,41.910000000000004,43.112661975062636,0.0,6.0,,no_regret,gp,10,56
4.8,7.92,34.2,40.15369535884609,0.0,4.5,,no_regret,gp,10,57
4.8,7.6,34.2,34.6762729865283,0.0,3.5,,no_regret,gp,10,58
5.4,8.559999999999999,44.34,46.85434274740381,0.0,6.0,,no_regret,gp,10,59
5.7,6.959999999999999,37.809999999999995,45.60496743497281,0.0,5.5,,no_regret,gp,10,60
4.9,7.76,35.65,41.28074303724911,0.0,5.0,,no_regret,gp,10,61
4.8,7.44,36.120000000000005,39.57353011798589,0.0,6.0,,no_regret,gp,10,62
4.9,9.040000000000001,41.73,40.00324751315981,0.0,3.5,,no_regret,gp,10,63
5.5,8.24,41.63000000000001,41.89359190316749,0.0,8.0,,no_regret,gp,10,64
5.4,7.6,38.10000000000001,40.23706389002141,0.0,5.0,,no_regret,gp,10,65
5.1,8.72,41.910000000000004,43.85811314530239,0.0,5.5,,no_regret,gp,10,66
5.6,8.24,45.480000000000004,49.408076030407955,0.0,6.5,,no_regret,gp,10,67
5.2,7.76,40.160000000000004,41.13832506750214,0.0,6.0,,no_regret,gp,10,68
5.1,7.280000000000001,34.230000000000004,41.12749704911461,0.0,5.0,,no_regret,gp,10,69
5.2,7.6,36.64,45.09831580076856,0.0,4.5,,no_regret,gp,10,70
5.0,7.92,36.94,41.56440631297928,0.0,6.0,,no_regret,gp,10,71
5.6,8.559999999999999,43.72,48.94290676261777,0.0,6.5,,no_regret,gp,10,72
5.1,7.76,36.470000000000006,42.5317737111028,0.0,5.0,,no_regret,gp,10,73
5.1,7.76,36.63,38.57178297783638,0.0,4.5,,no_regret,gp,10,74
5.1,8.080000000000002,40.15,42.258938453760166,0.0,6.0,,no_regret,gp,10,75
4.4,8.72,35.28000000000001,34.85927086710451,0.0,4.0,,no_regret,gp,10,76
5.0,7.12,32.94,40.59496379550717,0.0,4.0,,no_regret,gp,10,77
5.0,7.12,31.98,40.76209072089357,0.0,5.0,,no_regret,gp,10,78
5.4,7.279999999999999,34.1,41.11442423637301,0.0,5.0,,no_regret,gp,10,79
5.3,8.719999999999999,43.85,43.69998453116746,0.0,6.0,,no_regret,gp,10,80
5.6,7.279999999999999,37.480000000000004,44.98291602935134,0.0,5.0,,no_regret,gp,10,81
5.2,8.879999999999999,42.72,42.28595665208992,0.0,4.0,,no_regret,gp,10,82
5.6,7.6,39.72,45.1264061296886,0.0,7.0,,no_regret,gp,10,83
3.7,8.88,31.53,30.98399567449054,0.0,3.0,,no_regret,gp,10,84
5.3,7.76,39.21,47.356804883817134,0.0,4.5,,no_regret,gp,10,85
3.6,8.4,28.800000000000004,26.158730378434477,0.0,3.5,,no_regret,gp,10,86
5.9,7.92,42.470000000000006,53.757693147776955,0.0,5.0,,no_regret,gp,10,87
5.1,7.92,40.470000000000006,40.58130775193318,0.0,4.0,,no_regret,gp,10,88
4.4,8.56,35.28,32.18527378055016,0.0,2.0,,no_regret,gp,10,89
5.5,8.080000000000002,41.95,46.54092757923193,0.0,5.5,,no_regret,gp,10,90
4.7,7.92,34.67,38.122484665236,0.0,3.5,,no_regret,gp,10,91
6.0,8.4,47.440000000000005,50.27626371979473,0.0,6.5,,no_regret,gp,10,92
5.7,9.52,51.410000000000004,51.08824086860317,0.0,6.0,,no_regret,gp,10,93
5.1,7.119999999999999,33.59,44.9717687862114,0.0,5.5,,no_regret,gp,10,94
4.5,7.279999999999999,28.890000000000004,35.00978316112706,0.0,3.0,,no_regret,gp,10,95
5.6,8.08,43.88000000000001,45.676959270374326,0.0,7.5,,no_regret,gp,10,96
5.8,6.640000000000001,35.9,49.364697977130504,0.0,6.0,,no_regret,gp,10,97
5.0,7.92,37.26,39.405416163419886,0.0,5.5,,no_regret,gp,10,98
4.0,8.879999999999999,34.28,32.71358765362844,0.0,4.5,,no_regret,gp,10,99
1.8,10.0,16.46,10.03197235146252,0.0,2.5,,q_learning,passive,10,0
2.0,10.0,18.4,8.706216148095342,0.0,1.5,,q_learning,passive,10,1
1.0,10.0,8.7,4.046103191250575,0.0,2.5,,q_learning,passive,10,2
1.6,10.0,14.52,6.332776934293699,0.0,1.0,,q_learning,passive,10,3
1.4,10.0,12.580000000000002,4.537521791953952,0.0,2.0,,q_learning,passive,10,4
1.7,10.0,15.49,7.300144332417226,0.0,2.5,,q_learning,passive,10,5
1.5,10.0,13.55,6.214399587943066,0.0,3.0,,q_learning,passive,10,6
1.7,10.0,15.489999999999998,7.300144332417224,0.0,0.5,,q_learning,passive,10,7
1.1,10.0,9.67,2.0599146234698233,0.0,0.5,,q_learning,passive,10,8
0.9,10.0,7.7299999999999995,1.6212102059152307,0.0,1.5,,q_learning,passive,10,9
2.0,10.0,18.4,9.777751500901354,0.0,3.0,,q_learning,passive,10,10
1.6,10.0,14.52,5.522291674001446,0.0,1.5,,q_learning,passive,10,11
2.1,10.0,19.369999999999997,10.951079070308166,0.0,1.5,,q_learning,passive,10,12
1.3,10.0,11.61,4.217194720749992,0.0,1.0,,q_learning,passive,10,13
1.0,10.0,8.7,1.840562414692527,0.0,0.5,,q_learning,passive,10,14
1.6,10.0,14.52,5.6857366073741336,0.0,2.5,,q_learning,passive,10,15
1.4,10.0,12.58,4.436546929527289,0.0,0.5,,q_learning,passive,10,16
1.3,10.0,11.610000000000001,3.89367455729021,0.0,0.5,,q_learning,passive,10,17
1.0,10.0,8.7,1.840562414692527,0.0,1.0,,q_learning,passive,10,18
1.4,10.0,12.580000000000002,5.247032189819542,0.0,1.5,,q_learning,passive,10,19
0.8,10.0,6.76,1.725378160597717,0.0,1.5,,q_learning,passive,10,20
1.5,10.0,13.55,4.3323789748448025,0.0,1.5,,q_learning,passive,10,21
1.1,10.0,9.669999999999998,3.618415073108306,0.0,2.5,,q_learning,passive,10,22
1.0,10.0,8.7,1.840562414692527,0.0,1.0,,q_learning,passive,10,23
1.5,10.0,13.55,6.214399587943068,0.0,1.0,,q_learning,passive,10,24
1.3,10.0,11.61,4.217194720749992,0.0,0.5,,q_learning,passive,10,25
1.7,10.0,15.489999999999998,6.267113771091853,0.0,1.0,,q_learning,passive,10,26
1.8,10.0,16.46,6.709011280902267,0.0,1.5,,q_learning,passive,10,27
1.3,10.0,11.61,3.89367455729021,0.0,1.0,,q_learning,passive,10,28
1.1,10.0,9.67,2.8079298128160524,0.0,1.0,,q_learning,passive,10,29
1.3,10.0,11.61,4.217194720749992,0.0,1.0,,q_learning,passive,10,30
1.4,10.0,12.579999999999998,5.995047379165771,0.0,1.5,,q_learning,passive,10,31
1.5,10.0,13.55,6.743879922686138,0.0,1.0,,q_learning,passive,10,32
1.5,10.0,13.55,6.962414777289297,0.0,2.0,,q_learning,passive,10,33
1.2,10.0,10.639999999999999,4.422337537859143,0.0,0.0,,q_learning,passive,10,34
1.7,10.0,15.489999999999998,7.930599529586958,0.0,1.0,,q_learning,passive,10,35
0.9,10.0,7.7299999999999995,1.2976900424554485,0.0,1.5,,q_learning,passive,10,36
2.1,10.0,19.369999999999997,9.997103709678651,0.0,2.0,,q_learning,passive,10,37
1.2,10.0,10.64,4.09881737439936,0.0,1.0,,q_learning,passive,10,38
1.0,10.0,8.7,2.5885776040387563,0.0,2.0,,q_learning,passive,10,39
1.7,10.0,15.489999999999998,5.842618745205407,0.0,1.5,,q_learning,passive,10,40
1.5,10.0,13.55,5.403914327650814,0.0,2.5,,q_learning,passive,10,41
1.2,10.0,10.64,3.249827322626467,0.0,1.0,,q_learning,passive,10,42
1.5,10.0,13.55,6.214399587943066,0.0,3.5,,q_learning,passive,10,43
1.1,10.0,9.67,2.3834347869296058,0.0,1.5,,q_learning,passive,10,44
1.1,10.0,9.669999999999998,3.1314499762758348,0.0,2.0,,q_learning,passive,10,45
1.0,10.0,8.7,2.9120977674985387,0.0,0.0,,q_learning,passive,10,46
1.1,10.0,9.67,2.3834347869296058,0.0,1.0,,q_learning,passive,10,47
1.2,10.0,10.639999999999999,3.0272820215933485,0.0,1.0,,q_learning,passive,10,48
2.1,10.0,19.369999999999997,10.526584044421721,0.0,4.0,,q_learning,passive,10,49
1.5,10.0,13.55,4.655899138304585,0.0,1.0,,q_learning,passive,10,50
1.2,10.0,10.639999999999999,4.808327772264949,0.0,3.0,,q_learning,passive,10,51
1.5,10.0,13.55,5.727434491110597,0.0,1.0,,q_learning,passive,10,52
1.7,10.0,15.49,6.489659072124972,0.0,2.0,,q_learning,passive,10,53
1.4,10.0,12.580000000000002,4.436546929527289,0.0,2.0,,q_learning,passive,10,54
1.4,10.0,12.58,5.99504737916577,0.0,2.0,,q_learning,passive,10,55
1.0,10.0,8.7,2.5885776040387563,0.0,2.0,,q_learning,passive,10,56
2.0,10.0,18.4,10.73172686153087,0.0,2.0,,q_learning,passive,10,57
1.8,10.0,16.459999999999997,7.133506306788713,0.0,0.5,,q_learning,passive,10,58
1.9,10.0,17.43,8.0623689134316,0.0,2.0,,q_learning,passive,10,59
1.5,10.0,13.55,6.214399587943066,0.0,3.5,,q_learning,passive,10,60
2.0,10.0,18.4,8.64374607714932,0.0,2.0,,q_learning,passive,10,61
1.6,10.0,14.52,7.244237057012616,0.0,1.0,,q_learning,passive,10,62
2.3,10.0,21.31,10.759328290693025,0.0,2.5,,q_learning,passive,10,63
1.2,10.0,10.64,4.846832563745589,0.0,0.0,,q_learning,passive,10,64
1.2,10.0,10.639999999999999,4.422337537859143,0.0,0.0,,q_learning,passive,10,65
1.4,10.0,12.58,5.247032189819542,0.0,1.0,,q_learning,passive,10,66
1.6,10.0,14.52,5.946786699887893,0.0,1.5,,q_learning,passive,10,67
1.2,10.0,10.639999999999999,4.484807608805167,0.0,2.5,,q_learning,passive,10,68
1.6,10.0,14.52,5.299746372968327,0.0,2.0,,q_learning,passive,10,69
1.4,10.0,12.580000000000002,4.113026766067506,0.0,1.5,,q_learning,passive,10,70
2.3,10.0,21.309999999999995,12.847309075074577,0.0,3.0,,q_learning,passive,10,71
1.2,10.0,10.64,3.6743223485129137,0.0,1.0,,q_learning,passive,10,72
1.6,10.0,14.520000000000001,5.946786699887893,0.0,2.0,,q_learning,passive,10,73
1.3,10.0,11.61,4.3181695831766564,0.0,1.5,,q_learning,passive,10,74
1.4,10.0,12.58,6.949022739795287,0.0,3.0,,q_learning,passive,10,75
1.1,10.0,9.669999999999998,3.1314499762758348,0.0,2.0,,q_learning,passive,10,76
1.8,10.0,16.46,8.473471901824038,0.0,1.5,,q_learning,passive,10,77
0.9,10.0,7.7299999999999995,1.9447303693750133,0.0,0.5,,q_learning,passive,10,78
1.5,10.0,13.549999999999997,4.3323789748448025,0.0,1.5,,q_learning,passive,10,79
1.0,10.0,8.7,1.5170422512327444,0.0,1.0,,q_learning,passive,10,80
1.7,10.0,15.489999999999998,8.858644782055707,0.0,0.0,,q_learning,passive,10,81
1.7,10.0,15.489999999999998,8.149134384190116,0.0,0.5,,q_learning,passive,10,82
1.9,10.0,17.429999999999996,9.620869363070081,0.0,2.5,,q_learning,passive,10,83
1.1,10.0,9.669999999999998,3.1314499762758348,0.0,1.5,,q_learning,passive,10,84
1.6,10.0,14.52,6.047761562314557,0.0,1.5,,q_learning,passive,10,85
1.3,10.0,11.61,3.4691795314037632,0.0,2.0,,q_learning,passive,10,86
1.8,10.0,16.459999999999997,7.943991567080968,0.0,2.0,,q_learning,passive,10,87
2.0,10.0,18.4,9.840221571847378,0.0,1.5,,q_learning,passive,10,88
1.5,10.0,13.55,6.5764245428834895,0.0,2.0,,q_learning,passive,10,89
1.5,10.0,13.55,5.8284093535372605,0.0,1.5,,q_learning,passive,10,90
2.0,10.0,18.4,8.706216148095342,0.0,3.0,,q_learning,passive,10,91
1.2,10.0,10.639999999999999,3.0272820215933485,0.0,1.5,,q_learning,passive,10,92
1.9,10.0,17.43,10.188854489293792,0.0,1.5,,q_learning,passive,10,93
1.6,10.0,14.52,5.198771510541664,0.0,2.0,,q_learning,passive,10,94
1.0,10.0,8.7,2.487602741612092,0.0,1.0,,q_learning,passive,10,95
1.6,10.0,14.52,5.62326653642811,0.0,2.0,,q_learning,passive,10,96
1.5,10.0,13.55,5.403914327650814,0.0,1.5,,q_learning,passive,10,97
1.6,10.0,14.52,7.929782175412822,0.0,1.5,,q_learning,passive,10,98
1.3,10.0,11.61,3.4691795314037632,0.0,2.0,,q_learning,passive,10,99
1.8,9.269124964200477,14.948383389021481,10.03197235146252,0.0,2.5,,q_learning,regression,10,0
2.0,9.425714285714287,17.07771428571429,8.706216148095342,0.0,1.5,,q_learning,regression,10,1
1.0,8.918719999999997,7.0332799999999995,4.046103191250575,0.0,2.5,,q_learning,regression,10,2
1.6,9.444093333333333,13.708533333333332,6.332776934293699,0.0,1.0,,q_learning,regression,10,3
1.4,9.452000000000002,11.808000000000002,4.537521791953952,0.0,2.0,,q_learning,regression,10,4
1.7,8.244800000000001,11.888399999999999,7.300144332417226,0.0,2.5,,q_learning,regression,10,5
1.5,9.24949894736842,12.334016842105262,6.214399587943066,0.0,3.0,,q_learning,regression,10,6
1.7,9.52,14.382,7.300144332417224,0.0,0.5,,q_learning,regression,10,7
1.1,9.015840000000003,8.678106666666668,2.0599146234698233,0.0,0.5,,q_learning,regression,10,8
0.9,9.279680000000003,7.0851466666666685,1.6212102059152307,0.0,1.5,,q_learning,regression,10,9
2.0,9.216986666666667,16.63096,9.777751500901354,0.0,3.0,,q_learning,regression,10,10
1.6,9.430240000000001,13.86064,5.522291674001446,0.0,1.5,,q_learning,regression,10,11
2.1,9.282720000000003,18.1796,10.951079070308166,0.0,1.5,,q_learning,regression,10,12
1.3,9.38352,10.94264,4.217194720749992,0.0,1.0,,q_learning,regression,10,13
1.0,8.717600000000001,7.521600000000004,1.840562414692527,0.0,0.5,,q_learning,regression,10,14
1.6,9.176800000000002,12.999200000000002,5.6857366073741336,0.0,2.5,,q_learning,regression,10,15
1.4,9.159360000000003,11.6296,4.436546929527289,0.0,0.5,,q_learning,regression,10,16
1.3,9.481333333333334,10.907333333333334,3.89367455729021,0.0,0.5,,q_learning,regression,10,17
1.0,9.2392,7.8712,1.840562414692527,0.0,1.0,,q_learning,regression,10,18
1.4,9.236693333333335,11.504053333333335,5.247032189819542,0.0,1.5,,q_learning,regression,10,19
0.8,9.392,6.335999999999999,1.725378160597717,0.0,1.5,,q_learning,regression,10,20
1.5,8.984800000000003,11.999600000000003,4.3323789748448025,0.0,1.5,,q_learning,regression,10,21
1.1,8.932960000000001,7.965040000000002,3.618415073108306,0.0,2.5,,q_learning,regression,10,22
1.0,9.386755555555556,8.078755555555556,1.840562414692527,0.0,1.0,,q_learning,regression,10,23
1.5,9.267168000000002,12.448560000000002,6.214399587943068,0.0,1.0,,q_learning,regression,10,24
1.3,9.5,10.861999999999998,4.217194720749992,0.0,0.5,,q_learning,regression,10,25
1.7,9.443520000000001,14.505520000000004,6.267113771091853,0.0,1.0,,q_learning,regression,10,26
1.8,9.386912,15.360032,6.709011280902267,0.0,1.5,,q_learning,regression,10,27
1.3,9.3757504,10.8257504,3.89367455729021,0.0,1.0,,q_learning,regression,10,28
1.1,9.48,9.298000000000002,2.8079298128160524,0.0,1.0,,q_learning,regression,10,29
1.3,9.377718518518517,10.896074074074074,4.217194720749992,0.0,1.0,,q_learning,regression,10,30
1.4,9.258264615384617,11.699113846153846,5.995047379165771,0.0,1.5,,q_learning,regression,10,31
1.5,9.421046153846158,12.518246153846157,6.743879922686138,0.0,1.0,,q_learning,regression,10,32
1.5,9.172916363636364,12.351876363636364,6.962414777289297,0.0,2.0,,q_learning,regression,10,33
1.2,9.536000000000001,10.104000000000003,4.422337537859143,0.0,0.0,,q_learning,regression,10,34
1.7,9.419177142857144,14.601177142857148,7.930599529586958,0.0,1.0,,q_learning,regression,10,35
0.9,8.455200000000001,5.893200000000003,1.2976900424554485,0.0,1.5,,q_learning,regression,10,36
2.1,9.362341052631582,18.05468210526316,9.997103709678651,0.0,2.0,,q_learning,regression,10,37
1.2,9.135890909090909,9.419890909090912,4.09881737439936,0.0,1.0,,q_learning,regression,10,38
1.0,9.096,7.715999999999999,2.5885776040387563,0.0,2.0,,q_learning,regression,10,39
1.7,9.430312727272728,14.571134545454546,5.842618745205407,0.0,1.5,,q_learning,regression,10,40
1.5,9.06704,11.718480000000003,5.403914327650814,0.0,2.5,,q_learning,regression,10,41
1.2,9.3256,9.7752,3.249827322626467,0.0,1.0,,q_learning,regression,10,42
1.5,9.335840000000001,12.72296,6.214399587943066,0.0,3.5,,q_learning,regression,10,43
1.1,9.080000000000002,8.538000000000002,2.3834347869296058,0.0,1.5,,q_learning,regression,10,44
1.1,9.031007999999998,8.208464,3.1314499762758348,0.0,2.0,,q_learning,regression,10,45
1.0,9.313523478260871,8.068000000000001,2.9120977674985387,0.0,0.0,,q_learning,regression,10,46
1.1,9.099428571428573,8.661428571428573,2.3834347869296058,0.0,1.0,,q_learning,regression,10,47
1.2,9.436400000000003,9.792400000000002,3.0272820215933485,0.0,1.0,,q_learning,regression,10,48
2.1,9.198363076923078,17.242504615384618,10.526584044421721,0.0,4.0,,q_learning,regression,10,49
1.5,9.417612307692307,12.799612307692309,4.655899138304585,0.0,1.0,,q_learning,regression,10,50
1.2,9.35008,10.04272,4.808327772264949,0.0,3.0,,q_learning,regression,10,51
1.5,9.070067692307692,12.274738461538462,5.727434491110597,0.0,1.0,,q_learning,regression,10,52
1.7,9.316684137931036,14.40736827586207,6.489659072124972,0.0,2.0,,q_learning,regression,10,53
1.4,9.403680000000001,11.85344,4.436546929527289,0.0,2.0,,q_learning,regression,10,54
1.4,9.152,11.220000000000002,5.99504737916577,0.0,2.0,,q_learning,regression,10,55
1.0,9.01936,7.516213333333335,2.5885776040387563,0.0,2.0,,q_learning,regression,10,56
2.4,9.361408816705337,20.44329280742459,15.413851164740327,0.0,2.0,,q_learning,regression,10,57
1.8,8.539360000000006,15.133760000000004,7.133506306788713,0.0,0.5,,q_learning,regression,10,58
1.9,9.407507692307693,16.497015384615384,8.0623689134316,0.0,2.0,,q_learning,regression,10,59
1.5,9.092800000000002,11.756400000000003,6.214399587943066,0.0,3.5,,q_learning,regression,10,60
2.0,9.2856,16.821600000000004,8.64374607714932,0.0,2.0,,q_learning,regression,10,61
1.6,8.980160000000001,12.852160000000003,7.244237057012616,0.0,1.0,,q_learning,regression,10,62
2.3,9.311751489361702,19.538122553191492,10.759328290693025,0.0,2.5,,q_learning,regression,10,63
1.2,9.435893333333334,9.908000000000001,4.846832563745589,0.0,0.0,,q_learning,regression,10,64
1.2,9.322275555555557,10.08,4.422337537859143,0.0,0.0,,q_learning,regression,10,65
1.4,9.338400000000002,11.862400000000001,5.247032189819542,0.0,1.0,,q_learning,regression,10,66
1.6,8.831168000000002,12.721664000000004,5.946786699887893,0.0,1.5,,q_learning,regression,10,67
1.2,9.075786666666668,9.265386666666668,4.484807608805167,0.0,2.5,,q_learning,regression,10,68
1.6,8.577013333333337,12.013280000000005,5.299746372968327,0.0,2.0,,q_learning,regression,10,69
1.4,9.289440000000003,11.602480000000002,4.113026766067506,0.0,1.5,,q_learning,regression,10,70
2.3,7.980000000000001,15.649999999999997,12.847309075074577,0.0,3.0,,q_learning,regression,10,71
1.2,9.1118,9.456,3.6743223485129137,0.0,1.0,,q_learning,regression,10,72
1.6,9.021978181818184,12.875956363636368,5.946786699887893,0.0,2.0,,q_learning,regression,10,73
1.3,9.345216000000002,10.913168000000002,4.3181695831766564,0.0,1.5,,q_learning,regression,10,74
1.4,9.320448000000003,11.572768000000002,6.949022739795287,0.0,3.0,,q_learning,regression,10,75
1.1,9.420000000000002,9.122,3.1314499762758348,0.0,2.0,,q_learning,regression,10,76
1.8,9.326984347826087,15.265690434782613,8.473471901824038,0.0,1.5,,q_learning,regression,10,77
0.9,9.418399999999998,7.037999999999999,1.9447303693750133,0.0,0.5,,q_learning,regression,10,78
1.5,9.283200000000003,12.641200000000001,4.3323789748448025,0.0,1.5,,q_learning,regression,10,79
1.0,9.39872,8.114720000000002,1.5170422512327444,0.0,1.0,,q_learning,regression,10,80
1.7,9.31112,14.406,8.858644782055707,0.0,0.0,,q_learning,regression,10,81
1.7,9.530944000000002,14.811840000000004,8.149134384190116,0.0,0.5,,q_learning,regression,10,82
1.9,9.371866666666666,16.142466666666667,9.620869363070081,0.0,2.5,,q_learning,regression,10,83
1.1,9.3656,9.054,3.1314499762758348,0.0,1.5,,q_learning,regression,10,84
1.6,9.332320000000003,13.681440000000004,6.047761562314557,0.0,1.5,,q_learning,regression,10,85
1.3,9.4464,11.0268,3.4691795314037632,0.0,2.0,,q_learning,regression,10,86
1.8,9.367843018867926,15.33180075471698,7.943991567080968,0.0,2.0,,q_learning,regression,10,87
2.0,9.339006315789474,17.059595789473686,9.840221571847378,0.0,1.5,,q_learning,regression,10,88
1.5,8.999098181818185,11.945330909090917,6.5764245428834895,0.0,2.0,,q_learning,regression,10,89
1.5,9.4392,12.904000000000002,5.8284093535372605,0.0,1.5,,q_learning,regression,10,90
2.0,9.386528000000002,17.176352,8.706216148095342,0.0,3.0,,q_learning,regression,10,91
1.2,9.404000000000002,9.892000000000001,3.0272820215933485,0.0,1.5,,q_learning,regression,10,92
1.9,9.455776,16.384048,10.188854489293792,0.0,1.5,,q_learning,regression,10,93
1.6,9.101920000000003,13.171840000000003,5.198771510541664,0.0,2.0,,q_learning,regression,10,94
1.0,9.443999999999999,8.151999999999997,2.487602741612092,0.0,1.0,,q_learning,regression,10,95
1.6,9.201824000000002,12.995392,5.62326653642811,0.0,2.0,,q_learning,regression,10,96
1.5,9.500000000000002,12.798000000000002,5.403914327650814,0.0,1.5,,q_learning,regression,10,97
1.6,9.434800000000001,13.536000000000005,7.929782175412822,0.0,1.5,,q_learning,regression,10,98
1.3,9.421600000000002,10.9772,3.4691795314037632,0.0,2.0,,q_learning,regression,10,99
2.5,3.0,4.449999999999999,15.697514440470504,0.0,3.0,,q_learning,q_learning,10,0
2.5,2.4,4.65,13.609533656088953,0.0,1.5,,q_learning,q_learning,10,1
1.0,2.8,1.5,4.046103191250575,0.0,2.0,,q_learning,q_learning,10,2
2.1,3.8,5.97,9.572608683792202,0.0,3.0,,q_learning,q_learning,10,3
1.9,3.6,7.2299999999999995,9.11731913648778,0.0,3.0,,q_learning,q_learning,10,4
1.6,4.6,6.5200000000000005,5.946786699887893,0.0,1.5,,q_learning,q_learning,10,5
2.1,4.8,9.77,10.098078572105315,0.0,3.0,,q_learning,q_learning,10,6
1.8,5.8,8.260000000000002,7.5194965411945205,0.0,2.0,,q_learning,q_learning,10,7
1.9,2.0,2.23,9.297349199610299,0.0,2.5,,q_learning,q_learning,10,8
0.8,4.4,2.96,1.4018579971379346,0.0,1.0,,q_learning,q_learning,10,9
3.7,2.4,6.489999999999999,25.881106826165915,0.0,3.0,,q_learning,q_learning,10,10
1.6,4.0,5.92,5.62326653642811,0.0,1.5,,q_learning,q_learning,10,11
2.9,4.4,10.329999999999998,16.911018122359344,0.0,3.5,,q_learning,q_learning,10,12
1.8,3.0,2.46,10.031972351462517,0.0,0.5,,q_learning,q_learning,10,13
1.4,3.2,3.38,4.861041955413735,0.0,2.0,,q_learning,q_learning,10,14
1.6,3.4,3.12,6.963232131463433,0.0,3.0,,q_learning,q_learning,10,15
2.4,2.0,3.0799999999999996,13.814676473198102,0.0,0.5,,q_learning,q_learning,10,16
2.0,3.2,2.8,9.777751500901354,0.0,1.0,,q_learning,q_learning,10,17
1.4,3.6,2.78,4.436546929527289,0.0,2.5,,q_learning,q_learning,10,18
1.7,3.6,4.09,7.724639358303671,0.0,1.5,,q_learning,q_learning,10,19
0.9,5.0,3.5300000000000002,3.440760748067471,0.0,3.0,,q_learning,q_learning,10,20
1.1,5.0,4.470000000000001,2.8079298128160524,0.0,1.0,,q_learning,q_learning,10,21
1.2,6.0,6.840000000000001,3.7752972109395784,0.0,3.0,,q_learning,q_learning,10,22
1.0,4.6,3.1,2.1640825781523096,0.0,1.0,,q_learning,q_learning,10,23
2.2,4.0,7.140000000000001,11.55642151349127,0.0,3.0,,q_learning,q_learning,10,24
1.1,6.6,6.069999999999999,2.0599146234698233,0.0,1.5,,q_learning,q_learning,10,25
1.9,3.0,4.230000000000001,10.045364388956527,0.0,0.5,,q_learning,q_learning,10,26
3.1,2.0,4.27,19.76122348775527,0.0,4.5,,q_learning,q_learning,10,27
1.8,2.6,2.6599999999999997,7.943991567080967,0.0,1.0,,q_learning,q_learning,10,28
1.6,2.8,3.3200000000000003,5.198771510541664,0.0,2.0,,q_learning,q_learning,10,29
1.1,6.2,4.069999999999999,3.030475113849171,0.0,0.0,,q_learning,q_learning,10,30
2.1,2.6,3.5700000000000003,8.438603260040168,0.0,3.0,,q_learning,q_learning,10,31
1.8,4.0,3.46,8.26751173054075,0.0,3.0,,q_learning,q_learning,10,32
1.4,3.8,3.38,5.995047379165771,0.0,1.5,,q_learning,q_learning,10,33
1.9,3.2,3.0300000000000002,11.209704935982668,0.0,0.5,,q_learning,q_learning,10,34
1.8,5.2,7.860000000000002,5.960996091556039,0.0,2.0,,q_learning,q_learning,10,35
1.1,5.2,4.07,2.3834347869296058,0.0,2.0,,q_learning,q_learning,10,36
2.6,4.0,9.02,14.849736311555125,0.0,3.0,,q_learning,q_learning,10,37
2.1,2.8,4.970000000000001,11.64840935353726,0.0,3.5,,q_learning,q_learning,10,38
1.2,3.0,1.64,3.350802185053131,0.0,2.0,,q_learning,q_learning,10,39
1.4,6.0,7.380000000000001,4.113026766067506,0.0,1.5,,q_learning,q_learning,10,40
2.2,3.0,6.139999999999999,12.900792123639931,0.0,3.0,,q_learning,q_learning,10,41
1.6,3.4,2.1199999999999997,6.37128172577434,0.0,2.0,,q_learning,q_learning,10,42
1.6,3.8,3.72,7.929782175412821,0.0,2.0,,q_learning,q_learning,10,43
1.1,4.4,3.4699999999999998,3.1314499762758348,0.0,1.0,,q_learning,q_learning,10,44
1.4,3.4,3.1800000000000006,5.247032189819541,0.0,2.5,,q_learning,q_learning,10,45
2.1,3.6,6.37,10.051404112418139,0.0,4.0,,q_learning,q_learning,10,46
1.6,2.8,2.5200000000000005,6.047761562314557,0.0,2.0,,q_learning,q_learning,10,47
2.0,3.4,7.6,11.604682192769147,0.0,2.5,,q_learning,q_learning,10,48
2.7,2.0,3.59,14.97628332611229,0.0,3.0,,q_learning,q_learning,10,49
1.8,5.6,10.26,7.457026470248498,0.0,2.5,,q_learning,q_learning,10,50
1.2,4.8,6.640000000000001,4.846832563745589,0.0,2.0,,q_learning,q_learning,10,51
1.6,3.2,3.3200000000000003,6.4337517967203635,0.0,0.5,,q_learning,q_learning,10,52
2.7,2.6,4.79,15.119773426449555,0.0,4.0,,q_learning,q_learning,10,53
2.1,3.2,5.17,10.52658404442172,0.0,2.5,,q_learning,q_learning,10,54
2.2,3.0,5.34,13.325287149526375,0.0,4.5,,q_learning,q_learning,10,55
1.0,3.6,2.0999999999999996,2.9120977674985387,0.0,2.0,,q_learning,q_learning,10,56
2.4,4.6,10.28,13.608716301914816,0.0,3.0,,q_learning,q_learning,10,57
2.4,3.4,3.88,13.390181447311656,0.0,4.0,,q_learning,q_learning,10,58
2.5,3.4,6.049999999999999,14.630384102777828,0.0,4.0,,q_learning,q_learning,10,59
1.5,3.8,3.55,5.8284093535372605,0.0,2.0,,q_learning,q_learning,10,60
1.9,5.4,9.63,8.911358965204492,0.0,1.0,,q_learning,q_learning,10,61
2.3,3.4,8.309999999999999,13.33427417190705,0.0,3.0,,q_learning,q_learning,10,62
2.9,2.8,6.33,18.394473817731928,0.0,4.0,,q_learning,q_learning,10,63
1.1,5.8,4.2700000000000005,4.689950425914317,0.0,0.5,,q_learning,q_learning,10,64
2.1,2.6,3.3699999999999997,12.689609583069169,0.0,1.5,,q_learning,q_learning,10,65
1.4,5.0,5.980000000000001,4.537521791953952,0.0,1.0,,q_learning,q_learning,10,66
2.1,2.6,3.37,10.52658404442172,0.0,2.5,,q_learning,q_learning,10,67
1.8,2.8,4.26,9.607477325576074,0.0,3.5,,q_learning,q_learning,10,68
2.4,3.0,5.279999999999999,13.596141618594942,0.0,2.0,,q_learning,q_learning,10,69
1.7,4.6,6.49,8.254119693046741,0.0,2.0,,q_learning,q_learning,10,70
2.6,3.4,7.62,13.622925693582962,0.0,3.0,,q_learning,q_learning,10,71
1.6,4.4,8.120000000000001,8.521732581101915,0.0,1.0,,q_learning,q_learning,10,72
1.7,4.4,5.09,6.166138908665188,0.0,1.5,,q_learning,q_learning,10,73
2.0,2.8,3.6,11.156221887417319,0.0,3.0,,q_learning,q_learning,10,74
1.6,3.2,2.5200000000000005,8.034767484269446,0.0,2.0,,q_learning,q_learning,10,75
1.0,4.2,3.5,2.9120977674985387,0.0,2.5,,q_learning,q_learning,10,76
1.4,6.6,7.780000000000001,4.537521791953952,0.0,1.0,,q_learning,q_learning,10,77
1.2,4.8,5.84,4.161287445345384,0.0,2.5,,q_learning,q_learning,10,78
1.7,4.0,5.090000000000001,6.228608979611212,0.0,1.5,,q_learning,q_learning,10,79
1.2,4.6,3.6399999999999997,3.6743223485129137,0.0,2.5,,q_learning,q_learning,10,80
1.4,6.0,9.58,7.877067992264036,0.0,0.5,,q_learning,q_learning,10,81
1.8,5.2,7.26,7.843016704654303,0.0,2.0,,q_learning,q_learning,10,82
1.6,4.8,7.32,7.244237057012616,0.0,2.0,,q_learning,q_learning,10,83
1.5,3.0,3.15,7.067400086145919,0.0,3.5,,q_learning,q_learning,10,84
1.7,5.6,8.49,6.590633934551636,0.0,1.5,,q_learning,q_learning,10,85
1.4,3.2,2.78,4.760067092987072,0.0,1.0,,q_learning,q_learning,10,86
2.4,2.8,5.88,12.860701112568586,0.0,3.5,,q_learning,q_learning,10,87
2.5,5.2,13.05,13.609533656088951,0.0,4.0,,q_learning,q_learning,10,88
1.9,3.8,5.630000000000001,9.86533432583401,0.0,3.0,,q_learning,q_learning,10,89
3.3,2.0,4.61,21.574633638732628,0.0,4.0,,q_learning,q_learning,10,90
2.2,3.6,5.34,11.493951442545246,0.0,1.5,,q_learning,q_learning,10,91
1.5,3.0,2.75,7.0248848482353194,0.0,1.0,,q_learning,q_learning,10,92
2.6,3.2,5.02,17.891692456566194,0.0,4.0,,q_learning,q_learning,10,93
1.6,4.4,5.5200000000000005,4.875251347081881,0.0,2.0,,q_learning,q_learning,10,94
1.2,3.0,1.44,3.6743223485129137,0.0,1.0,,q_learning,q_learning,10,95
1.6,3.8,6.119999999999999,8.034767484269445,0.0,2.5,,q_learning,q_learning,10,96
2.0,3.6,5.0,10.794196932476893,0.0,4.5,,q_learning,q_learning,10,97
1.6,5.0,5.5200000000000005,7.181766986066592,0.0,2.5,,q_learning,q_learning,10,98
1.5,3.8,3.55,4.655899138304585,0.0,2.0,,q_learning,q_learning,10,99
1.7,7.6,11.01,7.724639358303672,0.0,2.5,,q_learning,gp,10,0
1.7,8.72,14.05,7.300144332417226,0.0,1.0,,q_learning,gp,10,1
1.5,8.72,12.59,4.655899138304585,0.0,2.5,,q_learning,gp,10,2
1.6,8.559999999999999,11.640000000000002,5.946786699887893,0.0,1.5,,q_learning,gp,10,3
1.2,8.559999999999999,9.040000000000003,3.350802185053131,0.0,2.0,,q_learning,gp,10,4
2.2,6.959999999999999,10.26,11.879941676951052,0.0,2.5,,q_learning,gp,10,5
2.6,8.559999999999999,20.7,18.75286262297558,0.0,3.0,,q_learning,gp,10,6
1.2,8.879999999999999,9.84,2.602786995706902,0.0,1.0,,q_learning,gp,10,7
0.9,7.12,4.37,1.6212102059152307,0.0,0.5,,q_learning,gp,10,8
0.9,8.4,5.8100000000000005,2.36922539526146,0.0,1.5,,q_learning,gp,10,9
1.9,8.08,15.829999999999998,9.440839299947564,0.0,2.0,,q_learning,gp,10,10
1.1,7.600000000000001,7.2700000000000005,3.454970139735617,0.0,1.5,,q_learning,gp,10,11
1.9,8.24,14.39,7.738848749971817,0.0,1.5,,q_learning,gp,10,12
1.4,8.88,10.98,6.743062568512,0.0,1.0,,q_learning,gp,10,13
1.2,8.879999999999999,10.32,4.09881737439936,0.0,0.5,,q_learning,gp,10,14
2.0,8.719999999999999,15.84,8.219251051262871,0.0,3.0,,q_learning,gp,10,15
1.3,8.24,9.05,5.775695170388476,0.0,0.5,,q_learning,gp,10,16
1.5,7.92,8.91,5.0803941641910315,0.0,1.0,,q_learning,gp,10,17
1.6,7.76,11.000000000000002,5.62326653642811,0.0,1.5,,q_learning,gp,10,18
1.2,7.44,7.76,5.438782969434683,0.0,1.5,,q_learning,gp,10,19
1.1,7.76,5.989999999999999,2.706954950389388,0.0,1.5,,q_learning,gp,10,20
1.5,8.239999999999998,9.55,5.8284093535372605,0.0,1.5,,q_learning,gp,10,21
0.9,7.279999999999999,5.17,2.36922539526146,0.0,2.5,,q_learning,gp,10,22
1.1,6.640000000000001,4.07,3.454970139735617,0.0,0.5,,q_learning,gp,10,23
1.0,8.24,6.94,2.1640825781523096,0.0,0.5,,q_learning,gp,10,24
1.1,8.24,7.590000000000001,2.706954950389388,0.0,0.0,,q_learning,gp,10,25
2.0,8.4,13.6,9.840221571847376,0.0,1.0,,q_learning,gp,10,26
1.9,6.959999999999999,10.709999999999999,6.928363489679564,0.0,1.5,,q_learning,gp,10,27
1.2,8.4,8.08,2.9263071591666843,0.0,1.0,,q_learning,gp,10,28
1.0,8.559999999999999,6.779999999999999,2.1640825781523096,0.0,1.5,,q_learning,gp,10,29
1.1,7.6,5.83,3.454970139735617,0.0,0.5,,q_learning,gp,10,30
1.2,8.08,7.920000000000002,3.350802185053131,0.0,2.0,,q_learning,gp,10,31
1.7,4.720000000000001,4.130000000000001,10.665620640888076,0.0,3.5,,q_learning,gp,10,32
1.6,8.080000000000002,10.520000000000001,6.757271960180146,0.0,2.5,,q_learning,gp,10,33
1.4,6.8,9.38,5.671527215705988,0.0,0.5,,q_learning,gp,10,34
1.7,7.6,10.370000000000001,8.577639856506524,0.0,1.0,,q_learning,gp,10,35
1.1,8.4,8.549999999999999,2.3834347869296058,0.0,1.5,,q_learning,gp,10,36
1.8,7.76,14.379999999999999,7.133506306788715,0.0,2.5,,q_learning,gp,10,37
1.6,7.76,10.84,5.62326653642811,0.0,1.0,,q_learning,gp,10,38
1.4,7.76,8.260000000000002,4.436546929527289,0.0,1.5,,q_learning,gp,10,39
1.6,7.119999999999999,9.24,5.198771510541664,0.0,1.5,,q_learning,gp,10,40
1.8,8.24,13.739999999999998,7.133506306788715,0.0,2.0,,q_learning,gp,10,41
0.9,7.119999999999999,4.21,1.9447303693750133,0.0,1.0,,q_learning,gp,10,42
1.7,8.559999999999999,13.570000000000002,8.472654547649901,0.0,3.0,,q_learning,gp,10,43
1.2,7.279999999999999,6.8,3.9978425119726966,0.0,1.5,,q_learning,gp,10,44
1.0,7.600000000000001,5.1800000000000015,2.9120977674985387,0.0,1.5,,q_learning,gp,10,45
1.1,8.24,7.2700000000000005,2.706954950389388,0.0,1.0,,q_learning,gp,10,46
1.4,7.44,8.42,3.365011576721277,0.0,1.0,,q_learning,gp,10,47
1.3,7.44,9.37,3.4691795314037632,0.0,1.0,,q_learning,gp,10,48
1.9,8.24,15.829999999999998,10.368884552416311,0.0,3.0,,q_learning,gp,10,49
1.8,7.279999999999999,9.580000000000002,7.5194965411945205,0.0,1.0,,q_learning,gp,10,50
1.6,7.76,11.959999999999999,6.37128172577434,0.0,3.0,,q_learning,gp,10,51
1.8,8.08,12.140000000000002,9.969502280516497,0.0,1.0,,q_learning,gp,10,52
1.4,8.4,10.98,4.861041955413735,0.0,2.5,,q_learning,gp,10,53
1.3,7.76,8.89,4.3181695831766564,0.0,1.5,,q_learning,gp,10,54
1.6,7.280000000000001,10.2,6.757271960180145,0.0,2.0,,q_learning,gp,10,55
1.3,7.76,8.570000000000002,3.89367455729021,0.0,2.0,,q_learning,gp,10,56
2.8,6.959999999999999,18.32,17.69994167695105,0.0,4.0,,q_learning,gp,10,57
1.7,8.24,12.61,6.976624168957441,0.0,1.5,,q_learning,gp,10,58
2.2,8.24,14.1,11.170431279085463,0.0,1.5,,q_learning,gp,10,59
1.9,7.44,11.669999999999998,9.620869363070081,0.0,3.5,,q_learning,gp,10,60
1.4,8.08,10.660000000000002,5.609057144759964,0.0,1.0,,q_learning,gp,10,61
1.8,7.6,12.940000000000001,7.5194965411945205,0.0,1.5,,q_learning,gp,10,62
2.0,7.280000000000001,15.040000000000001,9.029736311555125,0.0,2.0,,q_learning,gp,10,63
1.1,7.279999999999999,5.19,4.689950425914317,0.0,0.0,,q_learning,gp,10,64
0.6,6.640000000000001,1.6199999999999999,0.6396334161235597,0.0,0.0,,q_learning,gp,10,65
1.5,7.76,8.59,7.671925175154885,0.0,1.0,,q_learning,gp,10,66
1.4,6.960000000000001,8.26,5.99504737916577,0.0,2.0,,q_learning,gp,10,67
1.6,7.44,11.48,6.37128172577434,0.0,2.5,,q_learning,gp,10,68
1.5,6.4799999999999995,8.110000000000001,4.655899138304585,0.0,2.0,,q_learning,gp,10,69
2.0,7.919999999999999,14.719999999999999,10.264716597733825,0.0,2.5,,q_learning,gp,10,70
2.1,8.559999999999999,17.29,12.83309968340643,0.0,2.5,,q_learning,gp,10,71
1.2,9.040000000000001,9.04,3.6743223485129137,0.0,0.5,,q_learning,gp,10,72
1.4,7.6,9.7,3.68853174018106,0.0,2.0,,q_learning,gp,10,73
1.5,7.76,11.15,5.403914327650814,0.0,1.5,,q_learning,gp,10,74
1.4,7.119999999999999,9.38,6.949022739795287,0.0,3.0,,q_learning,gp,10,75
1.5,7.6,10.99,4.979419301764368,0.0,2.0,,q_learning,gp,10,76
1.9,7.280000000000001,12.47,7.738848749971817,0.0,1.5,,q_learning,gp,10,77
1.2,6.32,7.280000000000001,5.556342961611178,0.0,2.0,,q_learning,gp,10,78
2.1,7.44,12.650000000000002,9.635078754738228,0.0,1.5,,q_learning,gp,10,79
1.5,9.68,13.229999999999999,4.3323789748448025,0.0,1.5,,q_learning,gp,10,80
1.5,7.279999999999999,11.950000000000001,8.999710655553715,0.0,0.5,,q_learning,gp,10,81
2.2,8.24,14.1,13.955742346696113,0.0,1.0,,q_learning,gp,10,82
1.4,8.879999999999999,12.1,5.99504737916577,0.0,2.5,,q_learning,gp,10,83
1.2,7.760000000000001,7.92,3.350802185053131,0.0,1.5,,q_learning,gp,10,84
1.6,8.24,10.360000000000001,8.845252744561698,0.0,0.5,,q_learning,gp,10,85
1.4,7.6,8.26,4.012051903640843,0.0,1.5,,q_learning,gp,10,86
1.4,8.4,10.5,4.760067092987072,0.0,2.0,,q_learning,gp,10,87
2.4,7.12,15.4,12.642166257965426,0.0,2.0,,q_learning,gp,10,88
1.7,7.76,11.170000000000002,5.41812371931896,0.0,2.0,,q_learning,gp,10,89
1.2,8.08,7.119999999999999,4.745857701318926,0.0,1.5,,q_learning,gp,10,90
2.0,7.44,13.919999999999998,8.219251051262871,0.0,3.0,,q_learning,gp,10,91
1.5,7.280000000000001,8.11,7.491895112032367,0.0,1.0,,q_learning,gp,10,92
2.5,9.040000000000001,19.729999999999997,14.034028681975396,0.0,2.0,,q_learning,gp,10,93
0.9,7.92,5.81,1.2976900424554485,0.0,1.5,,q_learning,gp,10,94
0.9,6.959999999999999,5.010000000000001,2.36922539526146,0.0,1.0,,q_learning,gp,10,95
1.7,7.280000000000001,12.290000000000001,6.489659072124972,0.0,2.5,,q_learning,gp,10,96
1.3,7.6,9.21,3.89367455729021,0.0,1.0,,q_learning,gp,10,97
1.4,7.76,10.02,5.995047379165771,0.0,1.5,,q_learning,gp,10,98
1.1,7.6,7.43,2.3834347869296058,0.0,2.0,,q_learning,gp,10,99
3.24,10.0,30.428,19.412992105834693,0.0,3.0,,heuristic,passive,100,0
3.25,10.0,30.525,19.498413347940726,0.0,3.0,,heuristic,passive,100,1
3.3,10.0,31.010000000000005,20.24146297598028,0.0,3.0,,heuristic,passive,100,2
3.45,10.0,32.465,22.282814922480608,0.0,3.0,,heuristic,passive,100,3
3.42,10.0,32.17400000000001,21.737306198256128,0.0,3.0,,heuristic,passive,100,4
3.34,10.0,31.398000000000003,20.70511971951081,0.0,3.0,,heuristic,passive,100,5
3.19,10.0,29.943,18.881881748690525,0.0,3.0,,heuristic,passive,100,6
3.41,10.0,32.077000000000005,21.964159617151743,0.0,3.0,,heuristic,passive,100,7
3.4,10.0,31.980000000000004,21.266703684822268,0.0,3.0,,heuristic,passive,100,8
2.31,10.0,21.407000000000007,10.250763711817276,0.0,2.0,,heuristic,passive,100,9
3.28,10.0,30.816000000000003,20.125187543236738,0.0,3.0,,heuristic,passive,100,10
2.28,10.0,21.116000000000003,9.800090373963073,0.0,2.0,,heuristic,passive,100,11
3.15,10.0,29.55500000000001,18.662645981374197,0.0,2.65,,heuristic,passive,100,12
3.44,10.0,32.368,22.086590265976348,0.0,3.0,,heuristic,passive,100,13
2.26,10.0,20.922000000000008,9.086118725972518,0.0,2.0,,heuristic,passive,100,14
2.52,10.0,23.444000000000006,12.058542510141875,0.0,2.0,,heuristic,passive,100,15
3.29,10.0,30.913,20.120476222761077,0.0,3.0,,heuristic,passive,100,16
2.9,10.0,27.13,15.934020804207552,0.0,2.0,,heuristic,passive,100,17
3.22,10.0,30.234,19.30385706647727,0.0,3.0,,heuristic,passive,100,18
2.48,10.0,23.056000000000004,12.054171845918525,0.0,2.0,,heuristic,passive,100,19
3.05,10.0,28.585000000000004,17.450369344436428,0.0,2.35,,heuristic,passive,100,20
3.21,10.0,30.136999999999997,18.98132030833585,0.0,3.0,,heuristic,passive,100,21
2.45,10.0,22.765000000000004,11.796454168398888,0.0,2.0,,heuristic,passive,100,22
2.5,10.0,23.25,12.462890855688538,0.0,2.0,,heuristic,passive,100,23
3.37,10.0,31.689000000000007,20.9527317145784,0.0,3.0,,heuristic,passive,100,24
3.11,10.0,29.166999999999998,17.820412143746502,0.0,3.0,,heuristic,passive,100,25
2.51,10.0,23.34700000000001,12.492671677594744,0.0,2.0,,heuristic,passive,100,26
3.24,10.0,30.428,19.590058651877985,0.0,3.0,,heuristic,passive,100,27
3.25,10.0,30.525,19.47519724639684,0.0,3.0,,heuristic,passive,100,28
3.14,10.0,29.458000000000002,17.63597129177423,0.0,3.0,,heuristic,passive,100,29
2.27,10.0,21.019000000000005,9.754194387030763,0.0,2.0,,heuristic,passive,100,30
3.1,10.0,29.07,17.73905832583084,0.0,3.0,,heuristic,passive,100,31
2.3,10.0,21.31000000000001,10.260996407684837,0.0,2.0,,heuristic,passive,100,32
3.28,10.0,30.816000000000003,19.907454150026936,0.0,3.0,,heuristic,passive,100,33
2.52,10.0,23.444000000000006,11.819847432980605,0.0,2.0,,heuristic,passive,100,34
2.45,10.0,22.765000000000008,11.945641245978054,0.0,2.0,,heuristic,passive,100,35
2.64,10.0,24.608,13.390128092150599,0.0,2.0,,heuristic,passive,100,36
3.12,10.0,29.264,17.789399331149927,0.0,3.0,,heuristic,passive,100,37
2.85,10.0,26.644999999999996,15.678858276593523,0.0,2.0,,heuristic,passive,100,38
3.27,10.0,30.719000000000005,19.938903346973945,0.0,3.0,,heuristic,passive,100,39
3.2,10.0,30.04,18.865582028168138,0.0,3.0,,heuristic,passive,100,40
3.31,10.0,31.107000000000003,20.511977932380542,0.0,3.0,,heuristic,passive,100,41
2.58,10.0,24.026000000000003,13.186597350700058,0.0,2.0,,heuristic,passive,100,42
3.22,10.0,30.234,19.01320841083632,0.0,3.0,,heuristic,passive,100,43
2.86,10.0,26.741999999999994,15.555316373468711,0.0,2.0,,heuristic,passive,100,44
3.22,10.0,30.234,18.975643299258703,0.0,3.0,,heuristic,passive,100,45
3.13,10.0,29.361000000000004,17.319120975817405,0.0,3.0,,heuristic,passive,100,46
2.52,10.0,23.444000000000006,11.954060937526446,0.0,2.0,,heuristic,passive,100,47
3.27,10.0,30.719,20.033864498686466,0.0,3.0,,heuristic,passive,100,48
3.58,10.0,33.726000000000006,23.967634727744763,0.0,3.0,,heuristic,passive,100,49
3.26,10.0,30.622,19.56890047388178,0.0,3.0,,heuristic,passive,100,50
3.37,10.0,31.689000000000007,21.071942879697776,0.0,3.0,,heuristic,passive,100,51
3.0,10.0,28.1,17.163748186767943,0.0,2.0,,heuristic,passive,100,52
3.21,10.0,30.136999999999997,19.152553275196386,0.0,3.0,,heuristic,passive,100,53
3.3,10.0,31.01,20.306311613292163,0.0,3.0,,heuristic,passive,100,54
3.29,10.0,30.913,20.21402288014041,0.0,3.0,,heuristic,passive,100,55
2.96,10.0,27.712,16.530858076841323,0.0,2.0,,heuristic,passive,100,56
3.22,10.0,30.234,19.22665901959611,0.0,3.0,,heuristic,passive,100,57
3.36,10.0,31.592000000000006,21.172688720617266,0.0,3.0,,heuristic,passive,100,58
2.31,10.0,21.407000000000007,10.339401436964328,0.0,2.0,,heuristic,passive,100,59
3.39,10.0,31.883000000000003,21.69834355984587,0.0,3.0,,heuristic,passive,100,60
3.24,10.0,30.428,19.429448396462682,0.0,3.0,,heuristic,passive,100,61
3.25,10.0,30.525,19.705211825914436,0.0,3.0,,heuristic,passive,100,62
2.95,10.0,27.615,16.37765152862721,0.0,2.0,,heuristic,passive,100,63
2.52,10.0,23.444000000000006,12.507001354342782,0.0,2.0,,heuristic,passive,100,64
3.54,10.0,33.33800000000001,23.58306795143002,0.0,3.0,,heuristic,passive,100,65
3.16,10.0,29.651999999999997,18.52637408620988,0.0,3.0,,heuristic,passive,100,66
2.76,10.0,25.772,15.105392104309827,0.0,2.0,,heuristic,passive,100,67
3.26,10.0,30.622,19.659413618933705,0.0,3.0,,heuristic,passive,100,68
3.3,10.0,31.010000000000005,20.055880999086018,0.0,3.0,,heuristic,passive,100,69
3.21,10.0,30.137000000000004,19.118021675946185,0.0,3.0,,heuristic,passive,100,70
3.38,10.0,31.786000000000005,20.996032158316403,0.0,3.0,,heuristic,passive,100,71
3.28,10.0,30.816000000000003,20.144365142401288,0.0,3.0,,heuristic,passive,100,72
3.17,10.0,29.749000000000002,18.360779607978507,0.0,3.0,,heuristic,passive,100,73
2.47,10.0,22.959000000000007,11.980191711443165,0.0,2.0,,heuristic,passive,100,74
3.4,10.0,31.98,21.61523664319817,0.0,3.0,,heuristic,passive,100,75
3.2,10.0,30.04,18.64348535198898,0.0,3.0,,heuristic,passive,100,76
3.66,10.0,34.50200000000001,25.162664507841885,0.0,3.0,,heuristic,passive,100,77
3.22,10.0,30.234,19.375805055524264,0.0,3.0,,heuristic,passive,100,78
3.12,10.0,29.263999999999996,19.114332638159144,0.0,2.0,,heuristic,passive,100,79
2.56,10.0,23.832000000000004,13.0637273292512,0.0,2.0,,heuristic,passive,100,80
3.21,10.0,30.136999999999997,19.082222719360942,0.0,3.0,,heuristic,passive,100,81
3.39,10.0,31.883000000000003,21.50556538768528,0.0,3.0,,heuristic,passive,100,82
2.34,10.0,21.698000000000008,10.792438457323442,0.0,2.0,,heuristic,passive,100,83
3.24,10.0,30.42800000000001,19.419712459882252,0.0,2.7,,heuristic,passive,100,84
2.82,10.0,26.353999999999996,15.172476295278011,0.0,2.0,,heuristic,passive,100,85
3.21,10.0,30.137000000000004,19.169935797557528,0.0,3.0,,heuristic,passive,100,86
3.18,10.0,29.846000000000004,18.81139462274947,0.0,3.0,,heuristic,passive,100,87
3.36,10.0,31.592000000000002,20.907909096377388,0.0,3.0,,heuristic,passive,100,88
2.86,10.0,26.741999999999997,15.951861096058273,0.0,2.0,,heuristic,passive,100,89
2.44,10.0,22.668000000000003,11.509414698109158,0.0,2.0,,heuristic,passive,100,90
3.32,10.0,31.204000000000004,20.693394238062066,0.0,3.0,,heuristic,passive,100,91
3.22,10.0,30.234000000000005,19.277988035076195,0.0,3.0,,heuristic,passive,100,92
3.24,10.0,30.428,19.729741653566112,0.0,3.0,,heuristic,passive,100,93
3.23,10.0,30.331000000000003,19.49938893672045,0.0,3.0,,heuristic,passive,100,94
3.18,10.0,29.846,18.36700320273894,0.0,3.0,,heuristic,passive,100,95
3.25,10.0,30.525,19.561750647388205,0.0,3.0,,heuristic,passive,100,96
3.47,10.0,32.659000000000006,22.393568979832253,0.0,3.0,,heuristic,passive,100,97
3.21,10.0,30.136999999999997,18.657759071438917,0.0,3.0,,heuristic,passive,100,98
3.48,10.0,32.756,22.632352403837643,0.0,3.0,,heuristic,passive,100,99
3.24,8.080082709564113,24.454878205814712,19.412992105834693,0.0,3.0,,heuristic,regression,100,0
3.25,9.576707465783498,29.23295390430545,19.498413347940726,0.0,3.0,,heuristic,regression,100,1
3.3,4.36038942018971,14.024469680758834,20.24146297598028,0.0,3.0,,heuristic,regression,100,2
3.45,8.94514265214483,29.11329447815605,22.282814922480608,0.0,3.0,,heuristic,regression,100,3
3.42,9.138542277334544,29.51656899359441,21.737306198256128,0.0,3.0,,heuristic,regression,100,4
3.34,9.546160319119013,30.004708876607793,20.70511971951081,0.0,3.0,,heuristic,regression,100,5
3.19,9.968356675752865,29.832720195212087,18.881881748690525,0.0,3.0,,heuristic,regression,100,6
3.41,9.398834274585477,30.21233350409169,21.964159617151743,0.0,3.0,,heuristic,regression,100,7
3.4,4.726254351708213,14.68357720582862,21.266703684822268,0.0,3.0,,heuristic,regression,100,8
2.31,9.072361128195631,19.490979589724603,10.250763711817276,0.0,2.0,,heuristic,regression,100,9
3.28,9.572787170942407,29.529158858423553,20.125187543236738,0.0,3.0,,heuristic,regression,100,10
2.28,9.460853146330283,19.99081619418567,9.800090373963073,0.0,2.0,,heuristic,regression,100,11
3.15,3.522658858749566,10.63816929199937,18.662645981374197,0.0,2.65,,heuristic,regression,100,12
3.44,9.425327962374084,30.494805635432648,22.086590265976348,0.0,3.0,,heuristic,regression,100,13
2.26,9.162932545153005,19.208529001964752,9.086118725972518,0.0,2.0,,heuristic,regression,100,14
2.52,7.936136325298016,18.82717925504464,12.058542510141875,0.0,2.0,,heuristic,regression,100,15
3.29,9.21561349237295,28.466644987628293,20.120476222761077,0.0,3.0,,heuristic,regression,100,16
2.9,9.977378079556008,27.058134238668025,15.934020804207552,0.0,2.0,,heuristic,regression,100,17
3.22,9.378208798306076,28.273759247143843,19.30385706647727,0.0,3.0,,heuristic,regression,100,18
2.48,9.00111443025735,20.834939197903168,12.054171845918525,0.0,2.0,,heuristic,regression,100,19
3.05,9.57986900238209,27.713702586093643,17.450369344436428,0.0,2.35,,heuristic,regression,100,20
3.21,9.524918969226436,28.677569013508755,18.98132030833585,0.0,3.0,,heuristic,regression,100,21
2.45,9.911896700472731,22.517849251067737,11.796454168398888,0.0,2.0,,heuristic,regression,100,22
2.5,9.124631545908784,21.320596982537687,12.462890855688538,0.0,2.0,,heuristic,regression,100,23
3.37,9.550693351323225,30.301937431438674,20.9527317145784,0.0,3.0,,heuristic,regression,100,24
3.11,9.644862008209703,28.09678602462911,17.820412143746502,0.0,3.0,,heuristic,regression,100,25
2.51,4.304803299712912,11.774933962942873,12.492671677594744,0.0,2.0,,heuristic,regression,100,26
3.24,8.949742593652225,27.084361841763883,19.590058651877985,0.0,3.0,,heuristic,regression,100,27
3.25,9.55093044112822,29.14674926721981,19.47519724639684,0.0,3.0,,heuristic,regression,100,28
3.14,9.963217180492652,29.34284178489075,17.63597129177423,0.0,3.0,,heuristic,regression,100,29
2.27,9.299796273064906,19.59219254612982,9.754194387030763,0.0,2.0,,heuristic,regression,100,30
3.1,9.382055501714445,27.177685847192596,17.73905832583084,0.0,3.0,,heuristic,regression,100,31
2.3,9.235450927759569,19.699015956407024,10.260996407684837,0.0,2.0,,heuristic,regression,100,32
3.28,9.540399648881424,29.39097755468237,19.907454150026936,0.0,3.0,,heuristic,regression,100,33
2.52,3.125257488656557,7.216099577080781,11.819847432980605,0.0,2.0,,heuristic,regression,100,34
2.45,3.959836082702335,10.621888493581627,11.945641245978054,0.0,2.0,,heuristic,regression,100,35
2.64,9.57033185528077,23.709280010286758,13.390128092150599,0.0,2.0,,heuristic,regression,100,36
3.12,9.969699340286517,29.174698020859545,17.789399331149927,0.0,3.0,,heuristic,regression,100,37
2.85,9.525617532334225,25.605426672920903,15.678858276593523,0.0,2.0,,heuristic,regression,100,38
3.27,9.50760259720616,29.158109009148564,19.938903346973945,0.0,3.0,,heuristic,regression,100,39
3.2,9.60375800346428,28.81777977725631,18.865582028168138,0.0,3.0,,heuristic,regression,100,40
3.31,9.496196737380508,29.55014296642754,20.511977932380542,0.0,3.0,,heuristic,regression,100,41
2.58,4.5075399221522465,11.169811688608993,13.186597350700058,0.0,2.0,,heuristic,regression,100,42
3.22,9.398276200310576,28.41106290601648,19.01320841083632,0.0,3.0,,heuristic,regression,100,43
2.86,9.158707908204896,24.591829291625,15.555316373468711,0.0,2.0,,heuristic,regression,100,44
3.22,9.550057461737,28.85129825176434,18.975643299258703,0.0,3.0,,heuristic,regression,100,45
3.13,9.164882941492358,26.831213952682198,17.319120975817405,0.0,3.0,,heuristic,regression,100,46
2.52,8.911950088612677,20.963450265838038,11.954060937526446,0.0,2.0,,heuristic,regression,100,47
3.27,9.891201424049704,30.344457921319844,20.033864498686466,0.0,3.0,,heuristic,regression,100,48
3.58,8.72332565239072,29.41307937505271,23.967634727744763,0.0,3.0,,heuristic,regression,100,49
3.26,9.980948595806908,30.54244578742072,19.56890047388178,0.0,3.0,,heuristic,regression,100,50
3.37,9.591521646871328,30.451246587485322,21.071942879697776,0.0,3.0,,heuristic,regression,100,51
3.0,9.98636895072295,28.045140550203183,17.163748186767943,0.0,2.0,,heuristic,regression,100,52
3.21,9.521255538668804,28.62253688430033,19.152553275196386,0.0,3.0,,heuristic,regression,100,53
3.3,9.914662886497217,30.713128639484168,20.306311613292163,0.0,3.0,,heuristic,regression,100,54
3.29,9.005935852649314,27.867973553559967,20.21402288014041,0.0,3.0,,heuristic,regression,100,55
2.96,9.987218645322555,27.66765593596767,16.530858076841323,0.0,2.0,,heuristic,regression,100,56
3.22,8.765827374418445,26.514172866112474,19.22665901959611,0.0,3.0,,heuristic,regression,100,57
3.36,9.598373981079405,30.32466562579248,21.172688720617266,0.0,3.0,,heuristic,regression,100,58
2.31,9.555152024376532,20.44679078580371,10.339401436964328,0.0,2.0,,heuristic,regression,100,59
3.39,8.14430992570363,25.621078630228176,21.69834355984587,0.0,3.0,,heuristic,regression,100,60
3.24,9.45111844502011,28.714071123963905,19.429448396462682,0.0,3.0,,heuristic,regression,100,61
3.25,9.500325925010067,28.959274251120817,19.705211825914436,0.0,3.0,,heuristic,regression,100,62
2.95,9.123321574289541,25.35460682813178,16.37765152862721,0.0,2.0,,heuristic,regression,100,63
2.52,9.443140323765645,22.122522663580053,12.507001354342782,0.0,2.0,,heuristic,regression,100,64
3.54,8.347884901711923,27.905052364636475,23.58306795143002,0.0,3.0,,heuristic,regression,100,65
3.16,9.480400256299642,28.055008768898926,18.52637408620988,0.0,3.0,,heuristic,regression,100,66
2.76,9.55438999135857,24.799923361600854,15.105392104309827,0.0,2.0,,heuristic,regression,100,67
3.26,3.1875464578342907,10.167798564287082,19.659413618933705,0.0,3.0,,heuristic,regression,100,68
3.3,5.060628362301195,15.717313449204775,20.055880999086018,0.0,3.0,,heuristic,regression,100,69
3.21,9.11312704145607,27.44164978029486,19.118021675946185,0.0,3.0,,heuristic,regression,100,70
3.38,9.988936821452652,31.73892489673212,20.996032158316403,0.0,3.0,,heuristic,regression,100,71
3.28,9.54959525581899,29.43491963686531,20.144365142401288,0.0,3.0,,heuristic,regression,100,72
3.17,9.978502250946526,29.678992080409618,18.360779607978507,0.0,3.0,,heuristic,regression,100,73
2.47,4.139052548336651,11.17036068557485,11.980191711443165,0.0,2.0,,heuristic,regression,100,74
3.4,9.433480611919958,30.142968372190353,21.61523664319817,0.0,3.0,,heuristic,regression,100,75
3.2,9.46232803106361,28.391997495039487,18.64348535198898,0.0,3.0,,heuristic,regression,100,76
3.66,9.137542982289569,31.433067607329704,25.162664507841885,0.0,3.0,,heuristic,regression,100,77
3.22,9.332225884662677,28.19096222720822,19.375805055524264,0.0,3.0,,heuristic,regression,100,78
3.12,8.65955808759409,25.95556576134987,19.114332638159144,0.0,2.0,,heuristic,regression,100,79
2.56,7.968182657598593,19.275322365970755,13.0637273292512,0.0,2.0,,heuristic,regression,100,80
3.21,9.566264471238686,28.81236296380349,19.082222719360942,0.0,3.0,,heuristic,regression,100,81
3.39,9.541236171469107,30.44010347225122,21.50556538768528,0.0,3.0,,heuristic,regression,100,82
2.34,9.979388247013425,21.608317113985336,10.792438457323442,0.0,2.0,,heuristic,regression,100,83
3.24,9.531833663917157,28.999750134611322,19.419712459882252,0.0,2.7,,heuristic,regression,100,84
2.82,9.946017359420473,26.163322698951077,15.172476295278011,0.0,2.0,,heuristic,regression,100,85
3.21,9.310647879104419,28.035922130819753,19.169935797557528,0.0,3.0,,heuristic,regression,100,86
3.18,9.129391867352664,27.186237690861354,18.81139462274947,0.0,3.0,,heuristic,regression,100,87
3.36,9.986081368236311,31.540335189007642,20.907909096377388,0.0,3.0,,heuristic,regression,100,88
2.86,8.628129979291801,23.394121137875405,15.951861096058273,0.0,2.0,,heuristic,regression,100,89
2.44,9.640965925763739,21.864046330643294,11.509414698109158,0.0,2.0,,heuristic,regression,100,90
3.32,9.395602031842568,29.141984628609,20.693394238062066,0.0,3.0,,heuristic,regression,100,91
3.22,8.934032354072698,26.998400816124366,19.277988035076195,0.0,3.0,,heuristic,regression,100,92
3.24,9.495878263360488,28.834467164776733,19.729741653566112,0.0,3.0,,heuristic,regression,100,93
3.23,9.41018558584652,28.46870529662846,19.49938893672045,0.0,3.0,,heuristic,regression,100,94
3.18,9.964327457809766,29.721362579614865,18.36700320273894,0.0,3.0,,heuristic,regression,100,95
3.25,9.5572,29.1558,19.561750647388205,0.0,3.0,,heuristic,regression,100,96
3.47,8.344493034339335,27.235772137357333,22.393568979832253,0.0,3.0,,heuristic,regression,100,97
3.21,9.540844134110872,28.74833240233262,18.657759071438917,0.0,3.0,,heuristic,regression,100,98
3.48,9.494570148866304,30.960822838511085,22.632352403837643,0.0,3.0,,heuristic,regression,100,99
3.35,3.44,9.994999999999997,20.682060188072533,0.0,3.0,,heuristic,q_learning,100,0
3.36,5.68,16.491999999999994,21.143990700549818,0.0,3.0,,heuristic,q_learning,100,1
2.24,7.78,14.468000000000007,9.391329386121686,0.0,2.0,,heuristic,q_learning,100,2
3.12,6.98,19.243999999999993,18.01416543761603,0.0,3.0,,heuristic,q_learning,100,3
3.44,8.14,24.947999999999997,21.81936223554032,0.0,3.0,,heuristic,q_learning,100,4
2.33,8.44,17.32100000000001,10.684386219804775,0.0,2.0,,heuristic,q_learning,100,5
3.22,3.02,7.734000000000001,19.11200354126715,0.0,3.0,,heuristic,q_learning,100,6
3.14,4.38,12.017999999999994,18.243750077616824,0.0,3.0,,heuristic,q_learning,100,7
3.15,8.36,23.834999999999994,18.138988690756577,0.0,3.0,,heuristic,q_learning,100,8
3.12,7.84,20.884,18.20327061880253,0.0,2.35,,heuristic,q_learning,100,9
2.26,8.12,15.462000000000007,9.394421221532337,0.0,2.0,,heuristic,q_learning,100,10
3.37,7.68,22.528999999999996,21.014546839562872,0.0,3.0,,heuristic,q_learning,100,11
2.71,6.26,15.447000000000008,14.881767120486934,0.0,2.0,,heuristic,q_learning,100,12
3.26,5.72,16.121999999999993,19.568900473881783,0.0,3.0,,heuristic,q_learning,100,13
3.98,8.7,31.986000000000004,29.113144441164987,0.0,3.7,,heuristic,q_learning,100,14
3.15,5.68,15.994999999999996,18.41773674255995,0.0,3.0,,heuristic,q_learning,100,15
2.27,8.76,16.799000000000007,9.692038136444408,0.0,2.0,,heuristic,q_learning,100,16
3.18,6.58,18.145999999999994,18.582902217694876,0.0,3.0,,heuristic,q_learning,100,17
3.28,7.88,23.095999999999993,20.2805658260303,0.0,3.0,,heuristic,q_learning,100,18
3.18,8.32,23.665999999999993,18.74351247311018,0.0,3.0,,heuristic,q_learning,100,19
3.14,4.18,10.798,18.16211644545634,0.0,2.7,,heuristic,q_learning,100,20
2.8,4.82,13.020000000000005,15.486652621374642,0.0,2.0,,heuristic,q_learning,100,21
3.24,5.44,14.927999999999995,19.52602856616943,0.0,3.0,,heuristic,q_learning,100,22
2.67,7.02,14.719000000000005,14.0585348232146,0.0,2.0,,heuristic,q_learning,100,23
2.25,6.9,12.645000000000005,9.56829768514261,0.0,2.0,,heuristic,q_learning,100,24
3.41,6.54,20.276999999999994,21.846334024554523,0.0,3.0,,heuristic,q_learning,100,25
3.23,7.16,20.310999999999993,19.114597680970306,0.0,3.0,,heuristic,q_learning,100,26
2.27,8.48,16.499000000000006,9.89358814136662,0.0,2.0,,heuristic,q_learning,100,27
3.29,6.76,18.992999999999995,20.19139188472778,0.0,3.0,,heuristic,q_learning,100,28
3.2,9.16,26.599999999999994,18.742536884330455,0.0,3.0,,heuristic,q_learning,100,29
3.15,8.72,24.595,18.022811037964612,0.0,3.0,,heuristic,q_learning,100,30
3.1,2.7,6.290000000000001,17.539127338902848,0.0,2.9,,heuristic,q_learning,100,31
3.32,8.24,24.043999999999997,20.219583089911968,0.0,3.0,,heuristic,q_learning,100,32
3.5,5.5,16.80999999999999,23.229647601378886,0.0,3.0,,heuristic,q_learning,100,33
2.18,8.52,16.446000000000005,8.608192809111323,0.0,2.0,,heuristic,q_learning,100,34
3.34,8.12,23.597999999999992,20.60329107675257,0.0,3.0,,heuristic,q_learning,100,35
3.37,7.16,21.168999999999997,21.31105799619761,0.0,3.0,,heuristic,q_learning,100,36
3.12,8.74,24.503999999999998,17.932531805455543,0.0,3.0,,heuristic,q_learning,100,37
2.27,4.42,8.679,9.881687537529045,0.0,2.0,,heuristic,q_learning,100,38
2.71,5.64,14.847000000000003,13.4861924832162,0.0,2.0,,heuristic,q_learning,100,39
2.57,6.6,13.349000000000006,13.456321740887661,0.0,2.0,,heuristic,q_learning,100,40
3.25,2.78,7.565,19.622180199850522,0.0,3.0,,heuristic,q_learning,100,41
3.24,7.72,21.667999999999996,19.491263521447152,0.0,3.0,,heuristic,q_learning,100,42
2.27,4.42,8.299000000000001,9.471339454168676,0.0,2.0,,heuristic,q_learning,100,43
2.41,4.94,10.077000000000004,11.008570437197413,0.0,2.0,,heuristic,q_learning,100,44
3.24,8.14,23.607999999999993,19.025167337757136,0.0,3.0,,heuristic,q_learning,100,45
2.39,6.74,13.843000000000007,10.395104272749862,0.0,2.0,,heuristic,q_learning,100,46
3.11,6.9,18.946999999999992,17.616498456319373,0.0,3.0,,heuristic,q_learning,100,47
3.18,8.0,22.585999999999995,18.719262459703327,0.0,3.0,,heuristic,q_learning,100,48
3.4,7.08,21.299999999999997,21.63868619021413,0.0,3.0,,heuristic,q_learning,100,49
3.52,6.72,20.603999999999996,23.393242012075017,0.0,3.0,,heuristic,q_learning,100,50
3.64,6.82,21.467999999999996,24.212377810206846,0.0,3.0,,heuristic,q_learning,100,51
3.55,3.48,11.094999999999994,23.701976345865997,0.0,3.0,,heuristic,q_learning,100,52
3.54,6.52,19.237999999999992,23.335085743420027,0.0,3.0,,heuristic,q_learning,100,53
1.3,7.6,7.5900000000000025,3.6918114264414417,0.0,1.0,,heuristic,q_learning,100,54
3.31,2.7,7.227,20.580689470221763,0.0,3.0,,heuristic,q_learning,100,55
3.3,7.24,21.32999999999999,20.360674141099658,0.0,3.0,,heuristic,q_learning,100,56
3.22,8.92,25.953999999999997,19.08937254585452,0.0,3.0,,heuristic,q_learning,100,57
3.26,2.82,7.762,19.80801559038161,0.0,3.0,,heuristic,q_learning,100,58
3.49,3.92,11.912999999999993,22.812842477786024,0.0,3.0,,heuristic,q_learning,100,59
3.28,6.82,19.335999999999995,20.288847811409205,0.0,3.0,,heuristic,q_learning,100,60
3.27,4.32,12.158999999999994,19.54431876798049,0.0,3.0,,heuristic,q_learning,100,61
2.49,2.5,4.292999999999998,12.664244833636808,0.0,2.0,,heuristic,q_learning,100,62
3.14,8.58,24.317999999999998,18.097635969233405,0.0,3.0,,heuristic,q_learning,100,63
3.19,4.32,11.522999999999998,18.89970065540209,0.0,3.0,,heuristic,q_learning,100,64
3.2,2.84,6.960000000000001,18.752437887703582,0.0,3.0,,heuristic,q_learning,100,65
3.28,5.6,16.335999999999995,20.03364048632185,0.0,3.0,,heuristic,q_learning,100,66
3.19,8.64,24.502999999999993,18.21120204775088,0.0,3.0,,heuristic,q_learning,100,67
3.42,8.76,27.014,21.73205772520463,0.0,3.0,,heuristic,q_learning,100,68
2.41,5.96,12.377000000000004,11.403332504364839,0.0,2.0,,heuristic,q_learning,100,69
2.88,6.96,18.256000000000004,15.545132567576935,0.0,2.0,,heuristic,q_learning,100,70
3.4,5.9,17.799999999999994,21.58350511080331,0.0,3.0,,heuristic,q_learning,100,71
2.46,6.18,13.302000000000005,11.63079146690604,0.0,2.0,,heuristic,q_learning,100,72
3.24,6.88,19.607999999999993,19.44379740649641,0.0,3.0,,heuristic,q_learning,100,73
3.52,5.14,14.863999999999997,23.640775715894605,0.0,3.0,,heuristic,q_learning,100,74
3.27,5.64,15.958999999999994,19.97063487936881,0.0,3.0,,heuristic,q_learning,100,75
3.18,5.82,15.106000000000003,19.730318588146428,0.0,2.0,,heuristic,q_learning,100,76
3.95,7.14,25.595,28.44535158262539,0.0,3.5,,heuristic,q_learning,100,77
3.29,6.46,17.952999999999996,20.39749757644041,0.0,3.0,,heuristic,q_learning,100,78
3.23,8.3,23.830999999999996,19.31149515557089,0.0,3.0,,heuristic,q_learning,100,79
2.92,2.94,6.803999999999999,15.779410131188065,0.0,2.0,,heuristic,q_learning,100,80
2.6,4.6,11.520000000000007,12.84678543867442,0.0,2.0,,heuristic,q_learning,100,81
4.12,7.88,29.564,31.020808564217624,0.0,3.6,,heuristic,q_learning,100,82
3.15,6.86,19.254999999999992,18.513134278622903,0.0,3.0,,heuristic,q_learning,100,83
3.03,4.8,12.871000000000004,18.06164177788116,0.0,2.0,,heuristic,q_learning,100,84
2.5,5.32,10.910000000000004,12.089250030852012,0.0,2.0,,heuristic,q_learning,100,85
2.95,7.92,20.975,16.155373285225597,0.0,2.0,,heuristic,q_learning,100,86
3.36,5.22,14.911999999999994,20.762340637256894,0.0,3.0,,heuristic,q_learning,100,87
3.5,7.56,24.65,23.032886728719156,0.0,3.0,,heuristic,q_learning,100,88
3.18,8.38,24.065999999999995,18.696631464290693,0.0,3.0,,heuristic,q_learning,100,89
2.98,7.38,19.866,16.313983473105658,0.0,2.0,,heuristic,q_learning,100,90
3.62,8.5,27.934,24.76758270021173,0.0,3.0,,heuristic,q_learning,100,91
3.16,3.92,10.152,18.3564068919017,0.0,3.0,,heuristic,q_learning,100,92
3.19,7.28,21.063,18.84024921292253,0.0,3.0,,heuristic,q_learning,100,93
2.33,2.92,5.700999999999999,10.365039544096371,0.0,2.0,,heuristic,q_learning,100,94
3.12,8.3,23.263999999999996,17.99841435463039,0.0,3.0,,heuristic,q_learning,100,95
3.24,8.68,25.308000000000003,19.537344063875743,0.0,3.0,,heuristic,q_learning,100,96
3.3,8.64,25.889999999999997,20.18195965525111,0.0,3.0,,heuristic,q_learning,100,97
3.42,5.82,17.473999999999993,21.74720720162926,0.0,3.0,,heuristic,q_learning,100,98
3.38,6.52,19.325999999999993,21.53245889784187,0.0,3.0,,heuristic,q_learning,100,99
2.28,9.168,18.588000000000008,9.491463253231126,0.0,2.0,,heuristic,gp,100,0
3.05,8.448000000000002,23.84900000000001,17.52135322966461,0.0,2.1,,heuristic,gp,100,1
3.09,9.552,27.389,17.73423680402232,0.0,3.0,,heuristic,gp,100,2
3.38,9.728000000000002,30.298000000000002,21.3498135897438,0.0,3.0,,heuristic,gp,100,3
3.52,9.456,30.664000000000016,23.290594817713455,0.0,3.0,,heuristic,gp,100,4
3.31,9.584000000000001,29.315,20.078180302004213,0.0,3.0,,heuristic,gp,100,5
3.49,9.648000000000001,31.413,22.885973100476807,0.0,3.0,,heuristic,gp,100,6
3.28,9.632,29.12,20.038673599113707,0.0,3.0,,heuristic,gp,100,7
3.13,9.328000000000001,26.352999999999998,17.711232607393455,0.0,3.0,,heuristic,gp,100,8
2.33,9.568,20.22500000000001,10.406672079864363,0.0,2.0,,heuristic,gp,100,9
3.33,9.552,29.076999999999998,20.518591542718646,0.0,3.0,,heuristic,gp,100,10
3.22,9.6,28.506000000000004,19.053914714871166,0.0,3.0,,heuristic,gp,100,11
2.64,9.856,23.968000000000004,13.53711104560428,0.0,2.0,,heuristic,gp,100,12
3.35,9.648,30.039,21.16343161352943,0.0,3.0,,heuristic,gp,100,13
2.57,9.424000000000001,22.281000000000002,12.825041685197384,0.0,2.0,,heuristic,gp,100,14
3.33,9.664,29.733,20.62111297173796,0.0,3.0,,heuristic,gp,100,15
2.41,9.552,20.633000000000006,10.98008936217227,0.0,2.0,,heuristic,gp,100,16
2.32,9.408,19.47200000000001,10.238570872353602,0.0,2.0,,heuristic,gp,100,17
3.28,9.664,29.136,19.510869970569036,0.0,3.0,,heuristic,gp,100,18
2.46,9.376,20.174000000000007,11.38798950868606,0.0,2.0,,heuristic,gp,100,19
3.06,9.104,25.353999999999996,16.881350231188502,0.0,3.0,,heuristic,gp,100,20
3.22,9.904,29.85,18.853290941682097,0.0,3.0,,heuristic,gp,100,21
3.29,9.696,29.473000000000003,20.290187015158608,0.0,3.0,,heuristic,gp,100,22
2.39,9.76,20.903000000000006,10.891478037633215,0.0,2.0,,heuristic,gp,100,23
4.03,9.824000000000002,37.275000000000006,30.27330196348081,0.0,3.85,,heuristic,gp,100,24
3.18,9.552,28.118,18.70794696199701,0.0,3.0,,heuristic,gp,100,25
3.15,9.28,26.835,18.148889694129704,0.0,3.0,,heuristic,gp,100,26
3.43,9.472,29.743000000000002,22.22351564595129,0.0,3.0,,heuristic,gp,100,27
2.26,9.792,20.426000000000005,9.636933932400046,0.0,2.0,,heuristic,gp,100,28
2.19,9.44,18.371000000000006,8.67201696766769,0.0,2.0,,heuristic,gp,100,29
1.32,8.832,9.580000000000002,4.556004063874128,0.0,1.0,,heuristic,gp,100,30
2.21,9.84,19.525000000000006,8.882420084873347,0.0,2.0,,heuristic,gp,100,31
2.69,9.408000000000001,22.965000000000003,13.998980716074065,0.0,2.0,,heuristic,gp,100,32
3.78,9.776,34.33800000000001,26.6712088003462,0.0,3.0,,heuristic,gp,100,33
2.7,9.76,23.878,13.925882482929312,0.0,2.0,,heuristic,gp,100,34
3.21,9.504000000000001,27.833000000000002,19.11698776408322,0.0,3.0,,heuristic,gp,100,35
3.32,9.776,29.924,20.6169966575718,0.0,3.0,,heuristic,gp,100,36
2.65,9.408,22.305000000000003,13.541920146031522,0.0,2.0,,heuristic,gp,100,37
3.16,9.648000000000001,28.308000000000003,18.169462298923857,0.0,3.0,,heuristic,gp,100,38
3.18,9.856,29.285999999999998,18.714814453042724,0.0,3.0,,heuristic,gp,100,39
3.41,9.52,30.205000000000005,21.667619538705978,0.0,3.0,,heuristic,gp,100,40
3.46,9.36,30.274000000000004,22.637804921088996,0.0,3.0,,heuristic,gp,100,41
3.32,9.552,29.076000000000004,20.202200567550832,0.0,3.0,,heuristic,gp,100,42
3.09,8.304,23.45300000000001,17.185909460659285,0.0,3.0,,heuristic,gp,100,43
3.2,9.344000000000001,27.64,18.81870101934865,0.0,3.0,,heuristic,gp,100,44
3.18,9.632,28.197999999999997,18.484799873525127,0.0,3.0,,heuristic,gp,100,45
2.44,9.408,20.460000000000008,11.642321388451633,0.0,2.0,,heuristic,gp,100,46
3.23,9.808,29.275,19.245924810186896,0.0,3.0,,heuristic,gp,100,47
3.24,9.664,28.924000000000007,19.353284261444486,0.0,3.0,,heuristic,gp,100,48
3.31,9.632,29.331000000000003,20.271243797886488,0.0,3.0,,heuristic,gp,100,49
3.33,9.568000000000001,29.653000000000002,20.78264945888641,0.0,3.0,,heuristic,gp,100,50
3.27,9.824,29.807000000000002,19.766051362119185,0.0,3.0,,heuristic,gp,100,51
3.61,9.52,31.841000000000005,24.57485089682389,0.0,3.0,,heuristic,gp,100,52
3.12,9.712,28.143999999999995,17.95711052308301,0.0,3.0,,heuristic,gp,100,53
3.34,9.824,30.39,20.902017194111394,0.0,3.0,,heuristic,gp,100,54
2.37,9.344,20.213000000000008,11.162880235969073,0.0,2.0,,heuristic,gp,100,55
3.18,9.392000000000001,27.302,18.693597951963284,0.0,3.0,,heuristic,gp,100,56
2.42,9.248,20.10600000000001,11.548910396592786,0.0,2.0,,heuristic,gp,100,57
3.3,9.776,30.226000000000003,20.34107665801444,0.0,3.0,,heuristic,gp,100,58
3.14,9.632,27.874000000000006,18.048972304991786,0.0,2.7,,heuristic,gp,100,59
3.0,8.607999999999999,24.18,18.57384271081966,0.0,2.0,,heuristic,gp,100,60
3.22,9.616,28.61799999999999,19.30516372526275,0.0,2.4,,heuristic,gp,100,61
3.49,9.728,31.477000000000004,23.025600300284733,0.0,3.0,,heuristic,gp,100,62
3.21,9.824,29.048999999999996,18.87483913525598,0.0,3.0,,heuristic,gp,100,63
3.35,9.568,29.895,20.845011169554162,0.0,3.0,,heuristic,gp,100,64
3.14,9.696,28.082000000000008,18.135418025853333,0.0,2.8,,heuristic,gp,100,65
3.34,9.648,29.958000000000002,20.725643434329182,0.0,3.0,,heuristic,gp,100,66
3.37,9.536,29.833000000000002,20.86087637750325,0.0,3.0,,heuristic,gp,100,67
3.61,9.792,33.249,24.395091964055073,0.0,3.0,,heuristic,gp,100,68
3.32,9.584,29.348000000000003,20.44821209690741,0.0,3.0,,heuristic,gp,100,69
2.3,9.536,19.774000000000004,10.126743446270659,0.0,2.0,,heuristic,gp,100,70
2.81,9.04,22.961000000000002,15.04700207852987,0.0,2.0,,heuristic,gp,100,71
3.28,9.68,29.44,20.09606963924861,0.0,3.0,,heuristic,gp,100,72
2.31,9.68,20.191000000000006,10.209131176049285,0.0,2.0,,heuristic,gp,100,73
2.64,9.664000000000001,23.28,13.26984355829992,0.0,2.0,,heuristic,gp,100,74
2.89,9.584000000000001,25.928999999999995,16.34900129430691,0.0,2.0,,heuristic,gp,100,75
3.29,9.536,28.849,20.239687387880455,0.0,3.0,,heuristic,gp,100,76
3.3,9.568000000000001,29.314,20.363707653427067,0.0,3.0,,heuristic,gp,100,77
3.22,9.232000000000001,27.497999999999998,19.24625650268133,0.0,3.0,,heuristic,gp,100,78
2.54,9.392000000000001,21.606000000000005,12.915680907244456,0.0,2.0,,heuristic,gp,100,79
2.33,9.264000000000001,19.44100000000001,10.463726994397382,0.0,2.0,,heuristic,gp,100,80
2.23,9.392000000000001,18.791000000000007,9.329465371161426,0.0,2.0,,heuristic,gp,100,81
3.98,9.328000000000001,34.326,29.495164551870822,0.0,3.0,,heuristic,gp,100,82
2.29,9.52,19.581000000000007,9.997582387802366,0.0,2.0,,heuristic,gp,100,83
3.47,9.696,30.931000000000004,22.747476176601886,0.0,3.0,,heuristic,gp,100,84
3.26,9.6,29.07,19.80801559038161,0.0,3.0,,heuristic,gp,100,85
2.8,9.472000000000001,24.368000000000002,15.57981869628375,0.0,2.0,,heuristic,gp,100,86
3.38,9.392,29.37,21.41466222705568,0.0,3.0,,heuristic,gp,100,87
3.06,9.455999999999998,27.002,17.457138588459777,0.0,2.2,,heuristic,gp,100,88
3.29,9.76,29.617000000000004,19.952276768227946,0.0,3.0,,heuristic,gp,100,89
2.21,9.392000000000001,18.69300000000001,8.972006998192125,0.0,2.0,,heuristic,gp,100,90
3.33,9.712,30.053,20.8378124530848,0.0,3.0,,heuristic,gp,100,91
3.15,9.696,28.243000000000002,18.15680759746814,0.0,3.0,,heuristic,gp,100,92
3.16,9.648,28.291999999999994,18.940096652081653,0.0,2.3,,heuristic,gp,100,93
3.13,9.632,27.713,18.099001573590808,0.0,3.0,,heuristic,gp,100,94
2.25,9.632,19.193000000000005,9.383801498360922,0.0,2.0,,heuristic,gp,100,95
3.36,9.504,29.32,21.142605128027657,0.0,3.0,,heuristic,gp,100,96
3.38,9.808,30.666000000000004,21.25474475790146,0.0,3.0,,heuristic,gp,100,97
3.3,9.424,28.37,20.270160996047732,0.0,3.0,,heuristic,gp,100,98
3.31,9.36,28.771000000000004,20.45157730172926,0.0,3.0,,heuristic,gp,100,99
1.75,10.0,15.975,6.883271744214959,0.0,1.85,,bayesian,passive,100,0
1.45,10.0,13.064999999999996,5.001616124946836,0.0,1.95,,bayesian,passive,100,1
1.61,10.0,14.617,6.7143626609068985,0.0,1.95,,bayesian,passive,100,2
1.89,10.0,17.333000000000002,8.263415676120633,0.0,1.75,,bayesian,passive,100,3
1.2,10.0,10.64,3.9213184057486528,0.0,2.2,,bayesian,passive,100,4
1.9,10.0,17.43,8.313411932684943,0.0,1.95,,bayesian,passive,100,5
1.45,10.0,13.065000000000003,4.182312925485489,0.0,1.35,,bayesian,passive,100,6
1.44,10.0,12.967999999999996,4.619284304458162,0.0,1.3,,bayesian,passive,100,7
1.37,10.0,12.289000000000003,4.642183820406233,0.0,1.65,,bayesian,passive,100,8
1.31,10.0,11.707,3.551699669737492,0.0,1.25,,bayesian,passive,100,9
1.68,10.0,15.295999999999998,6.492762552763339,0.0,2.05,,bayesian,passive,100,10
2.11,10.0,19.467,9.748530874885342,0.0,2.25,,bayesian,passive,100,11
2.0,10.0,18.400000000000002,9.195063358810527,0.0,2.4,,bayesian,passive,100,12
1.71,10.0,15.586999999999998,6.623272248088487,0.0,1.9,,bayesian,passive,100,13
1.08,10.0,9.476,3.0875795345203754,0.0,1.25,,bayesian,passive,100,14
1.29,10.0,11.513000000000002,3.883896380273125,0.0,1.5,,bayesian,passive,100,15
1.51,10.0,13.646999999999997,5.395894060129104,0.0,2.05,,bayesian,passive,100,16
1.36,10.0,12.192,4.320978449475575,0.0,1.25,,bayesian,passive,100,17
1.6,10.0,14.52,5.854860677071595,0.0,1.7,,bayesian,passive,100,18
1.6,10.0,14.52,6.2104642207894605,0.0,2.5,,bayesian,passive,100,19
1.98,10.0,18.206000000000003,9.469140014077364,0.0,2.25,,bayesian,passive,100,20
1.2,10.0,10.640000000000002,3.1994082256538,0.0,1.2,,bayesian,passive,100,21
1.68,10.0,15.296000000000001,6.183458990782184,0.0,1.9,,bayesian,passive,100,22
1.74,10.0,15.878,6.779886952665007,0.0,1.65,,bayesian,passive,100,23
1.08,10.0,9.476,2.52185636971793,0.0,1.0,,bayesian,passive,100,24
2.15,10.0,19.855,10.12392639669056,0.0,2.25,,bayesian,passive,100,25
1.39,10.0,12.482999999999999,4.495997205007344,0.0,1.7,,bayesian,passive,100,26
1.92,10.0,17.624000000000002,8.3510353673458,0.0,1.9,,bayesian,passive,100,27
1.64,10.0,14.908,5.858819536278191,0.0,1.95,,bayesian,passive,100,28
2.22,10.0,20.534000000000002,10.355787970588795,0.0,2.4,,bayesian,passive,100,29
1.22,10.0,10.834000000000001,4.388293996503471,0.0,1.6,,bayesian,passive,100,30
1.75,10.0,15.975,7.333219917437247,0.0,1.8,,bayesian,passive,100,31
1.52,10.0,13.743999999999998,5.58138028426681,0.0,1.75,,bayesian,passive,100,32
1.34,10.0,11.998000000000001,4.715819635085187,0.0,1.05,,bayesian,passive,100,33
1.53,10.0,13.841000000000001,5.001052874519492,0.0,2.1,,bayesian,passive,100,34
1.75,10.0,15.975,6.031215483764637,0.0,1.7,,bayesian,passive,100,35
1.44,10.0,12.968000000000002,5.0989914832103524,0.0,1.9,,bayesian,passive,100,36
1.72,10.0,15.684000000000001,6.629199945957505,0.0,2.1,,bayesian,passive,100,37
0.95,10.0,8.215,2.22420448411824,0.0,1.05,,bayesian,passive,100,38
1.55,10.0,14.035000000000004,6.190339690012159,0.0,1.85,,bayesian,passive,100,39
1.45,10.0,13.065000000000003,4.576515492643936,0.0,1.65,,bayesian,passive,100,40
1.05,10.0,9.185,2.3850996672981823,0.0,1.15,,bayesian,passive,100,41
1.43,10.0,12.871000000000002,5.166206791300973,0.0,1.8,,bayesian,passive,100,42
1.88,10.0,17.236,8.645143524263144,0.0,1.9,,bayesian,passive,100,43
1.76,10.0,16.072000000000003,7.028704993710558,0.0,1.9,,bayesian,passive,100,44
0.88,10.0,7.536000000000001,2.2529499625179166,0.0,1.65,,bayesian,passive,100,45
1.62,10.0,14.714,5.847638081197269,0.0,1.7,,bayesian,passive,100,46
1.8,10.0,16.46,7.302251410584765,0.0,1.85,,bayesian,passive,100,47
1.2,10.0,10.64,3.5835133065695817,0.0,1.7,,bayesian,passive,100,48
1.56,10.0,14.132000000000003,5.372311619985776,0.0,2.15,,bayesian,passive,100,49
1.63,10.0,14.810999999999996,6.266172397179983,0.0,2.05,,bayesian,passive,100,50
1.74,10.0,15.878,6.993077042353243,0.0,1.85,,bayesian,passive,100,51
1.72,10.0,15.684,6.394360932582412,0.0,1.95,,bayesian,passive,100,52
1.44,10.0,12.968000000000002,4.320078228719671,0.0,1.9,,bayesian,passive,100,53
2.02,10.0,18.594,9.330079812837875,0.0,2.15,,bayesian,passive,100,54
1.55,10.0,14.034999999999998,5.8175895636710315,0.0,2.15,,bayesian,passive,100,55
1.6,10.0,14.520000000000005,5.370966048842782,0.0,2.1,,bayesian,passive,100,56
1.55,10.0,14.034999999999998,5.958950111142133,0.0,1.9,,bayesian,passive,100,57
1.62,10.0,14.714,6.046338673392757,0.0,1.9,,bayesian,passive,100,58
1.91,10.0,17.527,8.716780271813278,0.0,2.0,,bayesian,passive,100,59
1.86,10.0,17.042,8.296221044317589,0.0,2.15,,bayesian,passive,100,60
1.14,10.0,10.058,2.9363292773855307,0.0,1.25,,bayesian,passive,100,61
0.96,10.0,8.312000000000001,2.236042218753304,0.0,1.2,,bayesian,passive,100,62
2.13,10.0,19.661,10.359404028516819,0.0,2.65,,bayesian,passive,100,63
1.79,10.0,16.363,7.952075908917115,0.0,1.9,,bayesian,passive,100,64
2.41,10.0,22.377000000000002,12.896529926321623,0.0,2.35,,bayesian,passive,100,65
1.65,10.0,15.005,5.8807547571559216,0.0,1.7,,bayesian,passive,100,66
1.74,10.0,15.878,7.355328637808708,0.0,2.2,,bayesian,passive,100,67
1.35,10.0,12.095000000000002,4.025605191782169,0.0,1.6,,bayesian,passive,100,68
1.33,10.0,11.901000000000002,3.8262216753914218,0.0,1.55,,bayesian,passive,100,69
1.6,10.0,14.520000000000003,6.5448198854634665,0.0,1.9,,bayesian,passive,100,70
1.78,10.0,16.266000000000002,7.7240761078763285,0.0,2.2,,bayesian,passive,100,71
1.99,10.0,18.302999999999997,8.819394467594112,0.0,2.05,,bayesian,passive,100,72
1.84,10.0,16.848,8.32974513231283,0.0,2.25,,bayesian,passive,100,73
1.24,10.0,11.028000000000002,3.2426400489580955,0.0,1.25,,bayesian,passive,100,74
1.29,10.0,11.513,3.6675297520939436,0.0,2.1,,bayesian,passive,100,75
1.5,10.0,13.550000000000002,5.052498233409571,0.0,1.75,,bayesian,passive,100,76
1.47,10.0,13.258999999999999,5.093846106056983,0.0,1.25,,bayesian,passive,100,77
1.07,10.0,9.379,2.9424832553533355,0.0,1.6,,bayesian,passive,100,78
2.27,10.0,21.018999999999995,11.583658458590305,0.0,2.45,,bayesian,passive,100,79
1.79,10.0,16.363000000000003,6.705817081308348,0.0,1.95,,bayesian,passive,100,80
2.01,10.0,18.497,9.21011458821278,0.0,2.05,,bayesian,passive,100,81
1.79,10.0,16.363,7.472910262266943,0.0,2.65,,bayesian,passive,100,82
1.86,10.0,17.042,7.848865881911374,0.0,2.05,,bayesian,passive,100,83
1.35,10.0,12.095000000000002,4.250009748586039,0.0,1.5,,bayesian,passive,100,84
1.61,10.0,14.617000000000003,6.339954021590789,0.0,1.9,,bayesian,passive,100,85
1.41,10.0,12.677000000000003,4.621317217435024,0.0,1.6,,bayesian,passive,100,86
1.67,10.0,15.198999999999996,6.859725468694467,0.0,2.1,,bayesian,passive,100,87
1.74,10.0,15.878,7.17688709241299,0.0,2.05,,bayesian,passive,100,88
1.48,10.0,13.356000000000002,5.332484925442455,0.0,1.75,,bayesian,passive,100,89
1.63,10.0,14.811000000000002,5.7947717831403756,0.0,1.7,,bayesian,passive,100,90
1.18,10.0,10.446,3.561897394917434,0.0,1.5,,bayesian,passive,100,91
2.55,10.0,23.735,13.723619149854436,0.0,2.4,,bayesian,passive,100,92
1.46,10.0,13.162,4.616854764476915,0.0,1.95,,bayesian,passive,100,93
1.77,10.0,16.168999999999997,7.248939762140781,0.0,1.9,,bayesian,passive,100,94
0.95,10.0,8.215000000000002,2.5620095832973124,0.0,1.3,,bayesian,passive,100,95
1.51,10.0,13.647,5.606884104740342,0.0,1.65,,bayesian,passive,100,96
2.02,10.0,18.593999999999998,8.909450143634155,0.0,2.35,,bayesian,passive,100,97
2.12,10.0,19.564000000000004,9.985314698426292,0.0,1.9,,bayesian,passive,100,98
1.03,10.0,8.991,3.3181050572573385,0.0,1.5,,bayesian,passive,100,99
4.47,2.7085194202898553,7.451070260869567,36.82905128758837,0.0,5.6,,bayesian,regression,100,0
4.05,3.251208836960832,8.430814553840797,31.091416845424863,0.0,4.6,,bayesian,regression,100,1
4.24,3.573515790162354,10.157067654908822,34.09763200663079,0.0,4.75,,bayesian,regression,100,2
2.05,9.905999999999999,18.7722,9.586964061219525,0.0,2.05,,bayesian,regression,100,3
3.74,2.7246399999999995,5.551279999999999,28.667979549737087,0.0,4.05,,bayesian,regression,100,4
2.02,9.937999999999999,18.5288,9.211453791962182,0.0,2.25,,bayesian,regression,100,5
1.47,9.929748067796611,13.201179254237285,5.039239559607693,0.0,1.45,,bayesian,regression,100,6
4.07,3.202945960884615,8.147295296568828,32.29966460327867,0.0,3.95,,bayesian,regression,100,7
4.07,2.757353915528679,6.192379398672358,32.633193637445444,0.0,4.45,,bayesian,regression,100,8
3.83,2.9842630896582785,7.083857411531147,29.33255529157179,0.0,4.3,,bayesian,regression,100,9
3.69,2.63958290030546,5.508552901527301,27.887536488339318,0.0,4.5,,bayesian,regression,100,10
4.07,3.5050274101726053,8.48700394623544,32.16687389728639,0.0,4.85,,bayesian,regression,100,11
4.03,2.803624451847504,7.132938354103734,32.29118154958335,0.0,3.85,,bayesian,regression,100,12
4.16,2.664570891939971,6.583062459699854,33.95990518451697,0.0,4.0,,bayesian,regression,100,13
4.02,2.6702986179197694,6.213018471679079,31.875052867239692,0.0,4.35,,bayesian,regression,100,14
3.98,2.965398578423875,7.09145522694809,31.502417955421482,0.0,4.75,,bayesian,regression,100,15
4.08,2.7376,6.3644,32.792291151505175,0.0,4.7,,bayesian,regression,100,16
4.32,3.195880354923915,9.185409950273085,34.99585885036267,0.0,4.45,,bayesian,regression,100,17
4.16,3.3759685950793816,8.215617391891156,33.45548272430889,0.0,4.7,,bayesian,regression,100,18
3.99,2.707253904784538,6.137096387681005,31.306214659397938,0.0,4.5,,bayesian,regression,100,19
4.12,3.533480174429176,9.10394921430782,32.51581229328545,0.0,4.05,,bayesian,regression,100,20
3.95,3.185124811303277,8.387801613334968,30.40863927449685,0.0,4.35,,bayesian,regression,100,21
4.16,3.5782563348329695,10.35254440735704,33.425518931689076,0.0,3.8,,bayesian,regression,100,22
3.9,3.289746790297072,7.254506652954002,31.156448593135472,0.0,4.05,,bayesian,regression,100,23
4.12,2.7253088,6.5314176,32.702676241620544,0.0,4.15,,bayesian,regression,100,24
1.97,9.937856,18.028056000000003,9.457262822573965,0.0,2.35,,bayesian,regression,100,25
1.98,9.88175082752,18.07255511552,8.694360752357305,0.0,2.4,,bayesian,regression,100,26
4.24,2.6614101555895497,7.276310915531354,33.20179319537354,0.0,4.4,,bayesian,regression,100,27
4.05,2.76458909207371,6.451359610447295,32.60534056958931,0.0,4.35,,bayesian,regression,100,28
2.49,9.9260704,22.993723199999994,12.83117652825872,0.0,2.4,,bayesian,regression,100,29
3.86,3.5783510974912356,8.575418633945429,30.344569703767544,0.0,4.6,,bayesian,regression,100,30
3.78,2.81364865928014,6.4002321362650765,28.55194308433285,0.0,4.7,,bayesian,regression,100,31
4.08,2.6805442542840603,6.454826229342013,32.14095664890102,0.0,3.8,,bayesian,regression,100,32
4.15,2.678653299702446,6.37074557917293,34.02734955748987,0.0,4.9,,bayesian,regression,100,33
3.89,2.8586957890327347,6.715710853936583,30.09996559024665,0.0,3.95,,bayesian,regression,100,34
4.15,3.0806157574725024,7.878900999311446,32.72123114956262,0.0,4.75,,bayesian,regression,100,35
3.91,2.8372665300771573,6.5170838909894995,30.60972192018895,0.0,4.05,,bayesian,regression,100,36
4.15,3.097675657171476,7.719378524984401,33.16500620278294,0.0,4.3,,bayesian,regression,100,37
3.92,3.2373550638696384,8.013958990073078,31.00456980182227,0.0,4.4,,bayesian,regression,100,38
3.95,2.9048789271455395,6.885588700990439,31.091089890301227,0.0,4.4,,bayesian,regression,100,39
1.45,9.891696000000001,13.000136000000005,4.576515492643936,0.0,1.65,,bayesian,regression,100,40
3.98,2.834199337371166,6.236046646616561,31.75792694924239,0.0,5.15,,bayesian,regression,100,41
3.66,2.69024,5.418399999999998,28.061581462911715,0.0,4.15,,bayesian,regression,100,42
1.69,9.9132,15.321800000000001,6.443746733854511,0.0,1.75,,bayesian,regression,100,43
3.89,2.97664129727494,7.127864921042479,29.64132453611184,0.0,3.55,,bayesian,regression,100,44
4.0,2.7474093882893555,6.031639124036004,31.930463286136877,0.0,4.2,,bayesian,regression,100,45
4.33,3.079349197106073,8.691406467858558,34.660112814793564,0.0,4.75,,bayesian,regression,100,46
3.78,2.929476571214209,6.624249633374434,29.213900298382264,0.0,4.2,,bayesian,regression,100,47
3.89,2.887309264990603,6.55089793224255,30.496492383041673,0.0,4.1,,bayesian,regression,100,48
3.24,3.00248697563727,5.794546686918063,21.120731945664282,0.0,3.5,,bayesian,regression,100,49
4.34,2.9051119689066827,7.734284889374594,34.770919206290415,0.0,4.65,,bayesian,regression,100,50
4.3,2.6635085237033804,7.320083320521719,34.681920854447505,0.0,4.5,,bayesian,regression,100,51
4.07,2.99116176339875,7.32256955016101,32.75191242280387,0.0,4.35,,bayesian,regression,100,52
4.06,3.220794783835436,8.046418545883096,31.988695627593312,0.0,4.25,,bayesian,regression,100,53
3.94,2.687022297822179,6.468220429722814,30.725518523439906,0.0,4.25,,bayesian,regression,100,54
4.03,3.2476382403014994,8.257488049576127,31.98920497485481,0.0,4.3,,bayesian,regression,100,55
3.63,2.78314848870237,5.910583599796476,26.576472102224717,0.0,3.75,,bayesian,regression,100,56
4.0,2.958856854553504,6.55895705804089,31.73542911160119,0.0,4.45,,bayesian,regression,100,57
4.28,3.1401400670829718,8.485265845460448,34.81389894727169,0.0,4.35,,bayesian,regression,100,58
2.08,9.929488,19.096176000000003,10.162769361332904,0.0,2.0,,bayesian,regression,100,59
4.01,2.746271934120136,6.568087736480542,31.757907449363607,0.0,4.1,,bayesian,regression,100,60
3.75,2.69964945786802,5.749020373604061,28.706393070085827,0.0,4.45,,bayesian,regression,100,61
3.63,3.036897943342629,5.9122141931500956,27.876769422249048,0.0,4.3,,bayesian,regression,100,62
1.77,9.897539572440598,16.03509012874523,7.3647368324625235,0.0,2.1,,bayesian,regression,100,63
4.14,3.6388051159859423,9.995814407737585,33.587986042335636,0.0,4.75,,bayesian,regression,100,64
3.99,2.99277265384705,7.415404049173207,30.54198580681315,0.0,4.15,,bayesian,regression,100,65
3.93,2.82664484580664,6.173210589191277,31.397623709665627,0.0,4.25,,bayesian,regression,100,66
4.29,2.5913747334647503,7.114673667323749,34.8155668552417,0.0,4.55,,bayesian,regression,100,67
3.89,3.205012249635154,7.97723779308026,30.66241261533224,0.0,4.2,,bayesian,regression,100,68
3.9,3.187061640568366,7.717732782702552,29.471955960090852,0.0,4.1,,bayesian,regression,100,69
1.72,9.9424,15.632,6.538454978328611,0.0,1.9,,bayesian,regression,100,70
3.91,3.040689233206913,7.051101408297169,30.82568081607357,0.0,4.4,,bayesian,regression,100,71
4.31,2.942035801237622,8.162271393199548,34.48423076178081,0.0,4.5,,bayesian,regression,100,72
3.95,2.780744746250521,6.854821763624765,31.25144121142765,0.0,4.45,,bayesian,regression,100,73
3.89,2.66300495443807,6.019115817752278,30.96563170463327,0.0,3.65,,bayesian,regression,100,74
4.06,3.036376117106105,7.740188602738759,32.476858318155365,0.0,4.15,,bayesian,regression,100,75
4.23,3.000587279151284,7.7969050090743925,34.55094126751402,0.0,4.35,,bayesian,regression,100,76
3.83,2.760164234701142,6.36846925696021,29.240731408685907,0.0,4.25,,bayesian,regression,100,77
3.82,3.001200709906251,6.452692626390451,29.917425127143673,0.0,3.85,,bayesian,regression,100,78
4.34,3.4050525449616473,9.657960852053456,34.19482007459307,0.0,5.05,,bayesian,regression,100,79
3.85,2.9342044814492,6.811764899894063,30.153566183286422,0.0,4.1,,bayesian,regression,100,80
1.81,9.921500895174454,16.45180979034891,7.591166300779367,0.0,1.95,,bayesian,regression,100,81
4.08,3.248457900749918,8.093732111855909,32.37888659937882,0.0,4.55,,bayesian,regression,100,82
4.13,3.325227303278772,9.194849890182839,31.811967232332073,0.0,4.15,,bayesian,regression,100,83
4.15,2.9507878739251137,7.079449680042228,33.51667046461302,0.0,4.35,,bayesian,regression,100,84
4.0,3.135957913704138,7.586227823712806,31.95854886304471,0.0,4.65,,bayesian,regression,100,85
3.92,2.715233233606574,6.346388934426292,30.825762551490996,0.0,4.65,,bayesian,regression,100,86
4.2,3.2146391830964003,9.26390616726851,34.062627983394,0.0,4.7,,bayesian,regression,100,87
4.17,3.221748356231534,8.810669530415469,33.5533651351625,0.0,4.95,,bayesian,regression,100,88
4.0,2.8000671919347155,6.72740812231491,31.718960399591925,0.0,4.85,,bayesian,regression,100,89
3.97,2.8084965458727744,6.41315375503308,30.937670155145906,0.0,3.9,,bayesian,regression,100,90
3.97,2.6715982821727717,6.032745010863858,31.61707642202427,0.0,4.3,,bayesian,regression,100,91
4.27,3.228031362040332,9.280740577956946,34.29251699231485,0.0,4.65,,bayesian,regression,100,92
1.69,9.93432,15.320839999999999,5.968495640666838,0.0,1.95,,bayesian,regression,100,93
3.91,3.046468594045347,7.35712250857095,30.813608534016588,0.0,4.35,,bayesian,regression,100,94
3.77,3.1053735911944313,6.189686620486445,29.85045492725432,0.0,4.15,,bayesian,regression,100,95
3.83,2.69336,5.76836,29.828815867912066,0.0,4.25,,bayesian,regression,100,96
3.96,3.0964904492321623,7.685833267410614,29.83044071053002,0.0,4.15,,bayesian,regression,100,97
4.34,3.472128867174867,9.095952089683571,35.409735153484114,0.0,5.5,,bayesian,regression,100,98
3.78,2.631808,5.554383999999999,29.428972457514504,0.0,3.65,,bayesian,regression,100,99
3.86,2.8,6.501999999999999,29.88554553478428,0.0,4.4,,bayesian,q_learning,100,0
3.75,3.16,6.5150000000000015,29.647204624816062,0.0,3.0,,bayesian,q_learning,100,1
4.21,2.66,7.257000000000001,33.88664393764817,0.0,4.2,,bayesian,q_learning,100,2
4.12,2.64,6.684,32.84310644019759,0.0,3.6,,bayesian,q_learning,100,3
3.72,3.14,7.1240000000000006,27.86138494372211,0.0,4.0,,bayesian,q_learning,100,4
3.61,3.94,7.936999999999999,27.280522104622307,0.0,3.7,,bayesian,q_learning,100,5
3.73,3.12,6.281000000000001,29.041528065986473,0.0,4.7,,bayesian,q_learning,100,6
3.35,4.2,8.595,24.302144119877457,0.0,3.25,,bayesian,q_learning,100,7
3.0,3.34,5.379999999999999,19.498019665324993,0.0,2.8,,bayesian,q_learning,100,8
3.69,2.86,5.9929999999999986,27.877006804805696,0.0,4.1,,bayesian,q_learning,100,9
3.29,3.64,6.492999999999999,23.795510358995408,0.0,3.8,,bayesian,q_learning,100,10
4.2,3.12,8.159999999999998,33.97481134222851,0.0,4.45,,bayesian,q_learning,100,11
3.72,3.32,7.263999999999999,28.917248866150977,0.0,3.8,,bayesian,q_learning,100,12
3.71,3.34,7.186999999999999,28.506510767212934,0.0,3.35,,bayesian,q_learning,100,13
3.57,3.3,6.4689999999999985,27.84753235089142,0.0,4.5,,bayesian,q_learning,100,14
3.06,3.18,6.321999999999998,19.1804644444823,0.0,3.55,,bayesian,q_learning,100,15
3.7,3.7,7.53,29.161018108930307,0.0,3.75,,bayesian,q_learning,100,16
3.68,3.48,7.176,27.924189636713027,0.0,4.2,,bayesian,q_learning,100,17
3.54,3.04,7.018000000000001,24.871443140542993,0.0,4.1,,bayesian,q_learning,100,18
3.84,2.76,6.868000000000002,30.211705759044932,0.0,4.15,,bayesian,q_learning,100,19
3.25,3.78,6.784999999999999,23.206006518447886,0.0,2.95,,bayesian,q_learning,100,20
3.5,3.18,6.57,26.2203951587723,0.0,3.65,,bayesian,q_learning,100,21
3.71,3.38,7.207000000000001,28.49756306917243,0.0,3.95,,bayesian,q_learning,100,22
3.77,3.08,6.809,29.256373213305075,0.0,3.7,,bayesian,q_learning,100,23
3.44,3.08,6.047999999999999,25.373151813153637,0.0,3.3,,bayesian,q_learning,100,24
3.56,3.86,8.672,26.271549713679846,0.0,3.15,,bayesian,q_learning,100,25
3.34,3.36,6.137999999999998,24.646554992245047,0.0,3.45,,bayesian,q_learning,100,26
3.52,2.94,5.964000000000001,26.071841621404584,0.0,3.75,,bayesian,q_learning,100,27
3.09,3.44,5.772999999999999,21.802222495091943,0.0,3.55,,bayesian,q_learning,100,28
3.67,4.12,10.179,27.99352460866676,0.0,3.55,,bayesian,q_learning,100,29
3.76,3.16,6.5520000000000005,29.211294193193417,0.0,3.65,,bayesian,q_learning,100,30
3.55,3.02,6.675000000000001,25.830566878990084,0.0,3.75,,bayesian,q_learning,100,31
3.37,3.56,6.849000000000001,24.17157063238341,0.0,3.0,,bayesian,q_learning,100,32
3.33,3.22,6.340999999999999,23.59306604481529,0.0,3.65,,bayesian,q_learning,100,33
3.18,3.18,4.786,23.782454777211,0.0,3.15,,bayesian,q_learning,100,34
3.73,3.54,7.601,28.608397733054414,0.0,3.75,,bayesian,q_learning,100,35
3.32,3.18,6.163999999999999,23.682008125428414,0.0,2.85,,bayesian,q_learning,100,36
3.32,3.1,5.543999999999999,23.985606212416997,0.0,3.15,,bayesian,q_learning,100,37
3.44,3.58,8.107999999999999,24.65208265933147,0.0,3.55,,bayesian,q_learning,100,38
3.05,3.78,6.245000000000001,21.269086592770915,0.0,3.25,,bayesian,q_learning,100,39
3.45,3.12,5.485,25.996123456983383,0.0,3.6,,bayesian,q_learning,100,40
3.73,3.08,6.081,29.12829010779978,0.0,3.75,,bayesian,q_learning,100,41
3.51,3.36,6.447,26.952653744480834,0.0,3.05,,bayesian,q_learning,100,42
4.1,2.76,7.83,32.117955896441565,0.0,3.95,,bayesian,q_learning,100,43
2.98,4.54,7.6060000000000025,20.4631255257522,0.0,2.8,,bayesian,q_learning,100,44
3.34,3.46,5.518,25.046621489762064,0.0,3.9,,bayesian,q_learning,100,45
3.83,3.18,6.271,30.871521454742496,0.0,4.0,,bayesian,q_learning,100,46
3.17,4.88,10.789000000000001,21.582655999853955,0.0,3.35,,bayesian,q_learning,100,47
3.15,3.6,5.6549999999999985,22.954597312519017,0.0,4.0,,bayesian,q_learning,100,48
4.03,2.4,6.351000000000002,31.615206523986636,0.0,4.0,,bayesian,q_learning,100,49
3.81,3.16,6.717,30.071288147378645,0.0,4.3,,bayesian,q_learning,100,50
3.37,3.04,5.189,25.100553622157165,0.0,3.9,,bayesian,q_learning,100,51
3.02,3.68,6.053999999999999,21.03818729024197,0.0,2.8,,bayesian,q_learning,100,52
3.41,3.74,5.9769999999999985,26.77604855175241,0.0,3.65,,bayesian,q_learning,100,53
3.41,3.42,6.916999999999998,24.588396698673822,0.0,4.1,,bayesian,q_learning,100,54
3.63,2.96,6.451000000000001,27.15630742151359,0.0,3.75,,bayesian,q_learning,100,55
3.56,3.06,6.631999999999998,26.604261781025954,0.0,3.45,,bayesian,q_learning,100,56
3.68,3.22,7.396,27.860499091823684,0.0,4.05,,bayesian,q_learning,100,57
4.18,2.88,6.825999999999999,33.92231367233135,0.0,4.7,,bayesian,q_learning,100,58
3.9,3.02,6.57,29.80169190177242,0.0,3.85,,bayesian,q_learning,100,59
3.28,3.56,7.315999999999999,23.51807603329982,0.0,3.8,,bayesian,q_learning,100,60
3.75,2.98,6.215,28.950440376797815,0.0,4.05,,bayesian,q_learning,100,61
3.59,3.04,6.383000000000001,27.28949043142866,0.0,3.4,,bayesian,q_learning,100,62
3.8,3.02,6.499999999999999,29.483453490875217,0.0,4.55,,bayesian,q_learning,100,63
3.81,3.32,7.736999999999999,29.48392792860284,0.0,4.4,,bayesian,q_learning,100,64
3.47,4.0,7.698999999999999,25.932809102799286,0.0,3.4,,bayesian,q_learning,100,65
2.78,3.58,6.246000000000001,16.53158160163019,0.0,3.1,,bayesian,q_learning,100,66
3.68,4.1,9.335999999999999,27.93364213589575,0.0,3.65,,bayesian,q_learning,100,67
3.44,3.4,7.188,25.56719987502749,0.0,3.95,,bayesian,q_learning,100,68
3.49,3.14,5.433000000000001,27.04942787585408,0.0,3.3,,bayesian,q_learning,100,69
3.86,3.3,8.142,29.88336595188005,0.0,4.65,,bayesian,q_learning,100,70
3.25,3.04,5.684999999999999,22.878193795872317,0.0,4.15,,bayesian,q_learning,100,71
3.61,3.52,7.7570000000000014,27.730470277844592,0.0,3.8,,bayesian,q_learning,100,72
3.56,3.64,7.831999999999999,26.726230760325226,0.0,3.3,,bayesian,q_learning,100,73
3.31,3.38,5.6469999999999985,25.01099652667858,0.0,3.55,,bayesian,q_learning,100,74
3.19,3.3,6.182999999999998,21.534764972030448,0.0,3.7,,bayesian,q_learning,100,75
3.64,2.98,6.827999999999999,27.535862131585503,0.0,3.65,,bayesian,q_learning,100,76
3.85,3.36,7.605,30.582074298960244,0.0,3.95,,bayesian,q_learning,100,77
3.48,3.3,6.556000000000001,26.452266291979864,0.0,4.05,,bayesian,q_learning,100,78
4.13,2.82,6.901,33.2194929223252,0.0,4.5,,bayesian,q_learning,100,79
3.36,3.62,6.491999999999999,24.971766496619956,0.0,3.45,,bayesian,q_learning,100,80
3.18,4.04,6.985999999999999,24.03126384104469,0.0,3.4,,bayesian,q_learning,100,81
3.68,2.82,5.955999999999998,28.369813983834298,0.0,3.8,,bayesian,q_learning,100,82
3.13,3.32,5.541,21.809536921307416,0.0,3.2,,bayesian,q_learning,100,83
3.55,3.06,6.675000000000001,26.773127140687382,0.0,4.0,,bayesian,q_learning,100,84
3.22,3.5,6.793999999999999,22.4958364596296,0.0,3.05,,bayesian,q_learning,100,85
3.27,3.74,6.3389999999999995,24.71212095582407,0.0,3.8,,bayesian,q_learning,100,86
3.61,3.26,7.4769999999999985,26.786968868767065,0.0,3.6,,bayesian,q_learning,100,87
3.85,2.9,6.565000000000001,30.204581410192972,0.0,3.3,,bayesian,q_learning,100,88
3.45,3.9,7.505000000000001,25.759979401391615,0.0,3.8,,bayesian,q_learning,100,89
3.44,3.98,7.768000000000001,25.712623691415644,0.0,3.1,,bayesian,q_learning,100,90
2.97,4.1,7.0089999999999995,20.11676022290727,0.0,3.9,,bayesian,q_learning,100,91
3.39,4.58,10.783000000000005,23.76256869161408,0.0,3.05,,bayesian,q_learning,100,92
4.11,2.58,6.267,33.27086045825327,0.0,4.45,,bayesian,q_learning,100,93
3.66,3.08,6.362,28.137228676947704,0.0,3.45,,bayesian,q_learning,100,94
3.68,3.54,7.836,28.04182124070652,0.0,3.65,,bayesian,q_learning,100,95
3.27,3.54,6.478999999999998,23.791417419050994,0.0,3.85,,bayesian,q_learning,100,96
2.74,4.86,8.878,16.849312676576563,0.0,2.4,,bayesian,q_learning,100,97
3.86,3.36,7.962,30.52299633351618,0.0,4.55,,bayesian,q_learning,100,98
3.87,2.84,6.138999999999999,30.500474147120443,0.0,4.7,,bayesian,q_learning,100,99
2.72,6.160000000000001,13.112,17.093605559775796,0.0,2.6,,bayesian,gp,100,0
2.69,5.8560000000000025,13.125000000000002,15.576559195437339,0.0,2.95,,bayesian,gp,100,1
2.29,6.512000000000001,11.837,11.871114979944778,0.0,2.55,,bayesian,gp,100,2
2.1,9.792,18.921999999999997,9.51540104762292,0.0,2.15,,bayesian,gp,100,3
3.09,4.7200000000000015,10.141000000000002,21.282538761168507,0.0,3.1,,bayesian,gp,100,4
2.89,5.856000000000002,13.049000000000001,18.897900468741852,0.0,3.3,,bayesian,gp,100,5
2.31,7.551999999999997,15.039000000000001,12.434329652916874,0.0,2.7,,bayesian,gp,100,6
2.83,5.488000000000003,13.042999999999997,17.025803288445953,0.0,2.9,,bayesian,gp,100,7
2.54,4.336000000000002,7.35,15.383483430097709,0.0,3.05,,bayesian,gp,100,8
2.28,5.7920000000000025,10.427999999999999,12.444971826128468,0.0,2.8,,bayesian,gp,100,9
1.19,6.287999999999999,5.055,3.3535180222252516,0.0,1.35,,bayesian,gp,100,10
2.86,5.840000000000001,13.91,17.867041542191945,0.0,2.85,,bayesian,gp,100,11
2.79,6.016000000000002,12.222999999999999,18.163521243422228,0.0,3.05,,bayesian,gp,100,12
2.1,8.384,14.874,10.166987873089253,0.0,2.05,,bayesian,gp,100,13
2.65,5.312000000000003,11.905,15.282962410697726,0.0,3.05,,bayesian,gp,100,14
2.18,6.623999999999998,11.714,10.932494658457578,0.0,2.25,,bayesian,gp,100,15
2.89,7.04,16.841,18.55535811554991,0.0,3.55,,bayesian,gp,100,16
2.26,6.720000000000002,11.914000000000001,12.120042919566693,0.0,2.65,,bayesian,gp,100,17
2.63,5.632000000000004,11.823,15.889308099421106,0.0,3.2,,bayesian,gp,100,18
2.74,5.232000000000002,9.930000000000001,17.71448090278897,0.0,3.0,,bayesian,gp,100,19
2.73,7.2479999999999976,17.305,16.369114451656014,0.0,2.6,,bayesian,gp,100,20
2.01,8.736,15.697000000000001,8.517020836902818,0.0,2.25,,bayesian,gp,100,21
2.92,5.808000000000003,13.660000000000002,18.89898971541423,0.0,3.5,,bayesian,gp,100,22
1.83,9.712,16.239,7.827505205170374,0.0,1.55,,bayesian,gp,100,23
2.94,4.272000000000002,8.59,20.45213388339074,0.0,3.35,,bayesian,gp,100,24
3.02,7.039999999999997,18.662,18.952204559654614,0.0,2.9,,bayesian,gp,100,25
2.36,7.679999999999998,14.74,13.528722157078288,0.0,3.25,,bayesian,gp,100,26
2.86,5.9040000000000035,14.053999999999997,17.841898142493573,0.0,3.0,,bayesian,gp,100,27
2.39,6.560000000000002,12.551000000000002,13.31834658282169,0.0,3.15,,bayesian,gp,100,28
3.33,5.712000000000002,15.573,23.4517096145051,0.0,3.3,,bayesian,gp,100,29
2.2,6.607999999999997,11.796,11.367403363057786,0.0,1.85,,bayesian,gp,100,30
2.76,5.9040000000000035,13.340000000000002,17.214335444013564,0.0,3.05,,bayesian,gp,100,31
2.28,5.424000000000003,9.564,12.055337290916865,0.0,2.7,,bayesian,gp,100,32
3.33,4.7360000000000015,10.821000000000002,24.393494898628308,0.0,4.3,,bayesian,gp,100,33
2.82,5.424000000000002,12.61,17.85921589693784,0.0,3.15,,bayesian,gp,100,34
1.94,9.648,16.922,8.230215746226733,0.0,1.55,,bayesian,gp,100,35
2.61,4.960000000000002,8.013,17.242202604907913,0.0,3.75,,bayesian,gp,100,36
3.28,5.296000000000003,14.639999999999997,21.98347315309848,0.0,3.8,,bayesian,gp,100,37
2.72,5.520000000000002,11.927999999999997,17.167385550116308,0.0,3.0,,bayesian,gp,100,38
2.82,5.360000000000002,12.321999999999997,16.74093682774616,0.0,2.75,,bayesian,gp,100,39
2.22,7.071999999999996,13.27,12.015854011535732,0.0,2.4,,bayesian,gp,100,40
2.45,7.039999999999997,15.037,13.422918400995597,0.0,2.25,,bayesian,gp,100,41
2.8,6.095999999999999,10.704,19.46475095071084,0.0,3.75,,bayesian,gp,100,42
2.76,5.760000000000002,12.284,17.2014008902006,0.0,3.0,,bayesian,gp,100,43
2.03,9.616,17.923000000000002,9.304340052626472,0.0,1.85,,bayesian,gp,100,44
1.91,7.983999999999997,12.775,9.373762862747151,0.0,2.2,,bayesian,gp,100,45
2.75,5.584000000000002,10.667000000000003,17.577059219422488,0.0,3.25,,bayesian,gp,100,46
2.42,6.607999999999997,13.738000000000001,13.068641133247459,0.0,2.5,,bayesian,gp,100,47
2.56,5.584000000000003,10.903999999999998,15.834168022333683,0.0,2.7,,bayesian,gp,100,48
2.02,7.4879999999999995,10.641999999999998,9.790745956253947,0.0,2.3,,bayesian,gp,100,49
2.22,7.519999999999997,14.102000000000002,11.349899181340104,0.0,2.35,,bayesian,gp,100,50
2.83,7.135999999999997,17.731,17.802900126263456,0.0,2.85,,bayesian,gp,100,51
2.64,6.927999999999997,16.0,15.54578072434199,0.0,3.0,,bayesian,gp,100,52
1.74,9.808,15.525999999999996,6.903786025925873,0.0,2.0,,bayesian,gp,100,53
3.13,5.216000000000001,13.265000000000002,20.74745329069988,0.0,3.25,,bayesian,gp,100,54
1.92,9.728,17.191999999999997,8.375481863622193,0.0,2.2,,bayesian,gp,100,55
2.57,5.712000000000004,11.673000000000002,15.057502048214555,0.0,2.75,,bayesian,gp,100,56
2.57,5.328,10.905,14.917179567879744,0.0,2.35,,bayesian,gp,100,57
2.45,7.504000000000001,14.620999999999999,14.452714276775618,0.0,3.85,,bayesian,gp,100,58
3.0,5.408000000000003,13.524,18.70162285788249,0.0,3.35,,bayesian,gp,100,59
2.61,5.440000000000003,10.828999999999999,14.914434379938225,0.0,2.95,,bayesian,gp,100,60
2.51,5.552000000000003,11.219,15.01492284319909,0.0,2.9,,bayesian,gp,100,61
2.6,5.440000000000002,11.548,15.25183477320899,0.0,2.45,,bayesian,gp,100,62
3.48,4.896000000000002,12.003999999999998,26.159764263389484,0.0,4.4,,bayesian,gp,100,63
3.16,5.7760000000000025,15.220000000000002,21.375153717729045,0.0,2.45,,bayesian,gp,100,64
2.8,5.888000000000003,13.359999999999998,17.55683330020988,0.0,3.35,,bayesian,gp,100,65
2.76,6.911999999999997,17.02,16.17904295937935,0.0,3.1,,bayesian,gp,100,66
3.46,5.616000000000002,16.434,25.09162509308805,0.0,3.7,,bayesian,gp,100,67
2.54,6.304000000000001,12.534,14.760407837302022,0.0,2.85,,bayesian,gp,100,68
2.6,6.128000000000004,12.396,16.339933180963396,0.0,2.9,,bayesian,gp,100,69
2.38,7.872000000000001,16.39,12.527062140497849,0.0,2.05,,bayesian,gp,100,70
2.45,6.831999999999997,14.173000000000002,13.907666958647592,0.0,2.7,,bayesian,gp,100,71
2.94,6.863999999999999,17.246,19.017998684545297,0.0,3.05,,bayesian,gp,100,72
3.11,4.944000000000002,12.302999999999999,20.636737625315554,0.0,4.2,,bayesian,gp,100,73
2.9,5.856000000000003,14.058000000000003,18.73862529991505,0.0,2.65,,bayesian,gp,100,74
2.87,5.664000000000001,11.111,19.1244524812692,0.0,3.7,,bayesian,gp,100,75
2.24,7.503999999999998,14.072000000000001,11.079040138001362,0.0,2.4,,bayesian,gp,100,76
2.53,6.224,12.149000000000001,15.092001724989519,0.0,2.9,,bayesian,gp,100,77
2.84,5.552000000000003,12.948000000000002,17.893468810830303,0.0,2.7,,bayesian,gp,100,78
2.69,6.975999999999996,16.741,15.825358370267987,0.0,2.35,,bayesian,gp,100,79
2.73,5.216000000000001,11.129000000000003,16.986149215699367,0.0,2.65,,bayesian,gp,100,80
2.75,6.992000000000002,15.307000000000002,17.463827861000883,0.0,3.1,,bayesian,gp,100,81
2.76,6.3519999999999985,14.508000000000003,16.69968323809932,0.0,2.4,,bayesian,gp,100,82
2.24,8.127999999999998,15.816,11.396350250642788,0.0,2.55,,bayesian,gp,100,83
3.06,4.400000000000002,9.146,21.26007602552791,0.0,3.1,,bayesian,gp,100,84
1.84,9.632,15.024000000000003,8.190897027239892,0.0,2.95,,bayesian,gp,100,85
2.68,5.696000000000003,12.100000000000001,16.8704060866559,0.0,3.25,,bayesian,gp,100,86
2.49,6.847999999999997,14.977,13.846830450044282,0.0,2.6,,bayesian,gp,100,87
2.41,6.703999999999999,12.793,13.683040607925658,0.0,2.75,,bayesian,gp,100,88
2.22,7.391999999999999,12.821999999999997,11.472348420560351,0.0,2.3,,bayesian,gp,100,89
2.43,6.879999999999996,14.571000000000002,13.616308079895449,0.0,2.85,,bayesian,gp,100,90
2.88,5.472000000000003,13.096000000000002,18.39294085595794,0.0,3.1,,bayesian,gp,100,91
3.23,5.728000000000003,15.067,22.524401802450388,0.0,3.75,,bayesian,gp,100,92
2.07,8.528000000000002,15.686999999999998,9.880423571026801,0.0,2.1,,bayesian,gp,100,93
2.2,9.168,18.148,11.200638865030617,0.0,2.85,,bayesian,gp,100,94
1.77,9.792,15.625,7.083329201262825,0.0,1.85,,bayesian,gp,100,95
2.0,8.880000000000003,15.840000000000005,8.83508268137724,0.0,1.6,,bayesian,gp,100,96
2.94,5.616000000000003,13.486,19.091609265615755,0.0,3.05,,bayesian,gp,100,97
2.24,9.872,20.551999999999992,11.081852588125557,0.0,1.75,,bayesian,gp,100,98
2.78,5.728000000000003,12.925999999999998,17.363556303454715,0.0,3.25,,bayesian,gp,100,99
0.89,10.0,7.632999999999999,5.141000095746751,0.0,0.0,,no_regret,passive,100,0
0.93,10.0,8.021,5.792346096765809,0.0,0.0,,no_regret,passive,100,1
1.24,10.0,11.027999999999999,8.420009283671567,0.0,0.0,,no_regret,passive,100,2
0.8,10.0,6.76,4.651441006023948,0.0,0.0,,no_regret,passive,100,3
1.36,10.0,12.192,9.69201674837535,0.0,0.0,,no_regret,passive,100,4
0.81,10.0,6.857,4.85792429193298,0.0,0.0,,no_regret,passive,100,5
1.0,10.0,8.7,6.301917693443552,0.0,0.0,,no_regret,passive,100,6
0.9,10.0,7.73,5.388590730333624,0.0,0.0,,no_regret,passive,100,7
0.84,10.0,7.148,5.103650030497089,0.0,0.0,,no_regret,passive,100,8
0.74,10.0,6.178,3.9602524924590443,0.0,0.0,,no_regret,passive,100,9
0.63,10.0,5.110999999999999,2.9330298236446506,0.0,0.0,,no_regret,passive,100,10
1.06,10.0,9.282,7.0760753816530295,0.0,0.0,,no_regret,passive,100,11
1.01,10.0,8.797,6.505551566625857,0.0,0.0,,no_regret,passive,100,12
1.02,10.0,8.894,6.202583358583428,0.0,0.0,,no_regret,passive,100,13
0.81,10.0,6.857,4.273979559207158,0.0,0.0,,no_regret,passive,100,14
0.8,10.0,6.76,4.649261423119721,0.0,0.0,,no_regret,passive,100,15
0.96,10.0,8.312000000000001,5.936350872701499,0.0,0.0,,no_regret,passive,100,16
1.12,10.0,9.863999999999999,7.907888044286292,0.0,0.0,,no_regret,passive,100,17
1.25,10.0,11.125,8.735790348057991,0.0,0.0,,no_regret,passive,100,18
0.83,10.0,7.050999999999999,4.999483649946341,0.0,0.0,,no_regret,passive,100,19
0.91,10.0,7.827000000000001,5.743446659379397,0.0,0.0,,no_regret,passive,100,20
0.83,10.0,7.051,5.0050582948402145,0.0,0.0,,no_regret,passive,100,21
0.74,10.0,6.178,3.8210428377238737,0.0,0.0,,no_regret,passive,100,22
0.97,10.0,8.408999999999999,6.176292389129435,0.0,0.0,,no_regret,passive,100,23
0.72,10.0,5.984,4.167813731331071,0.0,0.0,,no_regret,passive,100,24
0.92,10.0,7.924000000000001,5.432789876309694,0.0,0.0,,no_regret,passive,100,25
1.0,10.0,8.7,6.383479023294074,0.0,0.0,,no_regret,passive,100,26
1.26,10.0,11.222000000000001,9.257114916351949,0.0,0.0,,no_regret,passive,100,27
0.66,10.0,5.402,3.2361351019139084,0.0,0.0,,no_regret,passive,100,28
1.16,10.0,10.251999999999999,7.667387823550285,0.0,0.0,,no_regret,passive,100,29
0.94,10.0,8.118,5.944427397999006,0.0,0.0,,no_regret,passive,100,30
0.89,10.0,7.633000000000001,5.373231220771107,0.0,0.0,,no_regret,passive,100,31
1.1,10.0,9.67,6.937081748993786,0.0,0.0,,no_regret,passive,100,32
0.76,10.0,6.372000000000001,4.498996089821073,0.0,0.0,,no_regret,passive,100,33
0.67,10.0,5.4990000000000006,3.641279485037667,0.0,0.0,,no_regret,passive,100,34
0.89,10.0,7.632999999999999,5.602520168586003,0.0,0.0,,no_regret,passive,100,35
0.94,10.0,8.118,5.721437335528327,0.0,0.0,,no_regret,passive,100,36
0.55,10.0,4.335,2.4103958694414827,0.0,0.0,,no_regret,passive,100,37
0.96,10.0,8.312000000000001,6.08251685933453,0.0,0.0,,no_regret,passive,100,38
0.82,10.0,6.954000000000001,4.2903934046929875,0.0,0.0,,no_regret,passive,100,39
0.74,10.0,6.178,3.736110987104959,0.0,0.0,,no_regret,passive,100,40
0.59,10.0,4.723,3.0129730584673315,0.0,0.0,,no_regret,passive,100,41
0.78,10.0,6.566,4.821581737938283,0.0,0.0,,no_regret,passive,100,42
0.74,10.0,6.178000000000001,4.115957932802967,0.0,0.0,,no_regret,passive,100,43
0.52,10.0,4.0440000000000005,2.0749261915573936,0.0,0.0,,no_regret,passive,100,44
0.63,10.0,5.110999999999999,2.858641732621876,0.0,0.0,,no_regret,passive,100,45
0.69,10.0,5.693,3.6061363790482037,0.0,0.0,,no_regret,passive,100,46
1.03,10.0,8.991,6.594937868738996,0.0,0.0,,no_regret,passive,100,47
0.79,10.0,6.662999999999999,4.244782714545132,0.0,0.0,,no_regret,passive,100,48
0.8,10.0,6.76,4.810324563315207,0.0,0.0,,no_regret,passive,100,49
0.75,10.0,6.275,3.866049555525568,0.0,0.0,,no_regret,passive,100,50
0.72,10.0,5.984000000000001,3.6390689554061697,0.0,0.0,,no_regret,passive,100,51
0.76,10.0,6.372000000000001,4.229745502482022,0.0,0.0,,no_regret,passive,100,52
0.8,10.0,6.76,4.43757443697408,0.0,0.0,,no_regret,passive,100,53
1.24,10.0,11.028000000000002,8.106024463088055,0.0,0.0,,no_regret,passive,100,54
0.65,10.0,5.305,2.7863345215853688,0.0,0.0,,no_regret,passive,100,55
0.82,10.0,6.954000000000001,4.604165435507516,0.0,0.0,,no_regret,passive,100,56
0.6,10.0,4.82,2.6286670770434046,0.0,0.0,,no_regret,passive,100,57
0.82,10.0,6.954,4.3484493856473465,0.0,0.0,,no_regret,passive,100,58
1.17,10.0,10.349,7.957407536665453,0.0,0.0,,no_regret,passive,100,59
1.02,10.0,8.894,6.784164408804336,0.0,0.0,,no_regret,passive,100,60
0.84,10.0,7.148,5.078349604797514,0.0,0.0,,no_regret,passive,100,61
0.68,10.0,5.595999999999999,3.572885660464159,0.0,0.0,,no_regret,passive,100,62
1.03,10.0,8.991,6.753335695808444,0.0,0.0,,no_regret,passive,100,63
1.51,10.0,13.646999999999998,11.256409898259513,0.0,0.0,,no_regret,passive,100,64
1.4,10.0,12.58,8.517215294882366,0.0,0.0,,no_regret,passive,100,65
0.74,10.0,6.178,4.104642435096651,0.0,0.0,,no_regret,passive,100,66
1.23,10.0,10.931,8.798961644292412,0.0,0.0,,no_regret,passive,100,67
0.92,10.0,7.924000000000001,5.749190257647731,0.0,0.0,,no_regret,passive,100,68
1.42,10.0,12.774000000000001,9.962620821447011,0.0,0.0,,no_regret,passive,100,69
1.41,10.0,12.676999999999998,9.790561454658366,0.0,0.0,,no_regret,passive,100,70
0.66,10.0,5.402,3.8164258383612037,0.0,0.0,,no_regret,passive,100,71
0.82,10.0,6.954,4.674274929139745,0.0,0.0,,no_regret,passive,100,72
0.95,10.0,8.215,5.381568073888639,0.0,0.0,,no_regret,passive,100,73
0.77,10.0,6.468999999999999,4.323448729966964,0.0,0.0,,no_regret,passive,100,74
0.89,10.0,7.632999999999999,5.288965082813786,0.0,0.0,,no_regret,passive,100,75
0.89,10.0,7.632999999999999,5.515172757212563,0.0,0.0,,no_regret,passive,100,76
0.72,10.0,5.984,3.965118055367593,0.0,0.0,,no_regret,passive,100,77
0.82,10.0,6.954000000000001,4.560057419943888,0.0,0.0,,no_regret,passive,100,78
1.0,10.0,8.7,5.819762146607632,0.0,0.0,,no_regret,passive,100,79
0.67,10.0,5.499,3.21396230722801,0.0,0.0,,no_regret,passive,100,80
0.91,10.0,7.827000000000001,5.323555005147232,0.0,0.0,,no_regret,passive,100,81
0.8,10.0,6.76,5.0666734803953455,0.0,0.0,,no_regret,passive,100,82
1.1,10.0,9.670000000000002,7.173905485298665,0.0,0.0,,no_regret,passive,100,83
0.61,10.0,4.917000000000001,2.6143998024270925,0.0,0.0,,no_regret,passive,100,84
0.74,10.0,6.178,4.414235244430083,0.0,0.0,,no_regret,passive,100,85
0.74,10.0,6.178000000000001,3.7263504711908526,0.0,0.0,,no_regret,passive,100,86
1.06,10.0,9.282,6.986563303022445,0.0,0.0,,no_regret,passive,100,87
1.08,10.0,9.476,6.530426445788793,0.0,0.0,,no_regret,passive,100,88
0.88,10.0,7.5360000000000005,5.106518982430202,0.0,0.0,,no_regret,passive,100,89
0.76,10.0,6.372000000000001,4.03869402844547,0.0,0.0,,no_regret,passive,100,90
0.95,10.0,8.215,5.890967689590484,0.0,0.0,,no_regret,passive,100,91
1.04,10.0,9.088,7.095105854994618,0.0,0.0,,no_regret,passive,100,92
1.29,10.0,11.513,9.402230023621467,0.0,0.0,,no_regret,passive,100,93
0.93,10.0,8.020999999999999,5.450328968776439,0.0,0.0,,no_regret,passive,100,94
0.74,10.0,6.178,4.041485118088956,0.0,0.0,,no_regret,passive,100,95
0.83,10.0,7.050999999999999,4.734993273058741,0.0,0.0,,no_regret,passive,100,96
0.88,10.0,7.5360000000000005,5.608606488414093,0.0,0.0,,no_regret,passive,100,97
0.88,10.0,7.5360000000000005,4.86999687674645,0.0,0.0,,no_regret,passive,100,98
0.85,10.0,7.245,5.117470865166841,0.0,0.0,,no_regret,passive,100,99
6.36,6.4125257676061524,38.196676358675674,48.937974648574944,0.0,6.0,,no_regret,regression,100,0
0.94,9.757797774373692,7.938256318911369,5.851517725000544,0.0,0.0,,no_regret,regression,100,1
1.07,9.923050160059715,9.075909778178412,6.949303483331265,0.0,0.0,,no_regret,regression,100,2
6.19,6.682106871631757,37.411876564444,46.53356954839003,0.0,6.5,,no_regret,regression,100,3
1.24,9.88315014799696,10.574967176177797,8.352131251193178,0.0,0.0,,no_regret,regression,100,4
0.87,9.596418357675166,7.058774384495863,5.451239789639294,0.0,0.0,,no_regret,regression,100,5
0.87,9.852528419533023,7.0729060891601145,5.29504861907356,0.0,0.0,,no_regret,regression,100,6
0.99,5.164182637916294,7.800737622658643,6.14310942673608,0.0,0.0,,no_regret,regression,100,7
0.98,9.824713603121506,8.114176398277253,6.3562218981678065,0.0,0.0,,no_regret,regression,100,8
0.66,7.201942540829593,4.8266977696522355,3.2209815083283813,0.0,0.0,,no_regret,regression,100,9
0.92,9.6189533949154,6.9543720950406485,4.878724212512446,0.0,0.0,,no_regret,regression,100,10
1.37,5.4660056865531,11.893406769547019,9.819302386938773,0.0,0.0,,no_regret,regression,100,11
0.95,9.569853766973432,8.088889229965561,6.099997628718033,0.0,0.0,,no_regret,regression,100,12
1.46,9.51276666637104,12.704814107323,10.06164435722262,0.0,0.0,,no_regret,regression,100,13
0.9,9.786897305121757,7.347858552427433,5.167819707635508,0.0,0.0,,no_regret,regression,100,14
1.06,9.394623641750151,8.89028923920403,6.137179005237299,0.0,0.0,,no_regret,regression,100,15
1.4,7.826207225555261,11.432162792747322,9.301270996975958,0.0,0.0,,no_regret,regression,100,16
1.92,9.498214941144647,16.462216967119026,13.947890178678117,0.0,0.0,,no_regret,regression,100,17
1.27,9.801694662154711,11.005127917949567,8.90437682989497,0.0,0.0,,no_regret,regression,100,18
0.83,9.892429971402132,6.9151678391140425,4.999483649946341,0.0,0.0,,no_regret,regression,100,19
0.98,9.508938272639982,8.2888234302531,6.245296835588238,0.0,0.0,,no_regret,regression,100,20
5.17,9.244442949564345,45.29142620532015,39.49463818554482,0.0,5.1,,no_regret,regression,100,21
0.74,9.49143238334095,6.062249201178881,3.955039397227406,0.0,0.0,,no_regret,regression,100,22
1.09,9.593260310961282,9.28389612596666,7.398079584904292,0.0,0.0,,no_regret,regression,100,23
0.88,9.550797679054595,7.269324374267971,5.2338280333278,0.0,0.0,,no_regret,regression,100,24
2.02,9.809083797309622,17.720476282018108,14.977723536913043,0.0,0.0,,no_regret,regression,100,25
5.15,9.014971688819436,43.91942323751937,39.868370512092376,0.0,5.45,,no_regret,regression,100,26
3.04,8.661825098083753,26.457535331389426,22.73179450223715,0.0,0.05,,no_regret,regression,100,27
0.99,6.35532126066553,6.542716591503219,4.599469168057525,0.0,0.0,,no_regret,regression,100,28
6.08,6.003136328711778,33.609529845791286,44.589376252817736,0.0,7.2,,no_regret,regression,100,29
1.06,9.118273733924191,8.846131103837806,6.849313791883382,0.0,0.0,,no_regret,regression,100,30
1.17,9.267393188017866,8.86760261064972,7.538324583145992,0.0,0.0,,no_regret,regression,100,31
0.87,9.693935427470457,7.1016823720980335,4.804065437595815,0.0,0.0,,no_regret,regression,100,32
0.81,5.101692046095777,5.742842859594987,4.545626674492748,0.0,0.0,,no_regret,regression,100,33
3.02,7.681964730657776,22.929781395750172,20.936551051304786,0.0,0.9,,no_regret,regression,100,34
0.92,9.757399157103194,7.752482015796004,5.608057421918982,0.0,0.0,,no_regret,regression,100,35
1.26,9.824986929447642,10.96235556127124,8.692765134333117,0.0,0.0,,no_regret,regression,100,36
5.15,6.220420987096646,31.200004684459877,40.77586182949693,0.0,6.5,,no_regret,regression,100,37
1.08,9.921240322565648,9.253289248589759,7.269147854747161,0.0,0.0,,no_regret,regression,100,38
1.27,6.107919444574197,10.041899158694301,7.747178261037626,0.0,0.0,,no_regret,regression,100,39
0.86,8.006641564620969,6.514882019348882,4.691689373976124,0.0,0.0,,no_regret,regression,100,40
0.6,9.563063474560131,4.564040031520688,3.034908279345061,0.0,0.0,,no_regret,regression,100,41
1.15,9.824709707105928,9.77729700503675,7.9157166778142205,0.0,0.0,,no_regret,regression,100,42
0.74,9.915605777444721,6.030798506559982,4.115957932802967,0.0,0.0,,no_regret,regression,100,43
0.52,9.574580484794312,3.6972430765122484,2.0749261915573936,0.0,0.0,,no_regret,regression,100,44
0.63,8.51333050207637,4.604758899556142,2.858641732621876,0.0,0.0,,no_regret,regression,100,45
0.69,9.555911943904151,5.510504230277579,3.6061363790482037,0.0,0.0,,no_regret,regression,100,46
0.96,9.536947038584808,7.794190987350412,5.959868642978937,0.0,0.0,,no_regret,regression,100,47
0.84,9.83812695111686,6.912134745876745,4.645963936376143,0.0,0.0,,no_regret,regression,100,48
0.86,9.482576498650813,7.00676384621023,5.35172593941018,0.0,0.0,,no_regret,regression,100,49
0.75,9.518066199595026,6.050386550382544,3.866049555525568,0.0,0.0,,no_regret,regression,100,50
0.72,7.873472470026808,5.603754512112523,3.6390689554061697,0.0,0.0,,no_regret,regression,100,51
0.97,8.603342590581738,7.880911656723112,5.711290036343488,0.0,0.0,,no_regret,regression,100,52
0.92,9.76926823902905,7.6051407012273815,5.504557882916905,0.0,0.0,,no_regret,regression,100,53
1.43,9.409474972220695,12.656040340024228,9.806458116796716,0.0,0.0,,no_regret,regression,100,54
0.65,9.557715139634537,4.999652072003963,2.7863345215853688,0.0,0.0,,no_regret,regression,100,55
0.85,9.456641159271118,6.808846309018386,4.843824149416805,0.0,0.0,,no_regret,regression,100,56
0.62,9.552509634682451,4.476110026439742,2.7048895351448423,0.0,0.0,,no_regret,regression,100,57
6.28,6.264714850946081,36.72560578682979,44.33003849817561,0.0,6.15,,no_regret,regression,100,58
1.2,4.653502250102661,9.984856421995906,8.047463212705495,0.0,0.0,,no_regret,regression,100,59
1.91,9.836001737368484,16.812739833902324,14.138491756208305,0.0,0.0,,no_regret,regression,100,60
0.95,9.738994732140315,7.73309184232377,5.901513981564856,0.0,0.0,,no_regret,regression,100,61
4.52,5.259093884597848,20.391376609658206,33.81931955586883,0.0,6.4,,no_regret,regression,100,62
1.0,9.928960293900394,8.535618434252031,6.485795928652355,0.0,0.0,,no_regret,regression,100,63
0.84,3.847007420453117,6.289050677633815,5.136779556795383,0.0,0.0,,no_regret,regression,100,64
1.47,9.702707987715756,12.921611628309256,9.216403447203122,0.0,0.0,,no_regret,regression,100,65
0.82,9.496969401085828,6.680091692262769,4.670877334771868,0.0,0.0,,no_regret,regression,100,66
1.38,9.542825689597015,12.105285250424602,9.663244830040066,0.0,0.0,,no_regret,regression,100,67
0.97,9.483352329244823,7.993391728297154,6.34623504221636,0.0,0.0,,no_regret,regression,100,68
1.44,9.521825104562769,12.702010100883378,10.332211658943281,0.0,0.0,,no_regret,regression,100,69
2.51,9.744862432136594,22.60353504582339,19.532589072731838,0.0,0.0,,no_regret,regression,100,70
0.66,9.955397119768389,5.246201554666302,3.8164258383612037,0.0,0.0,,no_regret,regression,100,71
0.82,9.93277048889834,6.823736215169024,4.674274929139745,0.0,0.0,,no_regret,regression,100,72
1.28,9.878061915377375,11.16016883786454,8.121964494550134,0.0,0.0,,no_regret,regression,100,73
0.77,9.500203212993895,6.121200967261434,4.323448729966964,0.0,0.0,,no_regret,regression,100,74
1.52,9.608334368646204,13.268646549790937,10.383444960994417,0.0,0.0,,no_regret,regression,100,75
0.87,9.683568279588947,7.135621369339958,5.295646146586095,0.0,0.0,,no_regret,regression,100,76
1.01,9.633944049345263,7.629356531136944,6.087699007838898,0.0,0.0,,no_regret,regression,100,77
0.71,9.792683180607055,5.67272237073468,4.06586389628708,0.0,0.0,,no_regret,regression,100,78
2.04,9.144388213163449,18.387242809166956,15.028254413674954,0.0,0.0,,no_regret,regression,100,79
0.67,9.614837477884803,5.308237477884802,3.21396230722801,0.0,0.0,,no_regret,regression,100,80
0.91,9.783834148141407,7.5210312245613,5.323555005147232,0.0,0.0,,no_regret,regression,100,81
0.81,9.92434223761904,6.630335502787038,5.120960717619052,0.0,0.0,,no_regret,regression,100,82
3.35,9.241551327987516,28.74890498342378,25.75438747278673,0.0,0.35,,no_regret,regression,100,83
0.72,9.24262838889698,5.284697249539494,3.290548380299125,0.0,0.0,,no_regret,regression,100,84
1.6,9.49769850723496,13.870033761772639,10.871923781256701,0.0,0.0,,no_regret,regression,100,85
0.78,9.848534291836016,6.278765996842341,4.215343018240812,0.0,0.0,,no_regret,regression,100,86
1.41,8.701751009570891,12.076798829771768,9.671995578140235,0.0,0.0,,no_regret,regression,100,87
0.92,8.94697452195968,7.386934286222054,5.041491094393392,0.0,0.0,,no_regret,regression,100,88
1.19,4.958179397223401,10.035612260061832,8.483749846208589,0.0,0.0,,no_regret,regression,100,89
0.76,9.756123328406892,6.090277310289335,4.03869402844547,0.0,0.0,,no_regret,regression,100,90
1.02,9.17691693668106,8.419840398556065,6.802804399497458,0.0,0.0,,no_regret,regression,100,91
1.46,9.844055244433168,12.736940639029518,10.477172728485424,0.0,0.0,,no_regret,regression,100,92
1.9,9.475587386083115,17.254664894869638,14.802218113523914,0.0,0.0,,no_regret,regression,100,93
0.85,9.629482957074167,6.888522702027888,5.19224531050198,0.0,0.0,,no_regret,regression,100,94
0.79,8.35614446417515,6.195795854276814,4.49000023351964,0.0,0.0,,no_regret,regression,100,95
0.83,9.28670940225638,6.582448620997315,4.734993273058741,0.0,0.0,,no_regret,regression,100,96
1.12,8.727311232954358,9.369718087058796,7.340504749940051,0.0,0.0,,no_regret,regression,100,97
1.23,5.067159715714649,10.442088305368806,8.46668045288347,0.0,0.0,,no_regret,regression,100,98
1.68,7.827809839275643,12.570482084955804,11.36232075586852,0.0,0.0,,no_regret,regression,100,99
8.38,5.36,42.826,45.8179191482089,0.0,9.6,,no_regret,q_learning,100,0
8.79,2.7,19.683,42.5014553242602,0.0,10.0,,no_regret,q_learning,100,1
9.08,2.86,22.256,41.334843333419215,0.0,10.0,,no_regret,q_learning,100,2
8.43,4.8,37.931000000000004,46.46057255761795,0.0,9.55,,no_regret,q_learning,100,3
7.8,6.22,46.00000000000001,53.80190555877919,0.0,7.95,,no_regret,q_learning,100,4
7.87,6.22,46.77899999999999,51.346531779293834,0.0,8.2,,no_regret,q_learning,100,5
8.27,5.66,45.199000000000005,49.38348935994097,0.0,8.8,,no_regret,q_learning,100,6
6.46,6.22,38.64200000000001,49.2365720404701,0.0,6.65,,no_regret,q_learning,100,7
8.94,3.5,26.998,44.30202659549666,0.0,10.0,,no_regret,q_learning,100,8
8.78,4.6,38.306000000000004,44.45030218149875,0.0,9.7,,no_regret,q_learning,100,9
7.5,5.58,39.89000000000001,52.68545749818509,0.0,8.5,,no_regret,q_learning,100,10
8.2,7.12,55.56,52.706567665091455,0.0,8.4,,no_regret,q_learning,100,11
7.24,6.66,45.428000000000004,53.72255474391876,0.0,8.55,,no_regret,q_learning,100,12
7.97,6.2,45.629000000000005,47.49246656128785,0.0,8.2,,no_regret,q_learning,100,13
8.38,5.86,46.90599999999999,50.17470937643204,0.0,9.1,,no_regret,q_learning,100,14
8.48,5.12,42.376000000000005,46.150990908109286,0.0,9.2,,no_regret,q_learning,100,15
8.58,4.98,40.846,46.98469029553199,0.0,9.45,,no_regret,q_learning,100,16
7.21,6.7,46.817,51.263046390779,0.0,8.0,,no_regret,q_learning,100,17
7.67,5.58,40.559,49.74752103564651,0.0,9.3,,no_regret,q_learning,100,18
9.16,3.28,26.932,42.28049793824696,0.0,9.95,,no_regret,q_learning,100,19
8.84,3.12,22.087999999999997,43.02731720835287,0.0,10.0,,no_regret,q_learning,100,20
6.93,6.5,43.301000000000016,54.01062508729331,0.0,6.7,,no_regret,q_learning,100,21
8.85,3.42,25.705,45.29783072129483,0.0,10.0,,no_regret,q_learning,100,22
8.53,3.78,28.741000000000003,44.032531974845135,0.0,9.9,,no_regret,q_learning,100,23
7.35,5.94,40.595,52.928068113991074,0.0,7.9,,no_regret,q_learning,100,24
8.33,4.54,33.501,43.942789109351864,0.0,10.0,,no_regret,q_learning,100,25
8.62,4.28,33.734,45.100105073038485,0.0,9.85,,no_regret,q_learning,100,26
7.29,5.78,38.35300000000001,50.65150169634047,0.0,9.05,,no_regret,q_learning,100,27
8.39,6.36,51.003,49.91617127674713,0.0,8.9,,no_regret,q_learning,100,28
7.11,6.9,46.92699999999999,52.805805966167064,0.0,7.6,,no_regret,q_learning,100,29
8.32,4.18,29.623999999999995,46.51330426625984,0.0,10.0,,no_regret,q_learning,100,30
8.95,3.52,28.015,44.00708290602146,0.0,10.0,,no_regret,q_learning,100,31
7.3,6.56,45.25,51.731942971018064,0.0,8.45,,no_regret,q_learning,100,32
8.42,4.84,36.994,46.611965162813746,0.0,9.9,,no_regret,q_learning,100,33
6.41,6.54,39.357000000000006,47.24054734793512,0.0,6.55,,no_regret,q_learning,100,34
7.92,6.22,46.483999999999995,52.88640814311751,0.0,7.95,,no_regret,q_learning,100,35
7.91,5.96,45.30700000000001,50.02699018998126,0.0,8.95,,no_regret,q_learning,100,36
9.07,3.46,27.319000000000003,42.96468088785412,0.0,10.0,,no_regret,q_learning,100,37
7.53,6.78,49.081,51.66163129834548,0.0,8.3,,no_regret,q_learning,100,38
8.16,5.96,46.81200000000002,49.91804791119817,0.0,8.05,,no_regret,q_learning,100,39
8.74,4.6,37.138000000000005,42.32001227816535,0.0,10.0,,no_regret,q_learning,100,40
7.64,5.9,42.96800000000001,51.4130992235834,0.0,8.45,,no_regret,q_learning,100,41
8.5,5.78,46.95000000000001,47.504018404774435,0.0,9.35,,no_regret,q_learning,100,42
8.32,5.14,40.763999999999996,47.41769416777842,0.0,9.5,,no_regret,q_learning,100,43
8.01,5.16,37.457,48.7887309119753,0.0,9.65,,no_regret,q_learning,100,44
8.35,4.32,33.255,46.68608189695117,0.0,9.75,,no_regret,q_learning,100,45
8.89,2.9,22.093000000000004,42.588652156744836,0.0,10.0,,no_regret,q_learning,100,46
8.79,3.54,27.163,43.76140571534905,0.0,10.0,,no_regret,q_learning,100,47
8.6,4.02,30.66,44.35761289315445,0.0,10.0,,no_regret,q_learning,100,48
6.69,6.62,40.533,47.31930095276569,0.0,6.4,,no_regret,q_learning,100,49
8.3,5.48,43.61000000000001,49.247128650861725,0.0,9.05,,no_regret,q_learning,100,50
8.47,5.42,44.27900000000002,49.01347364540708,0.0,9.0,,no_regret,q_learning,100,51
7.81,5.68,42.977000000000004,49.58205593470581,0.0,8.95,,no_regret,q_learning,100,52
8.83,4.2,33.191,44.48381308596818,0.0,10.0,,no_regret,q_learning,100,53
8.31,5.66,44.586999999999996,50.00261715074778,0.0,8.8,,no_regret,q_learning,100,54
7.57,6.36,46.229000000000006,52.37778647980808,0.0,8.15,,no_regret,q_learning,100,55
6.42,6.28,37.45400000000001,49.184313792592654,0.0,6.25,,no_regret,q_learning,100,56
8.11,6.0,46.56700000000001,50.930288527267855,0.0,8.95,,no_regret,q_learning,100,57
5.58,7.2,38.246,45.748311965053766,0.0,5.5,,no_regret,q_learning,100,58
6.37,6.0,32.04900000000001,46.09592572034235,0.0,6.5,,no_regret,q_learning,100,59
7.38,6.72,47.286,52.394344130718956,0.0,8.4,,no_regret,q_learning,100,60
8.26,5.32,42.342,49.57709050134349,0.0,9.0,,no_regret,q_learning,100,61
8.47,4.46,34.659,43.98371894747607,0.0,9.85,,no_regret,q_learning,100,62
7.66,6.26,46.202000000000005,52.710389310394106,0.0,8.55,,no_regret,q_learning,100,63
9.07,3.1,24.438999999999997,42.40654938464917,0.0,10.0,,no_regret,q_learning,100,64
8.89,2.94,21.953000000000003,43.181986518387276,0.0,10.0,,no_regret,q_learning,100,65
7.47,6.22,44.499,52.39282039962569,0.0,7.05,,no_regret,q_learning,100,66
5.92,5.42,25.624000000000002,40.28630837838277,0.0,6.35,,no_regret,q_learning,100,67
8.25,5.98,47.805,49.038342524455274,0.0,8.7,,no_regret,q_learning,100,68
8.04,5.02,38.568000000000005,47.72474405736375,0.0,9.5,,no_regret,q_learning,100,69
8.44,6.22,50.808,49.164517406220455,0.0,9.0,,no_regret,q_learning,100,70
8.73,3.76,27.601000000000003,44.42687733424711,0.0,10.0,,no_regret,q_learning,100,71
8.74,4.74,38.43800000000001,46.93093065278998,0.0,9.45,,no_regret,q_learning,100,72
5.96,5.76,28.432000000000002,39.64005272367934,0.0,6.45,,no_regret,q_learning,100,73
8.66,5.48,45.681999999999995,45.0325873027922,0.0,9.35,,no_regret,q_learning,100,74
7.16,6.74,46.39200000000001,52.82639821817861,0.0,7.3,,no_regret,q_learning,100,75
8.82,3.6,28.373999999999995,43.31153190974416,0.0,10.0,,no_regret,q_learning,100,76
8.75,3.78,29.015,43.601029045061665,0.0,10.0,,no_regret,q_learning,100,77
8.17,5.72,44.468999999999994,47.74809677551766,0.0,9.6,,no_regret,q_learning,100,78
8.37,4.36,31.929000000000002,46.5438492537707,0.0,9.95,,no_regret,q_learning,100,79
8.11,6.82,52.967000000000006,52.38195614316727,0.0,8.45,,no_regret,q_learning,100,80
5.82,6.04,31.333999999999996,40.900695558945166,0.0,6.15,,no_regret,q_learning,100,81
8.75,5.58,46.05500000000001,45.596256399135434,0.0,9.1,,no_regret,q_learning,100,82
7.75,6.32,47.21500000000001,50.13550347805831,0.0,8.6,,no_regret,q_learning,100,83
6.51,5.54,33.507000000000005,48.67035285442165,0.0,7.75,,no_regret,q_learning,100,84
7.32,5.8,40.464,51.911509007021415,0.0,7.6,,no_regret,q_learning,100,85
7.77,5.46,40.249,48.7187260238611,0.0,9.1,,no_regret,q_learning,100,86
7.65,6.6,48.92499999999999,52.26042762501588,0.0,8.3,,no_regret,q_learning,100,87
8.23,4.38,32.051,45.72102566820389,0.0,10.0,,no_regret,q_learning,100,88
7.72,6.44,48.644000000000005,52.55632067587503,0.0,8.1,,no_regret,q_learning,100,89
8.26,6.12,48.682000000000016,50.741261344534394,0.0,8.65,,no_regret,q_learning,100,90
6.4,7.02,42.18,49.26861183957125,0.0,8.0,,no_regret,q_learning,100,91
5.56,6.12,25.951999999999998,31.520020123636296,0.0,5.0,,no_regret,q_learning,100,92
8.44,4.48,35.528,49.688368530023936,0.0,9.7,,no_regret,q_learning,100,93
7.53,5.42,38.201,45.792184703292925,0.0,9.35,,no_regret,q_learning,100,94
5.94,6.56,36.797999999999995,48.010670089465876,0.0,6.1,,no_regret,q_learning,100,95
6.01,6.2,33.037,41.22852706086137,0.0,5.95,,no_regret,q_learning,100,96
8.23,5.64,44.911000000000016,49.63206012942683,0.0,8.6,,no_regret,q_learning,100,97
8.64,3.34,23.968000000000004,44.26571214960054,0.0,9.95,,no_regret,q_learning,100,98
8.5,4.6,35.27,44.16884239045743,0.0,10.0,,no_regret,q_learning,100,99
1.32,8.4,10.444,8.687168937707002,0.0,0.0,,no_regret,gp,100,0
1.69,7.584,13.569,12.53202526628833,0.0,0.0,,no_regret,gp,100,1
1.5,8.208,12.158000000000001,11.130005526147634,0.0,0.0,,no_regret,gp,100,2
1.38,7.200000000000002,10.882000000000003,9.396357925205926,0.0,0.0,,no_regret,gp,100,3
1.23,7.343999999999999,10.339,8.664524583277545,0.0,0.0,,no_regret,gp,100,4
1.13,8.976,9.225,7.204669277238583,0.0,0.0,,no_regret,gp,100,5
2.6,8.704,22.54,19.42265687040421,0.0,0.0,,no_regret,gp,100,6
1.12,7.824,8.552,7.141066142773006,0.0,0.0,,no_regret,gp,100,7
1.13,8.32,9.033,7.7581892917729105,0.0,0.0,,no_regret,gp,100,8
1.8,8.8,15.148,12.968142384930431,0.0,0.0,,no_regret,gp,100,9
1.29,8.847999999999999,10.345,8.601569309119053,0.0,0.0,,no_regret,gp,100,10
2.17,9.168,17.953,16.088882716497764,0.0,0.0,,no_regret,gp,100,11
1.24,6.960000000000003,10.036,8.489794190244089,0.0,0.0,,no_regret,gp,100,12
1.22,8.767999999999999,9.665999999999999,7.833694423607206,0.0,0.0,,no_regret,gp,100,13
1.18,8.736,9.597999999999999,7.28883212804625,0.0,0.0,,no_regret,gp,100,14
0.93,8.208,7.525000000000001,5.7260106628107765,0.0,0.0,,no_regret,gp,100,15
1.06,8.303999999999998,8.386000000000001,6.832568253903118,0.0,0.0,,no_regret,gp,100,16
1.35,9.36,11.486999999999998,9.396811277056905,0.0,0.0,,no_regret,gp,100,17
1.1,7.951999999999998,9.014,7.051456284190845,0.0,0.0,,no_regret,gp,100,18
1.34,8.512,10.878000000000002,9.075965877332091,0.0,0.0,,no_regret,gp,100,19
1.01,7.84,7.485,6.523554572938109,0.0,0.0,,no_regret,gp,100,20
1.48,8.8,11.884,10.868004608282392,0.0,0.0,,no_regret,gp,100,21
1.71,8.432,13.938999999999998,12.871844714985846,0.0,0.0,,no_regret,gp,100,22
1.25,8.64,10.005,8.283553327018984,0.0,0.0,,no_regret,gp,100,23
1.15,8.672,8.363,7.332208329438829,0.0,0.0,,no_regret,gp,100,24
2.05,8.975999999999999,17.381,14.936816165776966,0.0,0.0,,no_regret,gp,100,25
0.83,8.944,6.827000000000001,4.770194702131445,0.0,0.0,,no_regret,gp,100,26
1.65,8.624,14.333000000000002,11.94445453384985,0.0,0.0,,no_regret,gp,100,27
1.39,8.24,11.698999999999998,9.11527858044367,0.0,0.0,,no_regret,gp,100,28
1.27,8.687999999999999,10.071,8.725509698635001,0.0,0.0,,no_regret,gp,100,29
1.81,8.4,13.725,13.290245291099655,0.0,0.0,,no_regret,gp,100,30
1.3,8.943999999999999,10.985999999999999,9.12832391768696,0.0,0.0,,no_regret,gp,100,31
1.5,8.512,12.413999999999998,10.648654524751093,0.0,0.0,,no_regret,gp,100,32
1.25,7.5840000000000005,10.005,8.361388358281017,0.0,0.0,,no_regret,gp,100,33
1.33,8.319999999999999,10.732999999999999,8.62035467425938,0.0,0.0,,no_regret,gp,100,34
3.07,8.848,25.515000000000004,23.841938294089715,0.0,0.05,,no_regret,gp,100,35
1.31,8.832,10.795,8.470712346114881,0.0,0.0,,no_regret,gp,100,36
1.17,7.104,9.133,7.665112526001919,0.0,0.0,,no_regret,gp,100,37
1.4,7.92,11.284,9.555407485710244,0.0,0.0,,no_regret,gp,100,38
1.27,8.783999999999999,10.535,7.799423619247811,0.0,0.0,,no_regret,gp,100,39
1.3,8.736,11.018000000000002,9.13506330454251,0.0,0.0,,no_regret,gp,100,40
0.82,8.624,6.362,4.485512302919914,0.0,0.0,,no_regret,gp,100,41
1.89,8.479999999999999,16.165,13.559885895231568,0.0,0.0,,no_regret,gp,100,42
2.22,8.655999999999999,18.854,17.027030818703896,0.0,0.0,,no_regret,gp,100,43
0.67,8.896,4.907,3.4282693777892126,0.0,0.0,,no_regret,gp,100,44
1.6,8.544,13.399999999999999,11.74338428138661,0.0,0.0,,no_regret,gp,100,45
1.06,8.56,8.354,6.659223889287411,0.0,0.0,,no_regret,gp,100,46
1.76,7.519999999999998,13.895999999999999,12.306810656847006,0.0,0.0,,no_regret,gp,100,47
1.59,8.016000000000002,12.743000000000002,11.603164127122652,0.0,0.0,,no_regret,gp,100,48
2.08,9.344,17.544,14.732900426496373,0.0,0.0,,no_regret,gp,100,49
2.03,8.639999999999997,17.619,15.399436007955519,0.0,0.0,,no_regret,gp,100,50
1.95,8.352,16.491,13.522239350993026,0.0,0.0,,no_regret,gp,100,51
1.98,8.575999999999999,17.182,15.269697377749061,0.0,0.0,,no_regret,gp,100,52
0.95,7.84,6.471,6.0186927007781605,0.0,0.0,,no_regret,gp,100,53
1.61,8.831999999999999,12.936999999999998,11.336230397620165,0.0,0.0,,no_regret,gp,100,54
0.74,8.496,5.617999999999999,3.462424776374162,0.0,0.0,,no_regret,gp,100,55
1.45,8.879999999999999,12.329,10.009212115843434,0.0,0.0,,no_regret,gp,100,56
1.25,8.671999999999999,9.957,8.636300846583413,0.0,0.0,,no_regret,gp,100,57
1.57,7.968,12.916999999999998,10.597549368496518,0.0,0.0,,no_regret,gp,100,58
1.14,8.415999999999999,9.13,7.510677404329626,0.0,0.0,,no_regret,gp,100,59
1.44,7.856000000000002,11.208000000000002,10.150591958487803,0.0,0.0,,no_regret,gp,100,60
2.15,9.168000000000001,18.447,15.683064842286198,0.0,0.0,,no_regret,gp,100,61
1.48,7.775999999999998,12.203999999999999,10.277965777302267,0.0,0.0,,no_regret,gp,100,62
1.4,8.783999999999999,12.1,9.626430827806765,0.0,0.0,,no_regret,gp,100,63
1.53,8.383999999999997,12.545,10.495203073041225,0.0,0.0,,no_regret,gp,100,64
1.77,8.239999999999998,14.520999999999999,12.527702871830872,0.0,0.0,,no_regret,gp,100,65
1.46,8.975999999999999,12.378,10.156456787154314,0.0,0.0,,no_regret,gp,100,66
1.55,9.52,13.219000000000001,11.379623566513292,0.0,0.0,,no_regret,gp,100,67
1.37,8.383999999999997,11.185,9.35420315250919,0.0,0.0,,no_regret,gp,100,68
1.69,8.175999999999998,13.472999999999997,11.974594853564831,0.0,0.0,,no_regret,gp,100,69
1.19,8.32,9.167,7.855328936830191,0.0,0.0,,no_regret,gp,100,70
1.37,7.535999999999999,10.673,9.296548216197825,0.0,0.0,,no_regret,gp,100,71
1.68,7.680000000000002,14.208,12.83894910123041,0.0,0.0,,no_regret,gp,100,72
1.31,7.455999999999997,10.123000000000001,8.83726873486338,0.0,0.0,,no_regret,gp,100,73
1.59,8.527999999999999,12.855,10.746124977448849,0.0,0.0,,no_regret,gp,100,74
1.11,8.175999999999998,8.519,7.252128947355702,0.0,0.0,,no_regret,gp,100,75
1.07,8.304,8.467,7.121462681924948,0.0,0.0,,no_regret,gp,100,76
2.45,8.607999999999999,20.365,18.32083262086935,0.0,0.0,,no_regret,gp,100,77
1.55,8.591999999999999,12.435,10.89750747654571,0.0,0.0,,no_regret,gp,100,78
2.12,7.615999999999999,16.732,14.87899065547483,0.0,0.0,,no_regret,gp,100,79
1.61,8.975999999999999,13.801000000000002,11.472331705339732,0.0,0.0,,no_regret,gp,100,80
1.93,6.992000000000002,15.209000000000001,14.303339518075523,0.0,0.0,,no_regret,gp,100,81
1.37,7.68,11.393000000000002,9.446883497196488,0.0,0.0,,no_regret,gp,100,82
1.32,8.48,10.444,8.996056577510503,0.0,0.0,,no_regret,gp,100,83
1.35,8.655999999999999,11.518999999999998,9.310437858505315,0.0,0.0,,no_regret,gp,100,84
1.25,8.847999999999999,9.637,9.003494219712785,0.0,0.0,,no_regret,gp,100,85
0.87,7.248000000000001,6.655,4.800214958447751,0.0,0.0,,no_regret,gp,100,86
1.66,8.128,13.47,12.09141407496936,0.0,0.0,,no_regret,gp,100,87
1.15,7.344000000000001,9.226999999999999,6.853125751798659,0.0,0.0,,no_regret,gp,100,88
1.27,8.176,10.503,8.269262640068497,0.0,0.0,,no_regret,gp,100,89
1.24,8.160000000000002,9.876,8.4868724752074,0.0,0.0,,no_regret,gp,100,90
1.58,8.911999999999999,13.03,11.374978609912365,0.0,0.0,,no_regret,gp,100,91
1.48,8.56,12.38,10.216518813406744,0.0,0.0,,no_regret,gp,100,92
1.34,8.464,11.678000000000003,10.007324932879607,0.0,0.0,,no_regret,gp,100,93
1.51,7.903999999999999,11.838999999999999,11.050548488617553,0.0,0.0,,no_regret,gp,100,94
1.78,8.256000000000002,14.153999999999998,12.878861230568878,0.0,0.05,,no_regret,gp,100,95
1.36,8.687999999999999,11.216,9.237792510140748,0.0,0.0,,no_regret,gp,100,96
2.25,8.304,18.585,17.06902285228066,0.0,0.0,,no_regret,gp,100,97
1.65,8.352,13.533000000000001,11.76831263475703,0.0,0.0,,no_regret,gp,100,98
1.06,7.839999999999998,8.674,6.764935856635338,0.0,0.0,,no_regret,gp,100,99
1.28,10.0,11.416000000000002,4.837035451971493,0.0,0.9,,q_learning,passive,100,0
1.04,10.0,9.088000000000001,3.3723922944810467,0.0,0.5,,q_learning,passive,100,1
1.11,10.0,9.767,3.6814519152604426,0.0,0.95,,q_learning,passive,100,2
1.1,10.0,9.670000000000002,3.487659126410155,0.0,0.45,,q_learning,passive,100,3
1.23,10.0,10.931000000000001,4.1106220969997125,0.0,1.25,,q_learning,passive,100,4
1.42,10.0,12.774000000000003,5.478563160782811,0.0,1.25,,q_learning,passive,100,5
1.12,10.0,9.864,3.3899644589210562,0.0,0.95,,q_learning,passive,100,6
1.31,10.0,11.707000000000003,4.7700625665648,0.0,1.2,,q_learning,passive,100,7
0.97,10.0,8.408999999999999,2.1932734069390762,0.0,0.75,,q_learning,passive,100,8
1.14,10.0,10.058,3.4682464746404724,0.0,0.8,,q_learning,passive,100,9
1.22,10.0,10.834000000000003,4.163488395056606,0.0,0.95,,q_learning,passive,100,10
1.02,10.0,8.894,2.822709664722022,0.0,0.75,,q_learning,passive,100,11
1.34,10.0,11.998,4.762520661464891,0.0,1.0,,q_learning,passive,100,12
1.35,10.0,12.095,4.804518446272852,0.0,1.15,,q_learning,passive,100,13
1.15,10.0,10.155,3.3082266413029777,0.0,1.2,,q_learning,passive,100,14
1.12,10.0,9.863999999999999,3.7991216425296828,0.0,0.8,,q_learning,passive,100,15
1.34,10.0,11.998000000000001,4.33556503331747,0.0,1.3,,q_learning,passive,100,16
1.28,10.0,11.416000000000002,4.55391585109081,0.0,0.9,,q_learning,passive,100,17
1.31,10.0,11.707,4.126403339909638,0.0,0.9,,q_learning,passive,100,18
1.23,10.0,10.931,3.9895205963283815,0.0,1.3,,q_learning,passive,100,19
1.15,10.0,10.155,3.9939343259037887,0.0,0.9,,q_learning,passive,100,20
1.14,10.0,10.058,3.3750409047506014,0.0,0.75,,q_learning,passive,100,21
1.21,10.0,10.736999999999998,4.2856472199250755,0.0,0.85,,q_learning,passive,100,22
1.19,10.0,10.543,3.3107315493080485,0.0,0.8,,q_learning,passive,100,23
1.33,10.0,11.901000000000003,4.80728495658266,0.0,1.3,,q_learning,passive,100,24
1.24,10.0,11.028000000000002,3.8817107814936382,0.0,0.9,,q_learning,passive,100,25
1.13,10.0,9.961,3.2397051414976685,0.0,0.6,,q_learning,passive,100,26
1.15,10.0,10.155,3.2696276178623975,0.0,1.0,,q_learning,passive,100,27
1.19,10.0,10.543000000000001,3.3834735106246914,0.0,0.9,,q_learning,passive,100,28
1.21,10.0,10.736999999999998,3.8099950820944057,0.0,0.65,,q_learning,passive,100,29
1.27,10.0,11.319000000000003,4.330167573841083,0.0,1.05,,q_learning,passive,100,30
1.31,10.0,11.707,4.909167073548384,0.0,1.15,,q_learning,passive,100,31
1.15,10.0,10.155,3.7897888158996897,0.0,0.85,,q_learning,passive,100,32
1.24,10.0,11.028000000000002,4.314913416735662,0.0,1.05,,q_learning,passive,100,33
1.16,10.0,10.252,3.5667234628452222,0.0,1.3,,q_learning,passive,100,34
1.18,10.0,10.446,3.835736476376105,0.0,0.85,,q_learning,passive,100,35
0.93,10.0,8.021,2.1542290331114056,0.0,0.65,,q_learning,passive,100,36
1.44,10.0,12.968,5.31748600324818,0.0,1.5,,q_learning,passive,100,37
1.18,10.0,10.446000000000002,3.5497403510567893,0.0,0.85,,q_learning,passive,100,38
1.21,10.0,10.737000000000002,3.599201520352708,0.0,1.0,,q_learning,passive,100,39
1.22,10.0,10.834000000000001,3.787084272436953,0.0,0.95,,q_learning,passive,100,40
1.34,10.0,11.998,4.562366118067877,0.0,1.25,,q_learning,passive,100,41
1.13,10.0,9.961,3.3353072393340777,0.0,0.65,,q_learning,passive,100,42
1.19,10.0,10.543000000000001,3.658971105058346,0.0,1.15,,q_learning,passive,100,43
1.43,10.0,12.871000000000002,5.010693716665684,0.0,1.3,,q_learning,passive,100,44
1.22,10.0,10.834000000000001,3.7345372836056416,0.0,0.85,,q_learning,passive,100,45
1.26,10.0,11.222000000000001,4.407480368174369,0.0,0.7,,q_learning,passive,100,46
0.88,10.0,7.536000000000001,2.0059539052821767,0.0,0.9,,q_learning,passive,100,47
0.99,10.0,8.603000000000002,2.5425969315276298,0.0,0.85,,q_learning,passive,100,48
1.36,10.0,12.192,5.130248237008692,0.0,1.35,,q_learning,passive,100,49
1.28,10.0,11.416000000000002,4.003995647523616,0.0,0.65,,q_learning,passive,100,50
1.18,10.0,10.446000000000003,3.4609908667314353,0.0,1.4,,q_learning,passive,100,51
1.25,10.0,11.125,4.014650016800033,0.0,1.15,,q_learning,passive,100,52
1.12,10.0,9.864000000000003,3.5517245406509477,0.0,1.0,,q_learning,passive,100,53
1.31,10.0,11.706999999999999,4.759564035679137,0.0,0.9,,q_learning,passive,100,54
1.05,10.0,9.185,3.145271900505057,0.0,0.95,,q_learning,passive,100,55
1.22,10.0,10.834000000000003,4.023982843430026,0.0,0.9,,q_learning,passive,100,56
1.31,10.0,11.707,4.6928645196836385,0.0,0.95,,q_learning,passive,100,57
1.15,10.0,10.155000000000003,3.441485185834955,0.0,0.8,,q_learning,passive,100,58
1.22,10.0,10.834000000000001,4.088686876121984,0.0,0.65,,q_learning,passive,100,59
1.27,10.0,11.319,4.514314594229388,0.0,1.0,,q_learning,passive,100,60
1.19,10.0,10.543,4.129217781948742,0.0,0.9,,q_learning,passive,100,61
1.22,10.0,10.834000000000001,3.991630827084048,0.0,1.35,,q_learning,passive,100,62
1.18,10.0,10.446000000000002,3.7278449261239484,0.0,1.05,,q_learning,passive,100,63
1.12,10.0,9.863999999999999,3.4063730265727616,0.0,1.3,,q_learning,passive,100,64
0.89,10.0,7.633000000000001,2.108937652189131,0.0,0.95,,q_learning,passive,100,65
1.18,10.0,10.446000000000002,3.659290414283928,0.0,1.15,,q_learning,passive,100,66
1.03,10.0,8.991000000000001,2.909348918291707,0.0,0.9,,q_learning,passive,100,67
1.1,10.0,9.670000000000002,3.83171123268383,0.0,0.75,,q_learning,passive,100,68
1.38,10.0,12.386,4.588916477706343,0.0,1.1,,q_learning,passive,100,69
1.14,10.0,10.058,3.2191908597867536,0.0,0.85,,q_learning,passive,100,70
1.24,10.0,11.028000000000002,4.469441919053086,0.0,0.8,,q_learning,passive,100,71
1.2,10.0,10.640000000000002,3.668412311746871,0.0,0.95,,q_learning,passive,100,72
1.1,10.0,9.670000000000002,3.5670491394643973,0.0,0.9,,q_learning,passive,100,73
1.2,10.0,10.639999999999997,3.9477603853285888,0.0,1.45,,q_learning,passive,100,74
1.08,10.0,9.476,3.1954710847725325,0.0,0.6,,q_learning,passive,100,75
1.05,10.0,9.185,2.9309648299438544,0.0,0.55,,q_learning,passive,100,76
1.22,10.0,10.834000000000001,3.884541366117884,0.0,0.8,,q_learning,passive,100,77
1.09,10.0,9.573000000000002,3.4274618524204046,0.0,1.2,,q_learning,passive,100,78
1.13,10.0,9.961,3.6060117778746554,0.0,0.75,,q_learning,passive,100,79
1.04,10.0,9.088000000000001,2.632078063430945,0.0,0.75,,q_learning,passive,100,80
0.99,10.0,8.603000000000002,2.737045999932059,0.0,0.75,,q_learning,passive,100,81
1.38,10.0,12.385999999999997,5.629174799466492,0.0,1.1,,q_learning,passive,100,82
1.02,10.0,8.893999999999998,3.3873158486515003,0.0,0.6,,q_learning,passive,100,83
1.1,10.0,9.670000000000002,3.689809153110712,0.0,0.75,,q_learning,passive,100,84
1.22,10.0,10.834000000000001,3.5463352222958155,0.0,1.1,,q_learning,passive,100,85
1.13,10.0,9.961000000000002,3.3391577184821415,0.0,1.0,,q_learning,passive,100,86
1.26,10.0,11.222000000000003,4.257476285662126,0.0,1.0,,q_learning,passive,100,87
1.38,10.0,12.386000000000001,5.390822277271892,0.0,1.3,,q_learning,passive,100,88
1.25,10.0,11.125,4.357043610098724,0.0,0.9,,q_learning,passive,100,89
1.31,10.0,11.707,4.403017915216258,0.0,1.1,,q_learning,passive,100,90
1.37,10.0,12.289000000000003,5.0143364192348265,0.0,1.2,,q_learning,passive,100,91
1.12,10.0,9.863999999999999,3.343664477184347,0.0,0.9,,q_learning,passive,100,92
1.15,10.0,10.155,3.5368827218979066,0.0,0.95,,q_learning,passive,100,93
1.15,10.0,10.155,3.4679271654148898,0.0,1.3,,q_learning,passive,100,94
1.12,10.0,9.864,3.31097549050981,0.0,1.05,,q_learning,passive,100,95
1.1,10.0,9.67,3.1860565227251256,0.0,0.7,,q_learning,passive,100,96
0.99,10.0,8.603000000000002,3.0287476002439604,0.0,0.6,,q_learning,passive,100,97
1.23,10.0,10.931,3.8838210122493058,0.0,0.95,,q_learning,passive,100,98
1.16,10.0,10.252,3.502019430153265,0.0,1.1,,q_learning,passive,100,99
3.93,3.0477237314020935,7.580532791020647,28.36935685918529,0.0,5.7,,q_learning,regression,100,0
2.45,5.485515368885669,7.801220053216216,15.858274051330506,0.0,4.4,,q_learning,regression,100,1
4.01,2.9961355058681853,6.764379363064611,30.19005508747629,0.0,5.65,,q_learning,regression,100,2
3.53,3.5876453464736477,7.486513241667312,24.26705137483495,0.0,5.0,,q_learning,regression,100,3
3.83,3.1548039896040927,6.977209852006086,28.191533654993215,0.0,5.2,,q_learning,regression,100,4
4.35,2.658162911083464,7.535999688208082,30.327844489491618,0.0,5.8,,q_learning,regression,100,5
2.58,4.9901516815213185,7.177539498453154,16.604608337600126,0.0,4.5,,q_learning,regression,100,6
1.31,9.471528787195538,11.095062265202884,4.7700625665648,0.0,1.2,,q_learning,regression,100,7
3.58,2.9230987576821725,6.217205962825509,27.662294283167352,0.0,4.55,,q_learning,regression,100,8
1.14,9.927968,9.993514666666666,3.4682464746404724,0.0,0.8,,q_learning,regression,100,9
3.95,3.012416286945663,7.5614002139154115,28.54719101500266,0.0,5.6,,q_learning,regression,100,10
1.69,7.1395407073461685,7.484540652502832,9.284996689047052,0.0,3.35,,q_learning,regression,100,11
4.19,3.1438867502523165,8.574946722501391,32.93211009681183,0.0,5.95,,q_learning,regression,100,12
1.35,9.938352,12.028264000000002,4.804518446272852,0.0,1.15,,q_learning,regression,100,13
1.15,9.87176,10.037160000000002,3.3082266413029777,0.0,1.2,,q_learning,regression,100,14
3.24,3.415364002028474,6.408359532925267,21.258129300887177,0.0,4.55,,q_learning,regression,100,15
1.34,9.915936,11.902960000000002,4.33556503331747,0.0,1.3,,q_learning,regression,100,16
1.29,9.548133333333332,11.202733333333333,4.57585107196854,0.0,0.9,,q_learning,regression,100,17
4.14,2.8076750896054357,7.027866483193866,32.557767820155284,0.0,5.75,,q_learning,regression,100,18
3.32,4.323669333333333,7.656405333333334,23.998779945431735,0.0,5.45,,q_learning,regression,100,19
3.79,2.8374561525743474,6.3892237986974285,26.1624143580842,0.0,4.7,,q_learning,regression,100,20
4.02,2.735442049584039,6.939212842701822,28.40808930504137,0.0,5.55,,q_learning,regression,100,21
3.48,3.049542612699385,6.532149221077559,24.856110460546848,0.0,5.05,,q_learning,regression,100,22
1.19,9.938675555555555,10.480875555555558,3.3107315493080485,0.0,0.8,,q_learning,regression,100,23
4.15,2.8370356110047545,7.349532937964961,31.036714418953537,0.0,5.55,,q_learning,regression,100,24
1.24,9.530983165270909,10.505146778548498,3.8817107814936382,0.0,0.9,,q_learning,regression,100,25
2.53,5.451329991738729,7.903049938017778,16.616432246147575,0.0,3.8,,q_learning,regression,100,26
3.13,4.021006348668522,7.071045086640586,21.547196521346326,0.0,4.85,,q_learning,regression,100,27
1.21,9.53757504,9.938575040000002,3.502145471314774,0.0,1.0,,q_learning,regression,100,28
1.21,9.948,10.6998,3.8099950820944057,0.0,0.65,,q_learning,regression,100,29
1.27,9.926289116256045,11.222008437276804,4.330167573841083,0.0,1.05,,q_learning,regression,100,30
3.94,3.5245441980881678,7.599601541161478,28.827728634132583,0.0,5.5,,q_learning,regression,100,31
3.0,4.045102607560974,7.541198997751897,21.573891648703828,0.0,3.9,,q_learning,regression,100,32
3.67,2.973796810070985,6.576857630914326,27.543135972045565,0.0,5.45,,q_learning,regression,100,33
1.16,9.5536,9.878400000000001,3.5667234628452222,0.0,1.3,,q_learning,regression,100,34
3.26,3.9327926780818037,7.587313925900508,22.826035944921678,0.0,4.55,,q_learning,regression,100,35
3.94,2.6697989021454265,6.262696658332761,31.40176621973429,0.0,5.05,,q_learning,regression,100,36
4.5,2.800596151252431,8.512264143427494,34.87812332783442,0.0,5.95,,q_learning,regression,100,37
3.4,3.0291900012778954,6.169094874458298,22.910087974186595,0.0,4.45,,q_learning,regression,100,38
3.82,2.9767733989756233,6.476991526351529,26.380192551046104,0.0,5.5,,q_learning,regression,100,39
3.5,3.966146407819752,8.009355418410372,25.321044461590645,0.0,5.05,,q_learning,regression,100,40
1.34,9.747432448978248,11.716544480210416,4.562366118067877,0.0,1.25,,q_learning,regression,100,41
2.02,6.33256,8.18752,10.892297455372324,0.0,3.35,,q_learning,regression,100,42
1.7,7.531787571446154,8.441785107938463,8.565182760481143,0.0,3.15,,q_learning,regression,100,43
4.43,2.7507123221461303,7.378753257858756,32.1816788173952,0.0,5.9,,q_learning,regression,100,44
1.22,9.791239765536742,10.621721603576118,3.7345372836056416,0.0,0.85,,q_learning,regression,100,45
1.26,9.90659207579168,11.11522137071749,4.407480368174369,0.0,0.7,,q_learning,regression,100,46
0.88,9.729160165001652,7.334522816848156,2.0059539052821767,0.0,0.9,,q_learning,regression,100,47
3.4,3.232512146765689,6.25604705032792,25.8172303294446,0.0,4.95,,q_learning,regression,100,48
3.44,3.6741059639238767,7.640271526514717,23.43466253277948,0.0,5.35,,q_learning,regression,100,49
1.28,9.940969028924437,11.338584625234851,4.003995647523616,0.0,0.65,,q_learning,regression,100,50
2.42,5.10151145721195,6.524455589359672,15.07215676442392,0.0,4.55,,q_learning,regression,100,51
4.0,2.719825954969192,6.885293031892269,31.300360643916044,0.0,5.05,,q_learning,regression,100,52
3.2,3.351170417092339,6.45902194282935,23.61915604752556,0.0,4.8,,q_learning,regression,100,53
1.31,9.940072187908676,11.633456563726027,4.759564035679137,0.0,0.9,,q_learning,regression,100,54
1.05,9.782191934901288,8.986464343347642,3.145271900505057,0.0,0.95,,q_learning,regression,100,55
4.44,2.9813845169018487,7.580556275102972,34.880343301748574,0.0,5.95,,q_learning,regression,100,56
2.76,5.767114865241992,12.035913314824302,18.53135780173298,0.0,3.8,,q_learning,regression,100,57
1.15,9.853936,10.022376000000001,3.441485185834955,0.0,0.8,,q_learning,regression,100,58
3.6,3.7260188481303134,7.766982263126867,26.220951178778215,0.0,5.55,,q_learning,regression,100,59
3.81,3.3784769898994114,7.262419551752308,27.50755283510953,0.0,5.75,,q_learning,regression,100,60
3.15,4.289874673787501,8.000571959498506,21.149928532839205,0.0,4.65,,q_learning,regression,100,61
3.31,3.90638007397142,7.6900068371705395,20.888054454115164,0.0,4.7,,q_learning,regression,100,62
3.75,3.472673249570264,7.783942645540805,29.32398590477338,0.0,6.35,,q_learning,regression,100,63
1.12,9.79929717932181,9.658985937306705,3.4063730265727616,0.0,1.3,,q_learning,regression,100,64
0.89,9.928168679975638,7.577000000000001,2.108937652189131,0.0,0.95,,q_learning,regression,100,65
3.6,3.1416032030714574,6.546376126563161,24.89010823757914,0.0,5.05,,q_learning,regression,100,66
3.37,2.7559914494048194,5.960672782209306,24.96371342176904,0.0,4.25,,q_learning,regression,100,67
1.1,9.51541509948529,9.393521230268565,3.83171123268383,0.0,0.75,,q_learning,regression,100,68
3.79,3.26220382091943,7.3639904677413135,26.117721236389315,0.0,5.25,,q_learning,regression,100,69
3.51,3.1701506055200803,6.653459276607376,25.726896546622562,0.0,4.55,,q_learning,regression,100,70
3.98,2.622292340133679,7.100945512415301,30.748232178451516,0.0,4.9,,q_learning,regression,100,71
1.2,9.778361716454274,10.396642574022115,3.668412311746871,0.0,0.95,,q_learning,regression,100,72
1.3,8.444758265452696,8.565881733733766,5.1271244791228,0.0,1.9,,q_learning,regression,100,73
1.2,9.9345216,10.570316799999999,3.9477603853285888,0.0,1.45,,q_learning,regression,100,74
2.69,5.252702116798492,7.264706723328652,19.33756005104358,0.0,4.8,,q_learning,regression,100,75
1.05,9.942,9.1302,2.9309648299438544,0.0,0.55,,q_learning,regression,100,76
1.74,7.149312584859494,9.158822729631645,8.1204114579291,0.0,2.8,,q_learning,regression,100,77
1.1,9.54184,9.200800000000001,3.5241985922327568,0.0,1.2,,q_learning,regression,100,78
1.14,9.380514338084009,9.417128780997304,3.6279469987523845,0.0,0.75,,q_learning,regression,100,79
1.04,9.939872000000001,9.029472,2.632078063430945,0.0,0.75,,q_learning,regression,100,80
3.25,3.430744849187829,6.333514950446219,21.719755688477516,0.0,4.55,,q_learning,regression,100,81
4.42,3.1684618595156087,8.557222393121899,34.62812517206934,0.0,5.45,,q_learning,regression,100,82
2.47,5.029237381605218,6.853901995453392,15.662613416296058,0.0,4.2,,q_learning,regression,100,83
1.1,9.876309245118758,9.560701953490298,3.689809153110712,0.0,0.75,,q_learning,regression,100,84
1.22,9.855124815462709,10.671120385929095,3.5463352222958155,0.0,1.1,,q_learning,regression,100,85
3.71,3.2738202697826604,6.866198156165938,26.297172080249396,0.0,5.45,,q_learning,regression,100,86
3.37,3.784457543078096,7.431198142622569,23.899176358321323,0.0,5.25,,q_learning,regression,100,87
1.4,9.446294985615472,12.025740271354808,5.4346927190273515,0.0,1.3,,q_learning,regression,100,88
2.03,6.699909818181818,9.25053309090909,11.436986846991,0.0,3.45,,q_learning,regression,100,89
1.31,9.94138152378224,11.642400000000002,4.403017915216258,0.0,1.1,,q_learning,regression,100,90
3.68,3.570959793948971,8.111127613325785,28.669536102857993,0.0,5.15,,q_learning,regression,100,91
1.12,9.600254492307693,9.584242153846153,3.343664477184347,0.0,0.9,,q_learning,regression,100,92
3.74,3.565953511383489,8.10654538795285,28.845599101668103,0.0,5.15,,q_learning,regression,100,93
3.04,3.645880247514481,6.381114279278311,20.27659323301432,0.0,4.75,,q_learning,regression,100,94
3.53,3.171130767479557,6.226392302438671,25.673525223170586,0.0,5.15,,q_learning,regression,100,95
1.1,9.452355622374075,9.22659711322267,3.1860565227251256,0.0,0.7,,q_learning,regression,100,96
3.16,3.95,7.3368,23.266391521132977,0.0,4.65,,q_learning,regression,100,97
3.09,4.3419218304817715,7.640094092505539,21.465268792957815,0.0,5.15,,q_learning,regression,100,98
1.87,7.1421600000000005,8.03572,10.234304060937985,0.0,4.05,,q_learning,regression,100,99
3.56,4.32,9.212,25.835892022702538,0.0,3.8,,q_learning,q_learning,100,0
3.35,4.2,9.255,22.87837108161956,0.0,3.8,,q_learning,q_learning,100,1
3.43,4.42,9.891,25.785314268490684,0.0,4.05,,q_learning,q_learning,100,2
2.1,6.06,8.290000000000003,12.926213002368932,0.0,2.45,,q_learning,q_learning,100,3
3.52,4.9,16.064,25.76955608234911,0.0,4.3,,q_learning,q_learning,100,4
2.87,6.28,14.719,18.01509399840611,0.0,2.85,,q_learning,q_learning,100,5
3.12,5.4,13.004000000000001,19.84560302839693,0.0,4.4,,q_learning,q_learning,100,6
3.42,4.84,12.034000000000002,25.227849881438488,0.0,4.4,,q_learning,q_learning,100,7
2.88,4.66,7.956,19.827725492351668,0.0,1.95,,q_learning,q_learning,100,8
1.45,7.22,8.385,5.9880699895436855,0.0,2.1,,q_learning,q_learning,100,9
4.06,3.98,9.982,30.375281454358728,0.0,4.4,,q_learning,q_learning,100,10
2.78,4.8,7.685999999999999,18.519470254155745,0.0,4.0,,q_learning,q_learning,100,11
2.86,6.1,10.422,19.47437146806285,0.0,2.65,,q_learning,q_learning,100,12
3.33,4.86,8.401,20.922653520253558,0.0,3.4,,q_learning,q_learning,100,13
2.91,4.96,9.767000000000001,17.688780962140946,0.0,4.0,,q_learning,q_learning,100,14
2.62,5.14,7.254,16.459051376894525,0.0,2.8,,q_learning,q_learning,100,15
3.44,4.32,10.888,25.4082563605827,0.0,5.1,,q_learning,q_learning,100,16
3.85,3.56,8.025,27.95259666154642,0.0,5.3,,q_learning,q_learning,100,17
3.01,5.42,11.737,20.142342323453597,0.0,2.75,,q_learning,q_learning,100,18
3.43,4.78,11.291000000000004,22.44751702198383,0.0,3.9,,q_learning,q_learning,100,19
2.43,6.44,11.491000000000001,15.636114934907203,0.0,3.0,,q_learning,q_learning,100,20
1.63,6.4,7.5710000000000015,8.701118736763949,0.0,1.85,,q_learning,q_learning,100,21
2.78,6.06,12.566000000000004,19.60934470590557,0.0,4.35,,q_learning,q_learning,100,22
1.85,6.52,8.685,9.777761310185584,0.0,1.25,,q_learning,q_learning,100,23
3.27,5.0,11.279000000000002,21.29193072231541,0.0,4.15,,q_learning,q_learning,100,24
2.14,6.82,13.998000000000001,12.063545528888262,0.0,2.25,,q_learning,q_learning,100,25
2.34,6.1,7.198,13.452454657470403,0.0,2.5,,q_learning,q_learning,100,26
3.17,4.16,6.729000000000001,23.303296235995557,0.0,3.2,,q_learning,q_learning,100,27
3.33,4.72,8.021,21.50254732921876,0.0,3.65,,q_learning,q_learning,100,28
3.73,3.94,10.541000000000002,21.791579814392097,0.0,5.1,,q_learning,q_learning,100,29
3.38,4.26,8.606,25.711888420684794,0.0,4.3,,q_learning,q_learning,100,30
3.42,4.26,9.094,24.167726130998187,0.0,3.25,,q_learning,q_learning,100,31
3.64,3.7,6.0680000000000005,29.1379066599148,0.0,4.25,,q_learning,q_learning,100,32
2.06,6.4,8.402000000000001,12.352104505099371,0.0,2.8,,q_learning,q_learning,100,33
3.2,4.74,8.499999999999998,22.125256938980844,0.0,4.4,,q_learning,q_learning,100,34
3.11,4.56,7.447,20.715333853304173,0.0,3.85,,q_learning,q_learning,100,35
2.14,5.28,7.718000000000002,12.54116030458085,0.0,3.0,,q_learning,q_learning,100,36
3.99,3.88,9.963,29.90186877914579,0.0,4.8,,q_learning,q_learning,100,37
3.45,4.2,11.365,24.41902655256859,0.0,3.7,,q_learning,q_learning,100,38
2.29,6.58,12.873000000000001,12.83009456966754,0.0,2.95,,q_learning,q_learning,100,39
2.28,5.58,8.116000000000001,14.104884118650537,0.0,2.6,,q_learning,q_learning,100,40
3.72,4.52,12.724,22.716283917472797,0.0,4.95,,q_learning,q_learning,100,41
3.18,4.56,7.886000000000001,21.7212300625242,0.0,3.55,,q_learning,q_learning,100,42
3.06,4.86,8.682,19.410409923041424,0.0,4.75,,q_learning,q_learning,100,43
2.66,5.72,10.962,17.708178316851836,0.0,2.2,,q_learning,q_learning,100,44
2.87,5.2,10.379000000000001,18.115820544152328,0.0,3.2,,q_learning,q_learning,100,45
3.28,4.14,9.576,21.681685346799313,0.0,3.9,,q_learning,q_learning,100,46
2.89,4.68,7.833000000000002,20.01897046098393,0.0,3.5,,q_learning,q_learning,100,47
2.95,5.02,13.795000000000002,18.333826648451,0.0,2.6,,q_learning,q_learning,100,48
3.59,3.86,8.563,26.509245751614788,0.0,4.95,,q_learning,q_learning,100,49
3.1,5.22,11.03,21.108441235355016,0.0,4.25,,q_learning,q_learning,100,50
2.84,5.66,12.828000000000001,19.7655726589975,0.0,4.45,,q_learning,q_learning,100,51
3.46,3.92,9.462,24.98794141637287,0.0,4.35,,q_learning,q_learning,100,52
2.8,4.7,6.56,19.36938622197709,0.0,2.45,,q_learning,q_learning,100,53
3.65,4.8,11.185,23.801921496434588,0.0,5.2,,q_learning,q_learning,100,54
3.07,4.48,9.579,23.002961153959856,0.0,3.25,,q_learning,q_learning,100,55
2.82,6.0,12.954,18.436785286736157,0.0,4.25,,q_learning,q_learning,100,56
2.31,6.24,9.447000000000001,14.224696267842248,0.0,2.1,,q_learning,q_learning,100,57
4.56,2.74,7.531999999999999,33.134349039498034,0.0,4.95,,q_learning,q_learning,100,58
3.46,4.46,10.042,25.640762753732606,0.0,3.5,,q_learning,q_learning,100,59
3.6,3.8,8.56,23.278182252240068,0.0,3.5,,q_learning,q_learning,100,60
2.87,5.7,7.979000000000002,18.31164967666565,0.0,3.45,,q_learning,q_learning,100,61
3.6,4.34,12.379999999999997,26.774624102152842,0.0,4.95,,q_learning,q_learning,100,62
3.83,4.2,10.851,29.624843652696185,0.0,5.05,,q_learning,q_learning,100,63
1.66,6.6,7.682,8.378646746539395,0.0,2.35,,q_learning,q_learning,100,64
2.7,4.46,7.590000000000001,18.528550364798846,0.0,3.35,,q_learning,q_learning,100,65
2.61,5.78,10.937000000000001,16.538833001484313,0.0,2.55,,q_learning,q_learning,100,66
3.31,4.06,8.747,24.246949241316244,0.0,3.9,,q_learning,q_learning,100,67
2.8,5.3,10.68,19.072653131768426,0.0,3.3,,q_learning,q_learning,100,68
3.65,4.34,11.745,27.470296154552496,0.0,5.35,,q_learning,q_learning,100,69
2.61,5.46,8.277000000000001,17.315483604060763,0.0,3.05,,q_learning,q_learning,100,70
3.4,4.38,10.36,24.18409041351674,0.0,4.15,,q_learning,q_learning,100,71
3.14,5.42,15.998000000000001,21.044068261493614,0.0,3.05,,q_learning,q_learning,100,72
2.87,5.34,9.059000000000001,20.08953194108841,0.0,4.25,,q_learning,q_learning,100,73
3.75,3.98,9.935,27.82200801315699,0.0,4.4,,q_learning,q_learning,100,74
2.42,5.64,7.914000000000001,15.274616462537098,0.0,2.9,,q_learning,q_learning,100,75
2.54,5.34,8.798,15.654699894762581,0.0,2.5,,q_learning,q_learning,100,76
2.39,5.6,7.143,12.397919910132032,0.0,3.15,,q_learning,q_learning,100,77
2.53,6.02,14.101,17.137195120644446,0.0,3.35,,q_learning,q_learning,100,78
2.19,5.36,7.283,13.630259145092715,0.0,2.65,,q_learning,q_learning,100,79
2.36,5.2,6.172000000000001,13.411184382468555,0.0,2.25,,q_learning,q_learning,100,80
1.38,7.04,7.886000000000001,6.0710209697496555,0.0,1.25,,q_learning,q_learning,100,81
3.65,4.42,12.625,26.904586288828327,0.0,4.25,,q_learning,q_learning,100,82
2.71,4.8,9.347000000000001,17.901146566375953,0.0,2.9,,q_learning,q_learning,100,83
2.98,4.78,9.486,21.203062375683565,0.0,2.9,,q_learning,q_learning,100,84
3.3,5.38,13.43,21.704655833743537,0.0,4.45,,q_learning,q_learning,100,85
3.2,4.42,7.4,24.105972428903492,0.0,4.15,,q_learning,q_learning,100,86
3.43,4.32,10.291000000000002,23.80740714964375,0.0,4.75,,q_learning,q_learning,100,87
3.34,5.16,12.957999999999997,23.04563233893386,0.0,4.95,,q_learning,q_learning,100,88
3.43,4.84,13.251,22.288335073535354,0.0,4.1,,q_learning,q_learning,100,89
3.91,3.44,8.047,27.83935367850804,0.0,4.35,,q_learning,q_learning,100,90
3.84,4.26,11.507999999999997,28.841885706200856,0.0,4.5,,q_learning,q_learning,100,91
2.37,5.4,6.429000000000001,16.25616526802945,0.0,3.3,,q_learning,q_learning,100,92
3.6,4.1,9.4,27.352129423963007,0.0,3.9,,q_learning,q_learning,100,93
2.66,5.0,9.101999999999999,18.057560824061134,0.0,3.15,,q_learning,q_learning,100,94
3.19,5.04,10.203000000000001,22.031686196275846,0.0,3.6,,q_learning,q_learning,100,95
2.56,5.5,10.472000000000001,16.067734689842126,0.0,3.55,,q_learning,q_learning,100,96
3.85,3.96,10.625,30.477935205086634,0.0,4.55,,q_learning,q_learning,100,97
3.52,5.0,13.764000000000001,25.329945296850372,0.0,4.1,,q_learning,q_learning,100,98
3.25,4.32,9.105,21.862888124670718,0.0,4.15,,q_learning,q_learning,100,99
1.28,9.76,10.968000000000002,4.8265369210858315,0.0,0.9,,q_learning,gp,100,0
1.01,9.856,8.589,3.4440326258564578,0.0,0.5,,q_learning,gp,100,1
1.16,9.232,9.34,3.5319749185527054,0.0,0.95,,q_learning,gp,100,2
1.09,9.536,9.109000000000002,3.706472955673563,0.0,0.45,,q_learning,gp,100,3
1.22,9.856,10.674000000000001,3.738387762753706,0.0,1.3,,q_learning,gp,100,4
1.45,9.376,11.513000000000002,5.907021463514463,0.0,1.25,,q_learning,gp,100,5
1.21,9.632,10.145,4.683048404316053,0.0,0.95,,q_learning,gp,100,6
1.25,9.472000000000001,10.549,4.43809213612795,0.0,1.2,,q_learning,gp,100,7
1.0,8.496000000000002,6.956,2.9615322921533416,0.0,0.75,,q_learning,gp,100,8
1.16,9.28,9.308,3.736521473199801,0.0,0.8,,q_learning,gp,100,9
1.21,9.728000000000002,10.433000000000002,3.921400141166067,0.0,0.9,,q_learning,gp,100,10
0.97,9.68,8.073,2.466374473426193,0.0,0.7,,q_learning,gp,100,11
1.31,9.824,11.403000000000002,4.221062861001034,0.0,1.0,,q_learning,gp,100,12
1.37,9.168000000000001,11.185,4.751332838990376,0.0,1.15,,q_learning,gp,100,13
1.17,9.76,10.157,3.570254632767704,0.0,1.15,,q_learning,gp,100,14
1.16,9.824,9.98,3.789469506674107,0.0,0.75,,q_learning,gp,100,15
1.9,8.367999999999999,13.254000000000001,10.389076114826416,0.0,3.55,,q_learning,gp,100,16
2.59,7.967999999999998,18.363000000000003,17.77420267362431,0.0,2.75,,q_learning,gp,100,17
2.89,7.951999999999999,19.433,17.22474034738866,0.0,3.15,,q_learning,gp,100,18
2.63,8.208,20.159000000000002,17.548554641169154,0.0,2.75,,q_learning,gp,100,19
1.18,9.472000000000001,9.71,3.766443949564529,0.0,0.9,,q_learning,gp,100,20
1.15,9.552,9.450999999999999,3.601185709946867,0.0,0.75,,q_learning,gp,100,21
1.19,9.68,10.239,4.209424761823637,0.0,0.85,,q_learning,gp,100,22
1.2,9.664,10.079999999999998,3.5995208295782906,0.0,0.8,,q_learning,gp,100,23
1.26,9.792,10.982000000000003,4.403629889026305,0.0,1.25,,q_learning,gp,100,24
1.22,9.408,10.13,4.0197953939534035,0.0,0.9,,q_learning,gp,100,25
1.78,8.799999999999999,12.698,10.068173948648624,0.0,2.45,,q_learning,gp,100,26
1.12,9.552,9.064,3.1652229317886276,0.0,0.8,,q_learning,gp,100,27
1.18,9.84,10.19,3.511141327616208,0.0,0.85,,q_learning,gp,100,28
1.19,9.824,10.287,3.648873618815679,0.0,0.65,,q_learning,gp,100,29
2.58,8.063999999999998,16.986,15.37681707726697,0.0,1.95,,q_learning,gp,100,30
1.28,9.68,11.0,4.112807695779201,0.0,1.15,,q_learning,gp,100,31
1.97,7.840000000000001,10.413,10.897548146870367,0.0,1.45,,q_learning,gp,100,32
1.24,9.808,10.628000000000002,4.236261418652975,0.0,1.05,,q_learning,gp,100,33
1.18,9.36,9.854000000000001,3.7741449078606575,0.0,1.3,,q_learning,gp,100,34
2.74,7.472,15.130000000000003,18.974258512644962,0.0,2.75,,q_learning,gp,100,35
0.95,9.776,8.023,2.2019499540149288,0.0,0.65,,q_learning,gp,100,36
1.39,9.696,12.210999999999997,5.040203854678032,0.0,1.5,,q_learning,gp,100,37
1.21,9.648,10.273,3.63780054379329,0.0,0.8,,q_learning,gp,100,38
1.8,8.784,12.252,9.491976114033315,0.0,2.4,,q_learning,gp,100,39
1.21,9.120000000000001,9.393,3.8298530842511798,0.0,0.95,,q_learning,gp,100,40
1.35,9.824,11.823000000000002,4.7159013705026,0.0,1.25,,q_learning,gp,100,41
1.13,8.368,7.801,3.521112772697366,0.0,0.6,,q_learning,gp,100,42
1.21,9.856,10.545000000000002,3.9209990965230723,0.0,1.1,,q_learning,gp,100,43
1.44,9.728,12.584000000000001,5.208336984664037,0.0,1.3,,q_learning,gp,100,44
1.23,9.072000000000001,9.731,3.795071527923952,0.0,0.8,,q_learning,gp,100,45
1.21,9.696,10.305,3.9658451270582544,0.0,0.65,,q_learning,gp,100,46
0.96,9.664000000000001,7.864000000000001,2.3595402473711733,0.0,0.95,,q_learning,gp,100,47
1.0,9.632,8.364,2.622989178002714,0.0,0.75,,q_learning,gp,100,48
1.34,9.792,11.822000000000003,5.003474273379487,0.0,1.3,,q_learning,gp,100,49
2.04,8.095999999999998,14.867999999999997,12.026259255807496,0.0,0.9,,q_learning,gp,100,50
1.22,9.616,10.418000000000001,3.9714358545987154,0.0,1.4,,q_learning,gp,100,51
2.15,8.048000000000002,13.215,12.360614262159183,0.0,2.4,,q_learning,gp,100,52
1.13,9.76,9.721000000000002,3.6060117778746554,0.0,1.1,,q_learning,gp,100,53
1.84,7.712000000000001,11.983999999999998,9.65618529556179,0.0,1.3,,q_learning,gp,100,54
1.07,9.44,8.627000000000002,3.1306853166631625,0.0,0.95,,q_learning,gp,100,55
1.26,9.76,10.886000000000001,4.283982339556498,0.0,1.0,,q_learning,gp,100,56
2.76,8.607999999999999,19.676,16.53041868094284,0.0,2.35,,q_learning,gp,100,57
1.15,9.472000000000001,9.435,3.838084280939942,0.0,0.75,,q_learning,gp,100,58
1.25,9.392000000000001,9.924999999999999,4.25998756106079,0.0,0.65,,q_learning,gp,100,59
1.31,9.616,10.987,4.294410428734132,0.0,1.0,,q_learning,gp,100,60
1.13,9.2,9.161000000000001,3.701409313937607,0.0,0.85,,q_learning,gp,100,61
1.23,9.152000000000001,9.683,4.369775198096098,0.0,1.35,,q_learning,gp,100,62
1.15,8.816,8.731,3.694391279836738,0.0,1.05,,q_learning,gp,100,63
2.42,6.96,10.842000000000002,15.916104372395978,0.0,3.65,,q_learning,gp,100,64
0.83,9.312000000000001,6.379000000000002,1.6496187139863483,0.0,0.95,,q_learning,gp,100,65
2.4,7.52,12.968,15.09472943675331,0.0,3.0,,q_learning,gp,100,66
2.68,7.728,16.596,16.168697490473093,0.0,3.1,,q_learning,gp,100,67
1.15,8.8,8.907,4.121683878312719,0.0,0.75,,q_learning,gp,100,68
1.37,9.392000000000001,11.392999999999999,4.42568478367195,0.0,1.1,,q_learning,gp,100,69
1.18,9.76,10.046,3.802646445058571,0.0,0.85,,q_learning,gp,100,70
1.43,8.192000000000002,10.007,6.353850689614192,0.0,0.8,,q_learning,gp,100,71
1.2,9.344,9.664000000000001,3.5511612902236034,0.0,0.95,,q_learning,gp,100,72
1.12,9.312000000000001,8.968,3.4835710734539225,0.0,0.9,,q_learning,gp,100,73
1.22,9.488000000000001,10.209999999999999,3.8357807821201995,0.0,1.45,,q_learning,gp,100,74
1.18,8.800000000000002,8.894,4.08658301275991,0.0,0.6,,q_learning,gp,100,75
1.09,9.76,9.317,2.881259719446173,0.0,0.6,,q_learning,gp,100,76
1.24,9.504,10.147999999999998,3.7784077253611015,0.0,0.85,,q_learning,gp,100,77
3.03,7.391999999999999,17.127000000000002,21.77603712928512,0.0,4.4,,q_learning,gp,100,78
1.19,9.712,9.871000000000002,4.318974825050777,0.0,0.75,,q_learning,gp,100,79
1.04,9.968,9.056000000000001,2.905179129918061,0.0,0.75,,q_learning,gp,100,80
0.97,9.728,8.249000000000002,2.787355082775903,0.0,0.75,,q_learning,gp,100,81
3.44,7.3919999999999995,21.503999999999998,24.032454006775037,0.0,4.1,,q_learning,gp,100,82
0.97,9.808,8.281,2.986134626820489,0.0,0.6,,q_learning,gp,100,83
1.11,9.328,8.967,3.792792900017667,0.0,0.7,,q_learning,gp,100,84
2.99,7.871999999999999,19.475,18.961344104766553,0.0,3.3,,q_learning,gp,100,85
1.15,9.696,9.675,3.4683282100578863,0.0,1.0,,q_learning,gp,100,86
1.22,9.76,10.562000000000003,3.9227393449154686,0.0,1.0,,q_learning,gp,100,87
2.24,8.064,13.944,14.057590604885581,0.0,2.4,,q_learning,gp,100,88
1.26,9.776,10.790000000000003,4.102027285341275,0.0,0.9,,q_learning,gp,100,89
1.28,9.808,11.064,4.327114766340403,0.0,1.1,,q_learning,gp,100,90
1.38,9.280000000000001,11.346000000000002,4.7791780966341495,0.0,1.25,,q_learning,gp,100,91
1.15,9.632,9.579,3.919533851612162,0.0,0.9,,q_learning,gp,100,92
1.2,9.040000000000001,9.168000000000001,3.931816936634316,0.0,0.9,,q_learning,gp,100,93
1.09,9.792,9.380999999999998,2.9014546919315047,0.0,1.35,,q_learning,gp,100,94
1.11,9.632,9.431000000000003,3.2730327466233713,0.0,1.05,,q_learning,gp,100,95
1.13,9.584000000000001,9.497,3.2518621853583145,0.0,0.6,,q_learning,gp,100,96
0.98,9.712,8.154,2.814358794265345,0.0,0.65,,q_learning,gp,100,97
1.24,9.472000000000001,10.308000000000002,4.223366359820775,0.0,0.95,,q_learning,gp,100,98
1.13,9.056000000000001,8.857000000000001,3.2989001820665784,0.0,1.1,,q_learning,gp,100,99
2.159,10.0,19.9423,8.23989902905608,0.0,2.0,400.0,heuristic,passive,1000,0
2.143,10.0,19.7871,8.083988695585683,0.0,2.0,400.0,heuristic,passive,1000,1
2.213,10.0,20.466099999999997,8.787082467169931,0.0,2.0,400.0,heuristic,passive,1000,2
2.148,10.0,19.8356,8.217323743321142,0.0,2.0,400.0,heuristic,passive,1000,3
3.042,10.0,28.507400000000008,16.840058432066712,0.0,3.0,400.0,heuristic,passive,1000,4
2.146,10.0,19.8162,8.14661728885528,0.0,2.0,400.0,heuristic,passive,1000,5
2.277,10.0,21.0869,9.376649893033598,0.0,2.0,,heuristic,passive,1000,6
2.331,10.0,21.6107,9.994435247279247,0.0,2.0,,heuristic,passive,1000,7
2.567,10.0,23.899900000000006,12.217350387599053,0.0,2.0,,heuristic,passive,1000,8
2.031,10.0,18.700699999999998,6.985097600311104,0.0,2.0,400.0,heuristic,passive,1000,9
3.028,10.0,28.371600000000008,16.678846566564776,0.0,3.0,400.0,heuristic,passive,1000,10
2.028,10.0,18.671599999999998,6.940030266525684,0.0,2.0,400.0,heuristic,passive,1000,11
2.115,10.0,19.5155,7.826285827266796,0.0,2.0,400.0,heuristic,passive,1000,12
2.669,10.0,24.889300000000006,13.247359095875515,0.0,2.0,,heuristic,passive,1000,13
2.026,10.0,18.652199999999997,6.868633101726627,0.0,2.0,400.0,heuristic,passive,1000,14
2.052,10.0,18.9044,7.165875480143564,0.0,2.0,400.0,heuristic,passive,1000,15
2.164,10.0,19.9908,8.310647440748719,0.0,2.0,400.0,heuristic,passive,1000,16
2.09,10.0,19.272999999999996,7.553423309550132,0.0,2.0,400.0,heuristic,passive,1000,17
3.022,10.0,28.31340000000001,16.596713518888826,0.0,3.0,400.0,heuristic,passive,1000,18
2.048,10.0,18.865599999999997,7.165438413721228,0.0,2.0,400.0,heuristic,passive,1000,19
2.105,10.0,19.418499999999998,7.705058163573018,0.0,2.0,400.0,heuristic,passive,1000,20
2.171,10.0,20.058699999999998,8.341836959024723,0.0,2.0,400.0,heuristic,passive,1000,21
2.045,10.0,18.836499999999997,7.139666645969264,0.0,2.0,400.0,heuristic,passive,1000,22
2.05,10.0,18.884999999999998,7.20631031469823,0.0,2.0,400.0,heuristic,passive,1000,23
2.175,10.0,20.0975,8.422894011874156,0.0,2.0,400.0,heuristic,passive,1000,24
2.533,10.0,23.570100000000004,11.824352863585302,0.0,2.0,,heuristic,passive,1000,25
2.051,10.0,18.894699999999997,7.209288396888851,0.0,2.0,400.0,heuristic,passive,1000,26
3.024,10.0,28.33280000000001,16.6253336774289,0.0,3.0,400.0,heuristic,passive,1000,27
2.857,10.0,26.712900000000005,14.98867030803326,0.0,2.16,,heuristic,passive,1000,28
2.611,10.0,24.326700000000006,12.531434326980717,0.0,2.0,,heuristic,passive,1000,29
2.027,10.0,18.6619,6.935440667832452,0.0,2.0,400.0,heuristic,passive,1000,30
2.803,10.0,26.189100000000007,14.437783130708485,0.0,2.0,200.0,heuristic,passive,1000,31
2.03,10.0,18.691,6.98612086989786,0.0,2.0,400.0,heuristic,passive,1000,32
2.143,10.0,19.7871,8.095871753850599,0.0,2.0,400.0,heuristic,passive,1000,33
2.052,10.0,18.9044,7.142005972427436,0.0,2.0,400.0,heuristic,passive,1000,34
2.045,10.0,18.8365,7.154585353727182,0.0,2.0,400.0,heuristic,passive,1000,35
2.064,10.0,19.020799999999994,7.299034038344437,0.0,2.0,400.0,heuristic,passive,1000,36
2.571,10.0,23.9387,12.179177519631347,0.0,2.0,,heuristic,passive,1000,37
2.085,10.0,19.224499999999995,7.527907056788728,0.0,2.0,400.0,heuristic,passive,1000,38
3.027,10.0,28.36190000000001,16.660218146938497,0.0,3.0,400.0,heuristic,passive,1000,39
2.395,10.0,22.2315,10.506839776785885,0.0,2.0,,heuristic,passive,1000,40
2.791,10.0,26.072700000000005,14.395843849982695,0.0,2.0,,heuristic,passive,1000,41
2.058,10.0,18.9626,7.278680964199382,0.0,2.0,400.0,heuristic,passive,1000,42
3.022,10.0,28.31340000000001,16.56764865332473,0.0,3.0,400.0,heuristic,passive,1000,43
2.086,10.0,19.234199999999998,7.515552866476247,0.0,2.0,400.0,heuristic,passive,1000,44
2.564,10.0,23.870800000000003,12.133349458761225,0.0,2.0,,heuristic,passive,1000,45
2.637,10.0,24.578900000000004,12.760938492878388,0.0,2.0,,heuristic,passive,1000,46
2.052,10.0,18.9044,7.15542732288202,0.0,2.0,400.0,heuristic,passive,1000,47
2.237,10.0,20.6989,9.0275118169339,0.0,2.0,,heuristic,passive,1000,48
2.387,10.0,22.1539,10.572056043606723,0.0,2.0,,heuristic,passive,1000,49
2.209,10.0,20.427299999999995,8.719826216960078,0.0,2.0,400.0,heuristic,passive,1000,50
3.037,10.0,28.458900000000007,16.773522100210872,0.0,3.0,400.0,heuristic,passive,1000,51
2.1,10.0,19.369999999999997,7.676396047806171,0.0,2.0,400.0,heuristic,passive,1000,52
3.021,10.0,28.303700000000006,16.58158313976074,0.0,3.0,400.0,heuristic,passive,1000,53
2.339,10.0,21.688299999999998,10.012450252536759,0.0,2.0,,heuristic,passive,1000,54
3.029,10.0,28.38130000000001,16.687730100255138,0.0,3.0,400.0,heuristic,passive,1000,55
2.096,10.0,19.331199999999995,7.613107036813508,0.0,2.0,400.0,heuristic,passive,1000,56
3.022,10.0,28.31340000000001,16.58899371420071,0.0,3.0,400.0,heuristic,passive,1000,57
2.56,10.0,23.832000000000004,12.17892786923485,0.0,2.0,,heuristic,passive,1000,58
2.031,10.0,18.700699999999998,6.993961372825808,0.0,2.0,400.0,heuristic,passive,1000,59
2.425,10.0,22.5225,10.896526343747242,0.0,2.0,,heuristic,passive,1000,60
2.28,10.0,21.116,9.412059209848342,0.0,2.0,,heuristic,passive,1000,61
2.56,10.0,23.832,12.138590593558153,0.0,2.0,,heuristic,passive,1000,62
2.095,10.0,19.321499999999997,7.597786381992097,0.0,2.0,400.0,heuristic,passive,1000,63
2.052,10.0,18.9044,7.210721364563654,0.0,2.0,400.0,heuristic,passive,1000,64
2.947,10.0,27.58590000000001,15.989551491391929,0.0,2.465,,heuristic,passive,1000,65
2.33,10.0,21.601,9.882824869734709,0.0,2.0,,heuristic,passive,1000,66
2.076,10.0,19.137199999999996,7.470560439560359,0.0,2.0,400.0,heuristic,passive,1000,67
3.026,10.0,28.352200000000007,16.632269174134468,0.0,3.0,400.0,heuristic,passive,1000,68
3.03,10.0,28.391000000000012,16.6719159121497,0.0,3.0,400.0,heuristic,passive,1000,69
2.829,10.0,26.441300000000002,14.720784575438548,0.0,2.04,,heuristic,passive,1000,70
2.172,10.0,20.0684,8.388529360323012,0.0,2.0,400.0,heuristic,passive,1000,71
2.601,10.0,24.229700000000005,12.550105536493778,0.0,2.0,,heuristic,passive,1000,72
3.017,10.0,28.264900000000008,16.50240577303895,0.0,3.0,400.0,heuristic,passive,1000,73
2.047,10.0,18.8559,7.158040400273692,0.0,2.0,400.0,heuristic,passive,1000,74
2.459,10.0,22.8523,11.207446893463235,0.0,2.0,,heuristic,passive,1000,75
3.02,10.0,28.294000000000008,16.53067634744,0.0,3.0,400.0,heuristic,passive,1000,76
2.633,10.0,24.540100000000006,12.993893429150424,0.0,2.0,,heuristic,passive,1000,77
2.735,10.0,25.529500000000002,13.82756388517901,0.0,2.0,,heuristic,passive,1000,78
2.112,10.0,19.486399999999996,7.871454492945291,0.0,2.0,400.0,heuristic,passive,1000,79
2.056,10.0,18.943199999999997,7.266393962054496,0.0,2.0,400.0,heuristic,passive,1000,80
2.387,10.0,22.1539,10.441440780074046,0.0,2.0,,heuristic,passive,1000,81
3.039,10.0,28.47830000000001,16.816884351009627,0.0,3.0,400.0,heuristic,passive,1000,82
2.034,10.0,18.7298,7.03926507486172,0.0,2.0,400.0,heuristic,passive,1000,83
2.124,10.0,19.6028,7.901992475117602,0.0,2.0,400.0,heuristic,passive,1000,84
2.082,10.0,19.1954,7.477268858657177,0.0,2.0,400.0,heuristic,passive,1000,85
2.153,10.0,19.8841,8.186572376284657,0.0,2.0,400.0,heuristic,passive,1000,86
2.177,10.0,20.116899999999998,8.411907456297202,0.0,2.0,400.0,heuristic,passive,1000,87
3.036,10.0,28.44920000000001,16.75711872187884,0.0,3.0,400.0,heuristic,passive,1000,88
2.086,10.0,19.234199999999998,7.555207338735203,0.0,2.0,400.0,heuristic,passive,1000,89
2.044,10.0,18.826799999999995,7.110962698940291,0.0,2.0,400.0,heuristic,passive,1000,90
2.513,10.0,23.3761,11.715030439786213,0.0,2.0,,heuristic,passive,1000,91
2.14,10.0,19.758,8.061946164299231,0.0,2.0,400.0,heuristic,passive,1000,92
3.024,10.0,28.33280000000001,16.639301977597707,0.0,3.0,400.0,heuristic,passive,1000,93
2.387,10.0,22.1539,10.463810053847526,0.0,2.0,,heuristic,passive,1000,94
2.24,10.0,20.728,8.97690977511397,0.0,2.0,,heuristic,passive,1000,95
2.218,10.0,20.514599999999998,8.815847974123075,0.0,2.0,400.0,heuristic,passive,1000,96
2.764,10.0,25.810800000000004,14.168034973534748,0.0,2.0,,heuristic,passive,1000,97
3.021,10.0,28.303700000000006,16.532103719384992,0.0,3.0,400.0,heuristic,passive,1000,98
3.048,10.0,28.56560000000001,16.929563052624864,0.0,3.0,400.0,heuristic,passive,1000,99
2.159,3.1280082709564114,5.904987820581472,8.23989902905608,0.0,2.0,400.0,heuristic,regression,1000,0
2.143,3.6376707465783498,7.017895390430545,8.083988695585683,0.0,2.0,400.0,heuristic,regression,1000,1
2.213,2.472038942018971,4.175546968075883,8.787082467169931,0.0,2.0,400.0,heuristic,regression,1000,2
2.148,3.2545142652144827,6.220429447815604,8.217323743321142,0.0,2.0,400.0,heuristic,regression,1000,3
3.042,3.5138542277334546,9.041656899359445,16.840058432066712,0.0,3.0,400.0,heuristic,regression,1000,4
2.146,3.5546160319119013,6.87687088766078,8.14661728885528,0.0,2.0,400.0,heuristic,regression,1000,5
2.277,5.748635667575287,12.465952019521211,9.376649893033598,0.0,2.0,,heuristic,regression,1000,6
2.331,5.678563427458547,12.56427335040917,9.994435247279247,0.0,2.0,,heuristic,regression,1000,7
2.567,2.632625435170821,5.434257720582862,12.217350387599053,0.0,2.0,,heuristic,regression,1000,8
2.031,3.7408417725524683,6.17630927843827,6.985097600311104,0.0,2.0,400.0,heuristic,regression,1000,9
3.028,3.6772787170942407,9.402915885842358,16.678846566564776,0.0,3.0,400.0,heuristic,regression,1000,10
2.028,3.5860853146330283,5.839081619418566,6.940030266525684,0.0,2.0,400.0,heuristic,regression,1000,11
2.115,2.4282658858749566,3.7758169291999355,7.826285827266796,0.0,2.0,400.0,heuristic,regression,1000,12
2.669,3.5025327962374084,8.381980563543268,13.247359095875515,0.0,2.0,,heuristic,regression,1000,13
2.026,3.7122932545153007,6.072852900196473,6.868633101726627,0.0,2.0,400.0,heuristic,regression,1000,14
2.052,3.1936136325298015,5.242717925504464,7.165875480143564,0.0,2.0,400.0,heuristic,regression,1000,15
2.164,3.521561349237295,6.94616449876283,8.310647440748719,0.0,2.0,400.0,heuristic,regression,1000,16
2.09,3.677737807955601,6.625813423866802,7.553423309550132,0.0,2.0,400.0,heuristic,regression,1000,17
3.022,3.920500879830608,10.065415924714387,16.596713518888826,0.0,3.0,400.0,heuristic,regression,1000,18
2.048,3.3801114430257346,5.603493919790316,7.165438413721228,0.0,2.0,400.0,heuristic,regression,1000,19
2.105,3.677986900238209,6.771370258609363,7.705058163573018,0.0,2.0,400.0,heuristic,regression,1000,20
2.171,3.5524918969226436,7.072756901350877,8.341836959024723,0.0,2.0,400.0,heuristic,regression,1000,21
2.045,3.671189670047273,6.171784925106773,7.139666645969264,0.0,2.0,400.0,heuristic,regression,1000,22
2.05,3.512463154590878,5.892059698253767,7.20631031469823,0.0,2.0,400.0,heuristic,regression,1000,23
2.175,3.7150693351323225,7.478793743143868,8.422894011874156,0.0,2.0,400.0,heuristic,regression,1000,24
2.533,3.56448620082097,8.087078602462912,11.824352863585302,0.0,2.0,,heuristic,regression,1000,25
2.051,2.230480329971291,3.337493396294286,7.209288396888851,0.0,2.0,400.0,heuristic,regression,1000,26
3.024,3.8376542593652228,9.826476184176393,16.6253336774289,0.0,3.0,400.0,heuristic,regression,1000,27
2.857,3.595093044112822,8.839074926721983,14.98867030803326,0.0,2.16,,heuristic,regression,1000,28
2.611,3.939001718049266,9.367224178489078,12.531434326980717,0.0,2.0,,heuristic,regression,1000,29
2.027,3.765979627306491,6.19121925461298,6.935440667832452,0.0,2.0,400.0,heuristic,regression,1000,30
2.803,3.6182055501714445,8.69586858471926,14.437783130708485,0.0,2.0,200.0,heuristic,regression,1000,31
2.03,3.759545092775957,6.2019015956407,6.98612086989786,0.0,2.0,400.0,heuristic,regression,1000,32
2.143,3.5940399648881427,6.924597755468237,8.095871753850599,0.0,2.0,400.0,heuristic,regression,1000,33
2.052,2.3885257488656553,3.433609957708078,7.142005972427436,0.0,2.0,400.0,heuristic,regression,1000,34
2.045,2.1959836082702338,3.222188849358162,7.154585353727182,0.0,2.0,400.0,heuristic,regression,1000,35
2.064,3.637033185528077,6.290928001028675,7.299034038344437,0.0,2.0,400.0,heuristic,regression,1000,36
2.571,3.9396499340286524,9.285809802085957,12.179177519631347,0.0,2.0,,heuristic,regression,1000,37
2.085,3.6725617532334227,6.560542667292089,7.527907056788728,0.0,2.0,400.0,heuristic,regression,1000,38
3.027,3.973440259720616,10.273850900914862,16.660218146938497,0.0,3.0,400.0,heuristic,regression,1000,39
2.395,4.939055800346429,11.009317977725633,10.506839776785885,0.0,2.0,,heuristic,regression,1000,40
2.791,3.5496196737380505,8.637014296642755,14.395843849982695,0.0,2.0,,heuristic,regression,1000,41
2.058,2.7667539922152247,4.308981168860898,7.278680964199382,0.0,2.0,400.0,heuristic,regression,1000,42
3.022,3.842507620031059,9.839146290601649,16.56764865332473,0.0,3.0,400.0,heuristic,regression,1000,43
2.086,3.4758707908204896,6.139182929162499,7.515552866476247,0.0,2.0,400.0,heuristic,regression,1000,44
2.564,3.9376857461737,9.344569825176437,12.133349458761225,0.0,2.0,,heuristic,regression,1000,45
2.637,3.476488294149236,8.013921395268222,12.760938492878388,0.0,2.0,,heuristic,regression,1000,46
2.052,3.3711950088612674,5.616345026583803,7.15542732288202,0.0,2.0,400.0,heuristic,regression,1000,47
2.237,3.94512014240497,8.573445792131984,9.0275118169339,0.0,2.0,,heuristic,regression,1000,48
2.387,4.152332565239072,9.250607937505274,10.572056043606723,0.0,2.0,,heuristic,regression,1000,49
2.209,3.95409485958069,8.33134457874207,8.719826216960078,0.0,2.0,400.0,heuristic,regression,1000,50
3.037,3.9418321646871335,10.283164658748534,16.773522100210872,0.0,3.0,400.0,heuristic,regression,1000,51
2.1,3.9146368950722943,7.196514055020317,7.676396047806171,0.0,2.0,400.0,heuristic,regression,1000,52
3.021,3.5521255538668806,8.952253688430035,16.58158313976074,0.0,3.0,400.0,heuristic,regression,1000,53
2.339,5.454146288649722,12.134652863948421,10.012450252536759,0.0,2.0,,heuristic,regression,1000,54
3.029,3.418794172763013,8.631399117850243,16.687730100255138,0.0,3.0,400.0,heuristic,regression,1000,55
2.096,3.6797998196580566,6.688921503848369,7.613107036813508,0.0,2.0,400.0,heuristic,regression,1000,56
3.022,3.7756633939747433,9.638659256209946,16.58899371420071,0.0,3.0,400.0,heuristic,regression,1000,57
2.56,3.6798373981079404,8.67326656257925,12.17892786923485,0.0,2.0,,heuristic,regression,1000,58
2.031,3.871515202437653,6.436679078580369,6.993961372825808,0.0,2.0,400.0,heuristic,regression,1000,59
2.425,3.610430992570363,7.88030786302282,10.896526343747242,0.0,2.0,,heuristic,regression,1000,60
2.28,5.0193177359563625,10.683224786759446,9.412059209848342,0.0,2.0,,heuristic,regression,1000,61
2.56,3.5900325925010064,8.315427425112084,12.138590593558153,0.0,2.0,,heuristic,regression,1000,62
2.095,3.472332157428954,6.215460682813176,7.597786381992097,0.0,2.0,400.0,heuristic,regression,1000,63
2.052,3.5843140323765645,6.052252266358004,7.210721364563654,0.0,2.0,400.0,heuristic,regression,1000,64
2.947,3.354788490171192,8.45860523646365,15.989551491391929,0.0,2.465,,heuristic,regression,1000,65
2.33,4.268040025629964,9.169300876889894,9.882824869734709,0.0,2.0,,heuristic,regression,1000,66
2.076,3.635438999135857,6.399992336160084,7.470560439560359,0.0,2.0,400.0,heuristic,regression,1000,67
3.026,2.118754645783429,4.706779856428709,16.632269174134468,0.0,3.0,400.0,heuristic,regression,1000,68
3.03,2.92874283623012,7.12977134492048,16.6719159121497,0.0,3.0,400.0,heuristic,regression,1000,69
2.829,3.8539927041456075,9.53580497802949,14.720784575438548,0.0,2.04,,heuristic,regression,1000,70
2.172,4.009881243889073,8.08566761316083,8.388529360323012,0.0,2.0,400.0,heuristic,regression,1000,71
2.601,3.634959525581899,8.547591963686532,12.550105536493778,0.0,2.0,,heuristic,regression,1000,72
3.017,3.8097940336872282,9.69373063381869,16.50240577303895,0.0,3.0,400.0,heuristic,regression,1000,73
2.047,2.213905254833665,3.2770360685574844,7.158040400273692,0.0,2.0,400.0,heuristic,regression,1000,74
2.459,3.503348061191996,7.996596837219037,11.207446893463235,0.0,2.0,,heuristic,regression,1000,75
3.02,3.848912803106361,9.83723974950395,16.53067634744,0.0,3.0,400.0,heuristic,regression,1000,76
2.633,3.5937542982289568,8.737206760732972,12.993893429150424,0.0,2.0,,heuristic,regression,1000,77
2.735,3.6132225884662676,8.661196222720823,13.82756388517901,0.0,2.0,,heuristic,regression,1000,78
2.112,3.225955808759409,5.8755565761349855,7.871454492945291,0.0,2.0,400.0,heuristic,regression,1000,79
2.056,3.236818265759859,5.367532236597074,7.266393962054496,0.0,2.0,400.0,heuristic,regression,1000,80
2.387,4.152626447123868,9.165436296380351,10.441440780074046,0.0,2.0,,heuristic,regression,1000,81
3.039,3.594123617146911,9.254010347225124,16.816884351009627,0.0,3.0,400.0,heuristic,regression,1000,82
2.034,3.788347560819641,6.301649183635129,7.03926507486172,0.0,2.0,400.0,heuristic,regression,1000,83
2.124,3.553183366391716,6.659975013461131,7.901992475117602,0.0,2.0,400.0,heuristic,regression,1000,84
2.082,3.7146017359420473,6.616332269895107,7.477268858657177,0.0,2.0,400.0,heuristic,regression,1000,85
2.153,3.5710647879104416,6.953992213081976,8.186572376284657,0.0,2.0,400.0,heuristic,regression,1000,86
2.177,3.5129391867352666,7.010923769086135,8.411907456297202,0.0,2.0,400.0,heuristic,regression,1000,87
3.036,3.967247744103088,10.349952340739135,16.75711872187884,0.0,3.0,400.0,heuristic,regression,1000,88
2.086,3.3428129979291796,5.859412113787539,7.555207338735203,0.0,2.0,400.0,heuristic,regression,1000,89
2.044,4.000096592576374,6.818404633064326,7.110962698940291,0.0,2.0,400.0,heuristic,regression,1000,90
2.513,3.579560203184257,8.2418984628609,11.715030439786213,0.0,2.0,,heuristic,regression,1000,91
2.14,4.56940323540727,8.762440081612436,8.061946164299231,0.0,2.0,400.0,heuristic,regression,1000,92
3.024,3.9322678263360493,10.121486716477676,16.639301977597707,0.0,3.0,400.0,heuristic,regression,1000,93
2.387,4.883698558584652,10.88371052966285,10.463810053847526,0.0,2.0,,heuristic,regression,1000,94
2.24,5.272432745780976,11.131536257961487,8.97690977511397,0.0,2.0,,heuristic,regression,1000,95
2.218,3.67572,7.817679999999998,8.815847974123075,0.0,2.0,400.0,heuristic,regression,1000,96
2.764,3.3144493034339333,7.972477213735735,14.168034973534748,0.0,2.0,,heuristic,regression,1000,97
3.021,3.554084413411087,8.964833240233263,16.532103719384992,0.0,3.0,400.0,heuristic,regression,1000,98
3.048,4.132137014886632,10.934122283851114,16.929563052624864,0.0,3.0,400.0,heuristic,regression,1000,99
2.212,3.936,6.922400000000001,8.773100144491742,0.0,2.0,400.0,heuristic,q_learning,1000,0
3.036,6.002,16.241199999999996,16.78072688229608,0.0,3.0,400.0,heuristic,q_learning,1000,1
2.024,9.52,17.4908,6.899154167741544,0.0,2.0,400.0,heuristic,q_learning,1000,2
3.012,7.752,21.3764,16.4677443560027,0.0,3.0,200.0,heuristic,q_learning,1000,3
3.044,9.504,26.85480000000001,16.848264035795133,0.0,3.0,400.0,heuristic,q_learning,1000,4
2.033,9.636,17.876099999999997,7.0284598511098535,0.0,2.0,400.0,heuristic,q_learning,1000,5
2.286,6.52,12.140200000000002,9.457704116178673,0.0,2.0,,heuristic,q_learning,1000,6
2.4,6.49,12.986000000000002,10.551066995524339,0.0,2.0,,heuristic,q_learning,1000,7
3.015,9.658,27.13950000000001,16.480226681316758,0.0,3.0,400.0,heuristic,q_learning,1000,8
2.112,9.568,18.216399999999997,7.780348291009629,0.0,2.0,400.0,heuristic,q_learning,1000,9
2.026,9.542,17.5662,6.899463351282609,0.0,2.0,400.0,heuristic,q_learning,1000,10
2.158,7.89,15.250600000000004,8.264623066691602,0.0,2.0,400.0,heuristic,q_learning,1000,11
2.071,6.036,10.924700000000003,7.448197941178069,0.0,2.0,400.0,heuristic,q_learning,1000,12
3.026,5.97,16.096199999999996,16.62321785962928,0.0,3.0,400.0,heuristic,q_learning,1000,13
2.257,8.074,16.704900000000002,9.442082438138753,0.0,2.0,400.0,heuristic,q_learning,1000,14
2.743,4.95,12.503099999999998,13.876862163601107,0.0,2.0,,heuristic,q_learning,1000,15
2.027,9.66,17.807899999999997,6.929225042773816,0.0,2.0,400.0,heuristic,q_learning,1000,16
2.157,7.736,14.826900000000004,8.195584736167039,0.0,2.0,400.0,heuristic,q_learning,1000,17
2.502,5.602,14.021400000000003,11.606031880714388,0.0,2.0,,heuristic,q_learning,1000,18
2.617,6.58,17.094900000000006,12.661535793076782,0.0,2.0,,heuristic,q_learning,1000,19
2.114,9.178,17.1598,7.77623287367501,0.0,2.0,400.0,heuristic,q_learning,1000,20
2.08,2.732,4.362,7.5086864912668405,0.0,2.0,400.0,heuristic,q_learning,1000,21
2.469,6.954,14.835300000000002,11.250041609272479,0.0,2.0,,heuristic,q_learning,1000,22
2.067,9.508,17.6439,7.365874711450836,0.0,2.0,400.0,heuristic,q_learning,1000,23
2.025,9.398,17.2405,6.916850997643637,0.0,2.0,400.0,heuristic,q_learning,1000,24
2.356,8.602,17.707199999999997,10.224494537550404,0.0,2.0,,heuristic,q_learning,1000,25
2.412,8.946,19.2444,10.667172777803392,0.0,2.0,,heuristic,q_learning,1000,26
2.027,9.546,17.6059,6.949380043266038,0.0,2.0,400.0,heuristic,q_learning,1000,27
2.943,7.452,20.185100000000002,15.853531038327647,0.0,2.57,,heuristic,q_learning,1000,28
2.185,8.094,16.150500000000005,8.463063726342712,0.0,2.0,400.0,heuristic,q_learning,1000,29
2.127,9.62,18.631899999999998,7.878386420700661,0.0,2.0,400.0,heuristic,q_learning,1000,30
2.11,4.456,7.560999999999999,7.713933963019661,0.0,2.0,400.0,heuristic,q_learning,1000,31
2.284,3.872,8.442800000000002,9.452377983268333,0.0,2.0,,heuristic,q_learning,1000,32
2.159,7.558,14.316300000000004,8.37004905509838,0.0,2.0,400.0,heuristic,q_learning,1000,33
2.018,9.644,17.7886,6.820840510040509,0.0,2.0,400.0,heuristic,q_learning,1000,34
2.136,4.506,8.327200000000001,8.039697684767104,0.0,2.0,400.0,heuristic,q_learning,1000,35
3.037,9.44,26.578900000000008,16.79743361186086,0.0,3.0,400.0,heuristic,q_learning,1000,36
2.248,9.67,19.863599999999998,9.068894071122925,0.0,2.0,,heuristic,q_learning,1000,37
2.027,4.18,6.903900000000001,6.948189982882281,0.0,2.0,400.0,heuristic,q_learning,1000,38
2.071,5.372,9.660700000000002,7.308640477450996,0.0,2.0,400.0,heuristic,q_learning,1000,39
2.057,7.782,14.138900000000003,7.305653403218143,0.0,2.0,400.0,heuristic,q_learning,1000,40
3.025,4.286,11.0705,16.628545832226152,0.0,3.0,400.0,heuristic,q_learning,1000,41
2.373,4.596,10.6701,10.317892402601668,0.0,2.0,,heuristic,q_learning,1000,42
2.027,4.176,6.8579000000000025,6.907155174546244,0.0,2.0,400.0,heuristic,q_learning,1000,43
2.041,4.188,6.955700000000003,7.060878272849117,0.0,2.0,400.0,heuristic,q_learning,1000,44
3.024,9.58,26.94880000000001,16.568844546016816,0.0,3.0,400.0,heuristic,q_learning,1000,45
2.039,7.76,14.116300000000003,6.999531656404362,0.0,2.0,400.0,heuristic,q_learning,1000,46
2.219,4.724,9.300300000000002,8.76642786473472,0.0,2.0,400.0,heuristic,q_learning,1000,47
2.178,3.194,6.1566,8.412367913973823,0.0,2.0,400.0,heuristic,q_learning,1000,48
3.04,7.776,21.624,16.830196431262515,0.0,3.0,400.0,heuristic,q_learning,1000,49
3.052,7.748,21.578400000000002,17.005652013448596,0.0,3.0,400.0,heuristic,q_learning,1000,50
3.064,9.47,26.80080000000001,17.087565593261782,0.0,3.0,400.0,heuristic,q_learning,1000,51
3.055,6.196,16.943500000000004,17.0365254468277,0.0,3.0,400.0,heuristic,q_learning,1000,52
2.259,3.436,7.014299999999999,9.30926557150108,0.0,2.0,400.0,heuristic,q_learning,1000,53
1.03,9.364,8.193000000000001,1.4433510216398102,0.0,1.0,400.0,heuristic,q_learning,1000,54
3.031,3.3,8.1027,16.724396759263275,0.0,3.0,400.0,heuristic,q_learning,1000,55
2.148,2.874,5.1255999999999995,8.170214774901577,0.0,2.0,400.0,heuristic,q_learning,1000,56
2.156,3.122,5.9452,8.197863399076827,0.0,2.0,400.0,heuristic,q_learning,1000,57
2.806,4.062,9.9862,14.518921095407505,0.0,2.0,,heuristic,q_learning,1000,58
2.435,4.484,10.597500000000002,11.007976235541259,0.0,2.0,,heuristic,q_learning,1000,59
2.129,9.332,17.801299999999994,7.998579684251532,0.0,2.0,400.0,heuristic,q_learning,1000,60
2.569,6.726,14.065299999999997,12.190217005633405,0.0,2.0,,heuristic,q_learning,1000,61
2.049,3.83,6.1493,7.226445712493057,0.0,2.0,400.0,heuristic,q_learning,1000,62
2.23,3.69,7.715,8.891931007876007,0.0,2.0,,heuristic,q_learning,1000,63
3.019,9.184,25.698300000000007,16.556297877781308,0.0,3.0,400.0,heuristic,q_learning,1000,64
3.02,3.894,9.816,16.541571601011455,0.0,3.0,400.0,heuristic,q_learning,1000,65
2.573,4.262,10.140099999999999,12.268170199411244,0.0,2.0,,heuristic,q_learning,1000,66
2.636,8.116,20.345200000000006,12.782430882203087,0.0,2.0,,heuristic,q_learning,1000,67
2.536,5.764,14.675200000000004,11.944654550256526,0.0,2.0,,heuristic,q_learning,1000,68
2.041,5.99,10.585700000000003,7.10035447956586,0.0,2.0,400.0,heuristic,q_learning,1000,69
2.088,4.4,7.793600000000001,7.5145344858870695,0.0,2.0,400.0,heuristic,q_learning,1000,70
3.04,7.688,21.364,16.82467832332143,0.0,3.0,400.0,heuristic,q_learning,1000,71
2.046,6.016,10.686200000000003,7.1231003758199805,0.0,2.0,400.0,heuristic,q_learning,1000,72
3.024,7.774,21.508800000000004,16.61070755289074,0.0,3.0,400.0,heuristic,q_learning,1000,73
2.939,5.5,14.508299999999997,15.937280223950976,0.0,2.435,,heuristic,q_learning,1000,74
3.027,5.982,16.139899999999997,16.66339130017798,0.0,3.0,400.0,heuristic,q_learning,1000,75
2.118,7.672,14.250600000000004,7.933053087944019,0.0,2.0,400.0,heuristic,q_learning,1000,76
3.095,7.758,21.981500000000004,17.510862970503638,0.0,3.0,400.0,heuristic,q_learning,1000,77
2.333,3.746,8.0781,9.973200478945408,0.0,2.0,,heuristic,q_learning,1000,78
2.256,3.822,8.1592,9.177769384190753,0.0,2.0,,heuristic,q_learning,1000,79
2.092,3.858,6.3684,7.537962242248183,0.0,2.0,400.0,heuristic,q_learning,1000,80
2.06,3.092,4.976,7.244699772996818,0.0,2.0,400.0,heuristic,q_learning,1000,81
3.022,4.228,11.399400000000002,16.897778010351686,0.0,2.55,,heuristic,q_learning,1000,82
3.015,7.764,21.449500000000004,16.517641240103387,0.0,3.0,400.0,heuristic,q_learning,1000,83
2.103,5.158,9.203100000000001,7.766185406917492,0.0,2.0,400.0,heuristic,q_learning,1000,84
2.05,7.604,13.795000000000003,7.168946232214577,0.0,2.0,400.0,heuristic,q_learning,1000,85
2.095,6.228,11.5295,7.575558557651935,0.0,2.0,400.0,heuristic,q_learning,1000,86
2.185,7.54,14.352500000000004,8.510265317935591,0.0,2.0,400.0,heuristic,q_learning,1000,87
3.05,7.858,22.061000000000003,16.969616485113015,0.0,3.0,400.0,heuristic,q_learning,1000,88
3.018,9.666,27.18060000000001,16.53599095867017,0.0,3.0,400.0,heuristic,q_learning,1000,89
2.098,6.186,11.442600000000002,7.591419576439942,0.0,2.0,400.0,heuristic,q_learning,1000,90
2.539,5.668,14.504300000000004,12.083754590076236,0.0,2.0,,heuristic,q_learning,1000,91
2.565,4.15,8.8365,12.139141535894172,0.0,2.0,,heuristic,q_learning,1000,92
3.019,7.822,21.678300000000004,16.55035273353335,0.0,3.0,400.0,heuristic,q_learning,1000,93
2.033,6.614,11.774099999999999,6.996525183539013,0.0,2.0,400.0,heuristic,q_learning,1000,94
2.18,9.506,18.82,8.417672495316411,0.0,2.0,400.0,heuristic,q_learning,1000,95
2.15,4.952,9.497,8.165271159029068,0.0,2.0,400.0,heuristic,q_learning,1000,96
2.271,8.212,17.150700000000004,9.342205226008657,0.0,2.0,,heuristic,q_learning,1000,97
3.042,5.998,16.2854,16.841048532404027,0.0,3.0,400.0,heuristic,q_learning,1000,98
3.038,7.748,21.510600000000004,16.819573702025284,0.0,3.0,400.0,heuristic,q_learning,1000,99
2.028,9.916799999999999,18.4188,6.909167554452488,0.0,2.0,400.0,heuristic,gp,1000,0
2.105,9.8448,18.944899999999997,7.712156552095838,0.0,2.0,400.0,heuristic,gp,1000,1
2.143,9.939200000000001,19.596700000000002,8.062349824893607,0.0,2.0,400.0,heuristic,gp,1000,2
2.493,9.9568,23.001300000000004,11.529156851442268,0.0,2.0,,heuristic,gp,1000,3
2.678,9.9296,24.696600000000007,13.377433225030462,0.0,2.0,,heuristic,gp,1000,4
3.031,9.9584,28.221500000000006,16.67414584244152,0.0,3.0,400.0,heuristic,gp,1000,5
2.927,9.948799999999999,27.21590000000001,15.77473689657808,0.0,2.39,,heuristic,gp,1000,6
3.028,9.9632,28.20200000000001,16.670195172152468,0.0,3.0,400.0,heuristic,gp,1000,7
3.013,9.932799999999999,27.92530000000001,16.437451072980448,0.0,3.0,400.0,heuristic,gp,1000,8
2.033,9.9568,18.5825,7.000688437115812,0.0,2.0,400.0,heuristic,gp,1000,9
3.033,9.955200000000001,28.197700000000008,16.718186966512963,0.0,3.0,400.0,heuristic,gp,1000,10
2.125,9.944,19.4077,7.894433722560199,0.0,2.0,400.0,heuristic,gp,1000,11
2.064,9.9856,18.956799999999994,7.313732333689805,0.0,2.0,400.0,heuristic,gp,1000,12
2.663,9.948799999999999,24.653500000000005,13.184064252574528,0.0,2.0,,heuristic,gp,1000,13
2.057,9.9424,18.7881,7.242525397649115,0.0,2.0,400.0,heuristic,gp,1000,14
2.164,9.9504,19.802,8.322016419721466,0.0,2.0,400.0,heuristic,gp,1000,15
2.041,9.955200000000001,18.6233,7.058030165346603,0.0,2.0,400.0,heuristic,gp,1000,16
2.032,9.9408,18.507199999999997,6.983878316364737,0.0,2.0,400.0,heuristic,gp,1000,17
3.028,9.9664,28.20360000000001,16.617414809298005,0.0,3.0,400.0,heuristic,gp,1000,18
2.046,9.9376,18.577399999999997,7.098820179997982,0.0,2.0,400.0,heuristic,gp,1000,19
2.345,9.8944,21.381700000000002,9.960164333763451,0.0,2.0,,heuristic,gp,1000,20
2.467,9.9744,22.8595,11.182767846823747,0.0,2.0,,heuristic,gp,1000,21
2.139,9.9536,19.5723,8.085776670457589,0.0,2.0,400.0,heuristic,gp,1000,22
2.039,9.976,18.650299999999998,7.049169032892698,0.0,2.0,400.0,heuristic,gp,1000,23
3.103,9.9664,28.969500000000007,17.69365800858918,0.0,3.0,400.0,heuristic,gp,1000,24
2.157,9.939200000000001,19.7181,8.208089210597253,0.0,2.0,400.0,heuristic,gp,1000,25
2.454,9.912,22.4998,11.054285678181095,0.0,2.0,,heuristic,gp,1000,26
2.406,9.9312,22.0534,10.726549050789373,0.0,2.0,,heuristic,gp,1000,27
2.026,9.9792,18.6026,6.92371462236938,0.0,2.0,400.0,heuristic,gp,1000,28
2.019,9.944,18.3971,6.827222925896145,0.0,2.0,400.0,heuristic,gp,1000,29
1.032,9.8832,8.788000000000002,1.5297702853830788,0.0,1.0,400.0,heuristic,gp,1000,30
2.021,9.984,18.5125,6.848263237616711,0.0,2.0,400.0,heuristic,gp,1000,31
2.069,9.9408,18.856499999999997,7.359919300736783,0.0,2.0,400.0,heuristic,gp,1000,32
2.708,9.9616,25.102800000000006,13.754189319218677,0.0,2.0,,heuristic,gp,1000,33
2.07,9.96,18.915799999999997,7.352609477422307,0.0,2.0,400.0,heuristic,gp,1000,34
3.021,9.9504,28.07330000000001,16.578026588649422,0.0,3.0,400.0,heuristic,gp,1000,35
3.032,9.9776,28.28240000000001,16.72802747799828,0.0,3.0,400.0,heuristic,gp,1000,36
2.065,9.9408,18.790499999999998,7.314213243732528,0.0,2.0,400.0,heuristic,gp,1000,37
2.214,9.948799999999999,20.309399999999997,8.724987509182816,0.0,2.0,400.0,heuristic,gp,1000,38
2.446,9.9696,22.6382,11.004467740278809,0.0,2.0,,heuristic,gp,1000,39
2.44,9.936,22.448800000000002,11.019211703389312,0.0,2.0,,heuristic,gp,1000,40
3.046,9.936,28.31740000000001,16.930108304349996,0.0,3.0,400.0,heuristic,gp,1000,41
2.345,9.939200000000001,21.5017,10.040733843887567,0.0,2.0,,heuristic,gp,1000,42
2.186,9.718399999999999,19.332199999999997,8.423485071750418,0.0,2.0,400.0,heuristic,gp,1000,43
3.02,9.9344,28.054000000000006,16.548197914175965,0.0,3.0,400.0,heuristic,gp,1000,44
3.018,9.9632,28.10980000000001,16.514807799593612,0.0,3.0,400.0,heuristic,gp,1000,45
2.044,9.9408,18.606,7.124253367974539,0.0,2.0,400.0,heuristic,gp,1000,46
2.262,9.964799999999999,20.803800000000003,9.229254393539765,0.0,2.0,,heuristic,gp,1000,47
2.583,9.9504,23.872700000000002,12.335566012660802,0.0,2.0,,heuristic,gp,1000,48
2.986,9.9472,27.754600000000007,16.258136862874164,0.0,2.775,,heuristic,gp,1000,49
2.169,9.9408,19.8425,8.386538438342486,0.0,2.0,400.0,heuristic,gp,1000,50
3.027,9.9824,28.27070000000001,16.642932948453016,0.0,3.0,400.0,heuristic,gp,1000,51
2.757,9.936,25.4933,14.183016011627972,0.0,2.0,,heuristic,gp,1000,52
3.012,9.971200000000001,28.10440000000001,16.462038864549402,0.0,3.0,200.0,heuristic,gp,1000,53
2.21,9.9664,20.304199999999998,8.785422171114394,0.0,2.0,400.0,heuristic,gp,1000,54
2.037,9.9344,18.5813,7.076309252726284,0.0,2.0,400.0,heuristic,gp,1000,55
3.018,9.939200000000001,28.02020000000001,16.53568760743743,0.0,3.0,400.0,heuristic,gp,1000,56
2.042,9.9248,18.5706,7.114912268788655,0.0,2.0,400.0,heuristic,gp,1000,57
2.236,9.9616,20.578799999999998,9.019538336941755,0.0,2.0,400.0,heuristic,gp,1000,58
2.114,9.9472,19.315399999999997,7.764918459628554,0.0,2.0,400.0,heuristic,gp,1000,59
2.1,9.8608,18.977999999999998,7.817405500211342,0.0,2.0,400.0,heuristic,gp,1000,60
2.122,9.9136,19.3258,7.890537601655651,0.0,2.0,400.0,heuristic,gp,1000,61
2.392,9.9568,22.032799999999998,10.613284036598014,0.0,2.0,,heuristic,gp,1000,62
3.021,9.9824,28.194900000000008,16.553811725766696,0.0,3.0,400.0,heuristic,gp,1000,63
2.263,9.9408,20.7591,9.282752615682904,0.0,2.0,,heuristic,gp,1000,64
2.114,9.9536,19.336199999999998,7.773563031714709,0.0,2.0,400.0,heuristic,gp,1000,65
2.144,9.948799999999999,19.6208,8.129322312374647,0.0,2.0,400.0,heuristic,gp,1000,66
2.696,9.9376,24.933600000000006,13.453692622390205,0.0,2.0,,heuristic,gp,1000,67
2.194,9.9632,20.173,8.718761666915645,0.0,2.0,400.0,heuristic,gp,1000,68
2.239,9.9424,20.5007,9.039925554812289,0.0,2.0,400.0,heuristic,gp,1000,69
2.03,9.9536,18.537399999999998,6.972695573756442,0.0,2.0,400.0,heuristic,gp,1000,70
2.081,9.904,18.856099999999998,7.464721436982363,0.0,2.0,400.0,heuristic,gp,1000,71
2.132,9.952,19.5108,8.00832288897918,0.0,2.0,400.0,heuristic,gp,1000,72
2.031,9.968,18.579099999999997,6.980934346734304,0.0,2.0,400.0,heuristic,gp,1000,73
2.064,9.9504,18.855999999999998,7.287005584959368,0.0,2.0,400.0,heuristic,gp,1000,74
2.089,9.9584,19.1529,7.594921358560066,0.0,2.0,400.0,heuristic,gp,1000,75
3.018,9.9536,28.068200000000008,16.583886137235556,0.0,2.945,400.0,heuristic,gp,1000,76
3.03,9.9568,28.22140000000001,16.702698577583803,0.0,3.0,400.0,heuristic,gp,1000,77
2.305,9.907200000000001,21.0529,9.65492921796356,0.0,2.0,,heuristic,gp,1000,78
2.054,9.939200000000001,18.720599999999997,7.251589319853822,0.0,2.0,400.0,heuristic,gp,1000,79
2.033,9.9264,18.504099999999998,7.006393928569114,0.0,2.0,400.0,heuristic,gp,1000,80
2.023,9.939200000000001,18.4391,6.892967766245519,0.0,2.0,400.0,heuristic,gp,1000,81
2.269,9.916799999999999,20.6493,9.596368536984158,0.0,2.0,400.0,heuristic,gp,1000,82
2.029,9.952,18.518099999999997,6.959779467909613,0.0,2.0,400.0,heuristic,gp,1000,83
2.168,9.9536,19.8248,8.437916000395504,0.0,2.0,400.0,heuristic,gp,1000,84
2.361,9.944,21.7145,10.21413617375782,0.0,2.0,,heuristic,gp,1000,85
2.08,9.9472,18.996799999999997,7.5180030987577515,0.0,2.0,400.0,heuristic,gp,1000,86
2.391,9.923200000000001,21.919100000000004,10.54892696908746,0.0,2.0,,heuristic,gp,1000,87
2.106,9.9296,19.228199999999998,7.705735087975354,0.0,2.0,400.0,heuristic,gp,1000,88
3.029,9.976,28.251700000000007,16.661555489063897,0.0,3.0,400.0,heuristic,gp,1000,89
2.021,9.939200000000001,18.429299999999998,6.857221928948589,0.0,2.0,400.0,heuristic,gp,1000,90
3.033,9.971200000000001,28.29530000000001,16.750109057549576,0.0,3.0,400.0,heuristic,gp,1000,91
2.312,9.9536,21.2632,9.681415763179535,0.0,2.0,,heuristic,gp,1000,92
2.116,9.932799999999999,19.3252,7.854030894337542,0.0,2.0,400.0,heuristic,gp,1000,93
2.432,9.9472,22.3936,10.855823386502502,0.0,2.0,,heuristic,gp,1000,94
2.025,9.9632,18.4793,6.8984013789654695,0.0,2.0,400.0,heuristic,gp,1000,95
3.036,9.9504,28.22200000000001,16.780588325043865,0.0,3.0,400.0,heuristic,gp,1000,96
2.145,9.964799999999999,19.6625,8.153211422788168,0.0,2.0,400.0,heuristic,gp,1000,97
3.03,9.9424,28.127000000000006,16.69334391184587,0.0,3.0,400.0,heuristic,gp,1000,98
3.031,9.936,28.16710000000001,16.711485542414025,0.0,3.0,400.0,heuristic,gp,1000,99
1.763,10.0,16.1011,6.642850232208012,0.0,1.84,,bayesian,passive,1000,0
1.905,10.0,17.4785,8.305536506840568,0.0,1.96,,bayesian,passive,1000,1
2.09,10.0,19.272999999999996,10.095176421012255,0.0,2.075,,bayesian,passive,1000,2
2.238,10.0,20.708599999999997,11.431170020773857,0.0,2.255,,bayesian,passive,1000,3
1.756,10.0,16.0332,7.0338489973722815,0.0,1.865,,bayesian,passive,1000,4
2.178,10.0,20.1266,10.330143588240677,0.0,2.19,,bayesian,passive,1000,5
1.84,10.0,16.848,7.812837762299847,0.0,1.87,400.0,bayesian,passive,1000,6
1.866,10.0,17.100199999999997,7.710622275953775,0.0,1.86,,bayesian,passive,1000,7
1.829,10.0,16.7413,7.983153334161547,0.0,1.88,,bayesian,passive,1000,8
1.595,10.0,14.4715,5.460367734225743,0.0,1.695,,bayesian,passive,1000,9
1.921,10.0,17.633699999999997,8.4451758946004,0.0,1.965,,bayesian,passive,1000,10
2.292,10.0,21.232400000000002,11.49683922656325,0.0,2.375,400.0,bayesian,passive,1000,11
2.067,10.0,19.049899999999997,9.839549788167641,0.0,2.085,,bayesian,passive,1000,12
1.889,10.0,17.3233,7.684047877718103,0.0,1.815,,bayesian,passive,1000,13
1.34,10.0,11.998,4.800555129310324,0.0,1.42,,bayesian,passive,1000,14
1.927,10.0,17.691899999999997,8.39152127145279,0.0,2.1,,bayesian,passive,1000,15
2.006,10.0,18.458199999999998,8.971158348295049,0.0,2.035,,bayesian,passive,1000,16
1.889,10.0,17.3233,8.044755382106546,0.0,1.935,,bayesian,passive,1000,17
1.813,10.0,16.5861,7.4456040030147195,0.0,1.815,,bayesian,passive,1000,18
1.851,10.0,16.954699999999995,7.765874107626413,0.0,1.96,,bayesian,passive,1000,19
2.05,10.0,18.885,9.794942512356531,0.0,1.95,200.0,bayesian,passive,1000,20
1.614,10.0,14.6558,5.59808034731837,0.0,1.67,,bayesian,passive,1000,21
2.009,10.0,18.487299999999998,8.975448109255728,0.0,1.98,,bayesian,passive,1000,22
1.964,10.0,18.050799999999995,8.74201947226256,0.0,2.1,,bayesian,passive,1000,23
1.68,10.0,15.296,6.516395585106244,0.0,1.79,,bayesian,passive,1000,24
2.314,10.0,21.445799999999995,11.912985345760651,0.0,2.265,,bayesian,passive,1000,25
1.965,10.0,18.0605,8.833550223156584,0.0,2.165,,bayesian,passive,1000,26
2.101,10.0,19.379699999999996,9.790224526310919,0.0,2.05,,bayesian,passive,1000,27
1.872,10.0,17.158399999999997,7.649044441870563,0.0,1.815,,bayesian,passive,1000,28
2.505,10.0,23.2985,13.763108007760554,0.0,2.625,,bayesian,passive,1000,29
1.906,10.0,17.4882,8.561239864165207,0.0,2.05,,bayesian,passive,1000,30
2.192,10.0,20.2624,10.560517064222418,0.0,2.22,,bayesian,passive,1000,31
1.697,10.0,15.460899999999999,6.75101519186874,0.0,1.8,,bayesian,passive,1000,32
1.663,10.0,15.131099999999998,6.6042967942036395,0.0,1.655,,bayesian,passive,1000,33
1.659,10.0,15.0923,5.830672512502212,0.0,1.61,,bayesian,passive,1000,34
1.92,10.0,17.624,7.710408568034724,0.0,2.06,,bayesian,passive,1000,35
1.924,10.0,17.6628,8.378845804607197,0.0,2.06,,bayesian,passive,1000,36
2.156,10.0,19.9132,10.432818408886284,0.0,2.295,,bayesian,passive,1000,37
1.694,10.0,15.431799999999999,6.832028756384764,0.0,1.94,,bayesian,passive,1000,38
1.957,10.0,17.9829,9.0168289104965,0.0,2.04,,bayesian,passive,1000,39
1.642,10.0,14.927399999999999,6.19247289363844,0.0,1.59,,bayesian,passive,1000,40
1.488,10.0,13.433599999999998,5.213561588041518,0.0,1.455,,bayesian,passive,1000,41
1.681,10.0,15.305699999999998,6.308271713245186,0.0,1.76,,bayesian,passive,1000,42
1.947,10.0,17.885900000000003,8.534860628587058,0.0,1.935,400.0,bayesian,passive,1000,43
1.977,10.0,18.176899999999996,8.819892286539616,0.0,2.145,,bayesian,passive,1000,44
1.32,10.0,11.804,4.315950370610668,0.0,1.425,,bayesian,passive,1000,45
1.876,10.0,17.1972,7.952611812720655,0.0,1.875,,bayesian,passive,1000,46
1.894,10.0,17.3718,7.9663593742417085,0.0,1.89,,bayesian,passive,1000,47
1.579,10.0,14.3163,6.011481548621915,0.0,1.64,,bayesian,passive,1000,48
1.857,10.0,17.0129,7.704347877239092,0.0,2.04,,bayesian,passive,1000,49
1.844,10.0,16.8868,7.675637211386458,0.0,1.99,,bayesian,passive,1000,50
1.938,10.0,17.798599999999997,8.499821323874126,0.0,1.965,,bayesian,passive,1000,51
2.032,10.0,18.7104,8.892277418668256,0.0,2.12,,bayesian,passive,1000,52
1.774,10.0,16.2078,6.8994795594731135,0.0,1.775,,bayesian,passive,1000,53
2.161,10.0,19.961699999999997,10.358346981816158,0.0,2.155,,bayesian,passive,1000,54
1.831,10.0,16.760699999999996,7.514463770258073,0.0,1.86,400.0,bayesian,passive,1000,55
1.791,10.0,16.3727,7.332507358431426,0.0,1.78,,bayesian,passive,1000,56
1.934,10.0,17.7598,8.716490524664419,0.0,2.105,,bayesian,passive,1000,57
2.092,10.0,19.2924,9.933563988645245,0.0,2.185,,bayesian,passive,1000,58
2.279,10.0,21.1063,11.633617955003375,0.0,2.34,,bayesian,passive,1000,59
2.0,10.0,18.4,8.98185661979284,0.0,2.01,,bayesian,passive,1000,60
1.375,10.0,12.337499999999999,4.331437765252378,0.0,1.41,,bayesian,passive,1000,61
1.525,10.0,13.7925,5.588402268218444,0.0,1.49,,bayesian,passive,1000,62
2.145,10.0,19.8065,10.533392365943365,0.0,2.125,,bayesian,passive,1000,63
2.17,10.0,20.049,10.646175674995895,0.0,2.18,,bayesian,passive,1000,64
2.338,10.0,21.6786,12.230758964136731,0.0,2.38,,bayesian,passive,1000,65
1.863,10.0,17.071099999999998,7.67651881385588,0.0,1.89,,bayesian,passive,1000,66
2.024,10.0,18.6328,9.283344989842,0.0,2.165,,bayesian,passive,1000,67
1.741,10.0,15.887699999999997,6.782877650382214,0.0,1.745,,bayesian,passive,1000,68
1.688,10.0,15.373599999999998,6.4554559992424565,0.0,1.73,,bayesian,passive,1000,69
2.049,10.0,18.8753,9.414418873692187,0.0,2.11,,bayesian,passive,1000,70
2.19,10.0,20.243,10.70157256623342,0.0,2.115,,bayesian,passive,1000,71
2.172,10.0,20.068399999999997,10.662140130559758,0.0,2.2,,bayesian,passive,1000,72
2.014,10.0,18.5358,9.382222011217625,0.0,2.08,,bayesian,passive,1000,73
1.508,10.0,13.6276,5.179952362001053,0.0,1.48,,bayesian,passive,1000,74
1.8,10.0,16.46,7.019381594775709,0.0,2.025,,bayesian,passive,1000,75
1.743,10.0,15.907099999999998,6.709789906182196,0.0,1.665,,bayesian,passive,1000,76
1.927,10.0,17.6919,8.680918155576133,0.0,2.0,,bayesian,passive,1000,77
1.622,10.0,14.7334,6.44685611407271,0.0,1.765,,bayesian,passive,1000,78
2.333,10.0,21.6301,12.261726531379004,0.0,2.565,,bayesian,passive,1000,79
2.174,10.0,20.087799999999998,10.373691266569914,0.0,2.235,,bayesian,passive,1000,80
2.155,10.0,19.9035,10.539173523211547,0.0,2.115,,bayesian,passive,1000,81
1.819,10.0,16.644299999999994,7.44632897018998,0.0,1.755,,bayesian,passive,1000,82
2.066,10.0,19.0402,9.76886562258993,0.0,2.08,,bayesian,passive,1000,83
1.616,10.0,14.6752,5.981644850571654,0.0,1.52,,bayesian,passive,1000,84
1.887,10.0,17.3039,8.312399389280273,0.0,1.935,,bayesian,passive,1000,85
1.756,10.0,16.033199999999997,7.315652793820609,0.0,1.92,,bayesian,passive,1000,86
1.922,10.0,17.643399999999996,8.78729433658157,0.0,1.955,,bayesian,passive,1000,87
1.987,10.0,18.273899999999998,8.9164011304706,0.0,2.105,,bayesian,passive,1000,88
1.72,10.0,15.684,6.381115713050436,0.0,1.79,,bayesian,passive,1000,89
1.9,10.0,17.43,7.698568411250755,0.0,1.9,,bayesian,passive,1000,90
1.635,10.0,14.8595,6.269504185423995,0.0,1.66,,bayesian,passive,1000,91
2.501,10.0,23.2597,13.762654019131618,0.0,2.425,,bayesian,passive,1000,92
1.815,10.0,16.605499999999996,7.182650720757062,0.0,1.84,,bayesian,passive,1000,93
1.895,10.0,17.3815,8.332890449365667,0.0,1.865,,bayesian,passive,1000,94
1.629,10.0,14.8013,6.244399346221097,0.0,1.775,,bayesian,passive,1000,95
1.676,10.0,15.2572,6.375528956826776,0.0,1.795,,bayesian,passive,1000,96
2.138,10.0,19.738599999999998,10.05996367530646,0.0,2.19,,bayesian,passive,1000,97
2.31,10.0,21.407,11.993757182967121,0.0,2.38,,bayesian,passive,1000,98
1.545,10.0,13.9865,6.130119889492373,0.0,1.71,,bayesian,passive,1000,99
4.497,2.0708519420289857,6.730107026086957,36.34010588862517,0.0,4.545,,bayesian,regression,1000,0
4.353,2.1251208836960833,6.65468145538408,34.75301354526366,0.0,4.525,,bayesian,regression,1000,1
4.6,2.1577202645325086,7.216478062321631,37.61995453614911,0.0,4.705,,bayesian,regression,1000,2
4.379,3.8939023148621468,10.830381422968614,35.266282056850926,0.0,4.61,,bayesian,regression,1000,3
4.387,2.072464,6.477227999999999,35.55418475082274,0.0,4.52,,bayesian,regression,1000,4
4.177,3.9624591519794796,10.240643210861933,33.580065684808666,0.0,4.625,400.0,bayesian,regression,1000,5
4.178,3.9065433037386184,9.77050875310932,33.32800497681521,0.0,4.72,,bayesian,regression,1000,6
4.483,2.125994681714526,6.854525530961675,36.17958921063156,0.0,4.48,,bayesian,regression,1000,7
4.471,2.1043889641680957,6.692416558407978,36.24262729521543,0.0,4.715,,bayesian,regression,1000,8
4.329,2.098426308965828,6.516585741153114,34.71877232948143,0.0,4.6,,bayesian,regression,1000,9
4.229,2.0878431259546755,6.262862330428782,33.74784159914029,0.0,4.365,,bayesian,regression,1000,10
4.524,2.1618425539141795,6.9841504186684595,36.966359887714354,0.0,4.615,,bayesian,regression,1000,11
4.54,2.0803624451847504,6.846193835410373,36.872919206904335,0.0,4.595,,bayesian,regression,1000,12
4.456,2.0699230041286953,6.640645673128092,36.0895263844155,0.0,4.54,,bayesian,regression,1000,13
4.46,2.074419077755059,6.637461324302803,35.98618955419844,0.0,4.555,,bayesian,regression,1000,14
4.44,2.1047914384476716,6.698870078514359,35.7757446793069,0.0,4.45,,bayesian,regression,1000,15
4.533,2.07376,6.748939999999999,36.76114634047883,0.0,4.51,,bayesian,regression,1000,16
4.639,2.12526850287548,7.196466791085768,37.95536292587491,0.0,4.68,,bayesian,regression,1000,17
4.49,2.1401217986529035,6.855438978663844,36.41645347307778,0.0,4.625,,bayesian,regression,1000,18
4.471,2.1184669990790965,6.665548648972197,36.23578528543898,0.0,4.63,,bayesian,regression,1000,19
4.595,2.19229202539591,7.135270137496158,37.60321419081518,0.0,4.77,,bayesian,regression,1000,20
4.305,2.1185124811303275,6.5857801613334965,34.30950434217885,0.0,4.555,,bayesian,regression,1000,21
4.395,2.1999598293090994,6.902494770222698,35.58674732713832,0.0,4.48,,bayesian,regression,1000,22
4.451,2.134940996750929,6.748810324762914,36.169918073736646,0.0,4.53,,bayesian,regression,1000,23
4.504,2.0725308800000004,6.7095417600000005,36.515929931146474,0.0,4.575,,bayesian,regression,1000,24
4.526,4.029093650477176,11.85476026289132,36.73859460440885,0.0,4.96,,bayesian,regression,1000,25
4.12,3.8935926169299653,10.02420799894752,32.64902062641106,0.0,4.345,,bayesian,regression,1000,26
4.551,2.0661410155589546,6.843531091553135,37.095542990397135,0.0,4.625,,bayesian,regression,1000,27
4.478,2.0764589092073713,6.66923596104473,36.43347553240537,0.0,4.585,,bayesian,regression,1000,28
4.522,4.047367346231447,12.201322409606908,36.60770033161824,0.0,4.84,,bayesian,regression,1000,29
4.577,2.1778316307279693,7.111625190528702,37.51729285807027,0.0,4.605,,bayesian,regression,1000,30
4.331,2.0813648659280144,6.460123213626508,34.80138500326851,0.0,4.42,,bayesian,regression,1000,31
4.47,2.0683979370317407,6.652202824887867,36.182823297386044,0.0,4.55,,bayesian,regression,1000,32
4.489,2.0678653299702447,6.662874557917292,36.56182584232579,0.0,4.555,,bayesian,regression,1000,33
4.435,2.0858695789032735,6.649771085393658,35.95600005272115,0.0,4.6,,bayesian,regression,1000,34
4.48,2.1993191542182133,6.890206114986018,36.42977106721554,0.0,4.605,,bayesian,regression,1000,35
4.591,2.083726653007716,6.89170838909895,37.564753303457955,0.0,4.745,,bayesian,regression,1000,36
4.6,2.1106853825708765,6.989883442021876,37.52944304114016,0.0,4.82,,bayesian,regression,1000,37
4.526,2.1237355063869634,6.929195899007307,36.93371319575053,0.0,4.655,400.0,bayesian,regression,1000,38
4.495,2.090487892714554,6.758558870099043,36.45125841591876,0.0,4.525,,bayesian,regression,1000,39
4.123,3.8004826247759778,9.235563599461342,32.9647107840644,0.0,4.565,,bayesian,regression,1000,40
4.448,2.0834199337371166,6.608604664661656,35.8786990519199,0.0,4.49,,bayesian,regression,1000,41
4.345,2.0690239999999998,6.40614,34.91479112137681,0.0,4.46,,bayesian,regression,1000,42
4.296,3.937575109929676,10.585425834395009,34.51122544404557,0.0,4.795,,bayesian,regression,1000,43
4.523,2.109283912162016,6.869354572131888,36.93881980171664,0.0,4.805,,bayesian,regression,1000,44
4.443,2.0747409388289357,6.576263912403601,35.8079288065978,0.0,4.6,,bayesian,regression,1000,45
4.57,2.1480974968788633,7.030698422201376,37.341131227328276,0.0,4.51,,bayesian,regression,1000,46
4.452,2.092947657121421,6.6882249633374435,36.054113673979124,0.0,4.685,,bayesian,regression,1000,47
4.425,2.0887309264990606,6.616289793224254,35.785625309225026,0.0,4.58,,bayesian,regression,1000,48
4.225,2.100248697563727,6.311154668691806,33.306528373501635,0.0,4.475,,bayesian,regression,1000,49
4.548,2.092312708051506,6.873916689027454,36.990824831269926,0.0,4.86,,bayesian,regression,1000,50
4.555,2.066350852370338,6.844508332052172,36.999335626145495,0.0,4.74,,bayesian,regression,1000,51
4.598,2.099116176339875,6.956956955016101,37.34761600931811,0.0,4.635,,bayesian,regression,1000,52
4.511,2.153634407824963,6.902680537887398,36.63150756098414,0.0,4.515,,bayesian,regression,1000,53
4.385,2.0687022297822177,6.531522042972282,35.17994884645886,0.0,4.435,400.0,bayesian,regression,1000,54
4.423,2.162074919732486,6.77845442485624,35.653359262557245,0.0,4.59,,bayesian,regression,1000,55
4.232,2.094819499390216,6.2955164191153505,33.537679834116354,0.0,4.6,,bayesian,regression,1000,56
4.562,2.0958856854553507,6.831295705804088,37.258712672227354,0.0,4.57,,bayesian,regression,1000,57
4.59,2.15971148220197,7.049249657363445,37.31484465600004,0.0,4.77,200.0,bayesian,regression,1000,58
4.193,5.788239445572143,15.892325605049798,32.25650244548668,0.0,5.545,,bayesian,regression,1000,59
4.47,2.0746271934120135,6.674108773648054,36.285219810036935,0.0,4.495,,bayesian,regression,1000,60
4.27,2.069964945786802,6.296402037360405,33.972073901163284,0.0,4.475,,bayesian,regression,1000,61
4.261,2.103689794334263,6.317821419315009,33.87578360742563,0.0,4.045,,bayesian,regression,1000,62
4.343,3.9746913083217335,10.919409972913448,34.909062744234866,0.0,4.65,,bayesian,regression,1000,63
4.552,2.1638805115985944,7.134181440773759,37.386957181727176,0.0,4.56,,bayesian,regression,1000,64
4.522,2.099277265384705,6.85064040491732,36.67946608217437,0.0,4.66,400.0,bayesian,regression,1000,65
4.397,2.082664484580664,6.5241210589191265,35.4843270089297,0.0,4.51,,bayesian,regression,1000,66
4.544,2.0661592067236043,6.825423343777504,36.74991380353018,0.0,4.575,,bayesian,regression,1000,67
4.47,2.163960540334761,6.851049374502634,36.22082939226703,0.0,4.655,,bayesian,regression,1000,68
4.459,2.118706164056836,6.789073278270254,36.16856915500734,0.0,4.63,,bayesian,regression,1000,69
3.848,5.530946072187136,12.533002134901139,29.660430768930432,0.0,5.01,,bayesian,regression,1000,70
4.516,2.146860310148196,6.840854041908007,36.67211385863022,0.0,4.675,,bayesian,regression,1000,71
4.648,2.094203580123762,7.085127139319955,38.06933523753846,0.0,4.675,400.0,bayesian,regression,1000,72
4.496,2.078074474625052,6.757182176362476,36.69112660776627,0.0,4.61,,bayesian,regression,1000,73
4.421,2.066300495443807,6.556311581775228,35.455470310166184,0.0,4.5,,bayesian,regression,1000,74
4.382,2.145931437042382,6.6412188602738755,35.25652566393648,0.0,4.505,,bayesian,regression,1000,75
4.464,2.110577406237122,6.778114065126662,36.25103820247828,0.0,4.685,200.0,bayesian,regression,1000,76
4.251,2.076016423470114,6.31244692569602,33.879924885326126,0.0,4.36,,bayesian,regression,1000,77
4.465,2.1005153690411875,6.688008472599915,36.134088852097,0.0,4.49,,bayesian,regression,1000,78
4.497,2.188068077844395,7.018080227942395,36.591807520423416,0.0,4.555,,bayesian,regression,1000,79
4.52,2.09342044814492,6.810676489989406,36.74588762713131,0.0,4.665,,bayesian,regression,1000,80
4.339,3.9609288447466318,10.747365142359724,34.906042205964305,0.0,4.655,,bayesian,regression,1000,81
4.418,2.1248457900749917,6.7263732111855905,35.6600198068151,0.0,4.44,,bayesian,regression,1000,82
4.51,2.185992648827517,7.0368171674819955,36.37113546489473,0.0,4.49,,bayesian,regression,1000,83
4.518,2.116877871830453,6.818260014009214,36.79537784298045,0.0,4.55,,bayesian,regression,1000,84
4.472,2.1452232566960534,6.829304275561157,36.30367656776698,0.0,4.575,400.0,bayesian,regression,1000,85
4.48,2.0715233233606574,6.684238893442629,36.534017737731745,0.0,4.5,,bayesian,regression,1000,86
4.531,2.130614574935976,7.0470149458667555,36.802787946270705,0.0,4.51,,bayesian,regression,1000,87
4.578,2.122174835623153,7.054766953041546,37.22050259240756,0.0,4.585,,bayesian,regression,1000,88
4.496,2.0800067191934715,6.735940812231491,36.54825919163213,0.0,4.48,,bayesian,regression,1000,89
4.573,2.0808496545872774,6.8405153755033075,37.28971286879743,0.0,4.63,,bayesian,regression,1000,90
4.487,2.075273200189253,6.688121812211805,36.60082480251857,0.0,4.58,,bayesian,regression,1000,91
4.606,2.160882286779085,7.171822331600828,37.88493381903585,0.0,4.66,,bayesian,regression,1000,92
4.281,3.857571480735751,10.07590021889823,34.13380205283744,0.0,4.715,,bayesian,regression,1000,93
4.482,2.113938123886439,6.81057034746981,36.29251486121104,0.0,4.605,,bayesian,regression,1000,94
4.432,2.110537359119443,6.612468662048644,36.03139806246962,0.0,4.48,,bayesian,regression,1000,95
4.385,2.0693360000000003,6.480235999999999,35.4008208923248,0.0,4.645,,bayesian,regression,1000,96
4.486,2.109649044923216,6.82158332674106,36.18518705105527,0.0,4.695,,bayesian,regression,1000,97
4.656,2.147212886717487,7.186995208968357,38.11052661962136,0.0,4.825,,bayesian,regression,1000,98
4.379,2.0631808,6.4571384,34.918383139720056,0.0,4.5,,bayesian,regression,1000,99
4.228,2.3,6.533600000000001,33.761346296213546,0.0,4.33,,bayesian,q_learning,1000,0
4.188,2.682,7.489599999999999,33.452894140939605,0.0,4.315,,bayesian,q_learning,1000,1
4.429,2.36,7.041300000000001,35.892622952944045,0.0,4.285,,bayesian,q_learning,1000,2
4.408,2.276,6.739599999999999,35.93176341737341,0.0,4.355,,bayesian,q_learning,1000,3
4.268,2.61,7.355600000000001,34.266730969532205,0.0,4.395,,bayesian,q_learning,1000,4
4.012,3.044,7.4304,31.53769033975227,0.0,4.16,,bayesian,q_learning,1000,5
4.349,2.332,6.7113,34.84121681995649,0.0,4.63,,bayesian,q_learning,1000,6
3.685,3.43,8.0805,27.848898647093872,0.0,4.025,,bayesian,q_learning,1000,7
3.941,2.654,6.7936999999999985,30.509988167381106,0.0,4.315,,bayesian,q_learning,1000,8
4.268,2.318,6.4476,34.21308301521209,0.0,4.45,,bayesian,q_learning,1000,9
4.031,2.78,7.1827000000000005,31.48191667334233,0.0,4.23,,bayesian,q_learning,1000,10
4.36,2.614,7.624,35.3730151766026,0.0,4.635,,bayesian,q_learning,1000,11
4.131,2.698,7.3206999999999995,32.63516938852715,0.0,4.145,,bayesian,q_learning,1000,12
4.236,2.346,6.623200000000001,34.04036449367537,0.0,4.31,,bayesian,q_learning,1000,13
4.156,2.468,6.5451999999999995,33.053598539052125,0.0,4.37,,bayesian,q_learning,1000,14
4.056,2.618,7.2092,31.5327086583252,0.0,4.205,,bayesian,q_learning,1000,15
3.725,3.518,7.8245,28.610605042947633,0.0,3.645,,bayesian,q_learning,1000,16
4.2,2.706,7.258,33.46547523026142,0.0,4.41,,bayesian,q_learning,1000,17
3.903,2.894,7.6291,30.00423567793323,0.0,4.135,,bayesian,q_learning,1000,18
4.034,2.666,7.2378,31.387818670690695,0.0,4.185,200.0,bayesian,q_learning,1000,19
3.902,3.072,7.1134,30.556974778378812,0.0,4.13,,bayesian,q_learning,1000,20
4.064,2.736,7.490799999999999,31.632903174593743,0.0,3.955,,bayesian,q_learning,1000,21
3.882,2.968,7.2334,29.949469103268363,0.0,4.03,,bayesian,q_learning,1000,22
4.111,2.626,7.0687,32.27964357313258,0.0,4.23,,bayesian,q_learning,1000,23
4.013,2.684,7.0601,31.167805479074275,0.0,4.3,,bayesian,q_learning,1000,24
3.847,3.574,8.6299,29.498251428022943,0.0,3.975,,bayesian,q_learning,1000,25
4.106,2.526,6.8202,32.451933535422505,0.0,4.52,,bayesian,q_learning,1000,26
4.046,2.592,6.9062,31.630562587206377,0.0,4.245,,bayesian,q_learning,1000,27
3.861,2.926,7.3736999999999995,29.581573623449373,0.0,3.975,,bayesian,q_learning,1000,28
4.162,3.334,9.859399999999999,32.58310023032147,0.0,4.14,,bayesian,q_learning,1000,29
4.163,2.634,7.0630999999999995,32.82661324985178,0.0,4.21,400.0,bayesian,q_learning,1000,30
4.011,2.76,7.1487,31.446018515030445,0.0,4.2,,bayesian,q_learning,1000,31
3.837,2.93,6.938899999999999,29.699394311669963,0.0,3.89,,bayesian,q_learning,1000,32
3.647,3.108,6.7779,27.830487781140917,0.0,3.775,,bayesian,q_learning,1000,33
3.903,2.656,6.5311,30.116448179166436,0.0,4.065,,bayesian,q_learning,1000,34
4.254,2.424,6.753799999999999,34.25195354105257,0.0,4.475,,bayesian,q_learning,1000,35
3.957,2.852,7.390899999999999,30.801823458630096,0.0,4.16,,bayesian,q_learning,1000,36
4.218,2.362,6.538600000000001,33.50346341396362,0.0,4.64,,bayesian,q_learning,1000,37
3.863,3.092,8.195099999999998,29.600460652966824,0.0,3.975,,bayesian,q_learning,1000,38
3.728,3.138,6.8876,28.589656326184674,0.0,3.95,,bayesian,q_learning,1000,39
4.176,2.364,6.3271999999999995,33.33449971368778,0.0,4.19,,bayesian,q_learning,1000,40
4.19,2.472,6.762999999999999,33.29407108223159,0.0,4.135,,bayesian,q_learning,1000,41
4.045,2.696,6.9605,31.90666105730908,0.0,4.07,,bayesian,q_learning,1000,42
4.102,2.716,7.535399999999999,32.36378229115874,0.0,4.31,,bayesian,q_learning,1000,43
3.297,4.204,7.716900000000001,24.711628559339303,0.0,3.365,,bayesian,q_learning,1000,44
4.037,2.438,6.1989,31.937259882412476,0.0,4.045,,bayesian,q_learning,1000,45
4.32,2.392,6.752,34.767361713753985,0.0,4.56,,bayesian,q_learning,1000,46
3.228,4.836,10.549600000000002,23.14708516493979,0.0,3.39,,bayesian,q_learning,1000,47
3.87,2.806,6.707,30.114745256338463,0.0,3.81,,bayesian,q_learning,1000,48
4.306,2.28,6.6362,34.59590281865526,0.0,4.445,,bayesian,q_learning,1000,49
4.281,2.42,6.887699999999999,34.18672821642501,0.0,4.46,,bayesian,q_learning,1000,50
4.106,2.542,6.512199999999999,32.49869849730369,0.0,4.44,,bayesian,q_learning,1000,51
3.667,3.348,7.5299000000000005,27.846053331382425,0.0,3.895,,bayesian,q_learning,1000,52
4.009,2.62,6.6312999999999995,31.557646761954434,0.0,4.165,,bayesian,q_learning,1000,53
4.074,2.546,6.925799999999999,31.914554645254363,0.0,4.25,,bayesian,q_learning,1000,54
3.894,2.772,6.6798,30.3491925505425,0.0,3.985,,bayesian,q_learning,1000,55
3.883,2.954,7.081099999999999,30.324663797233406,0.0,4.13,,bayesian,q_learning,1000,56
4.061,2.764,7.509699999999999,31.825516400490915,0.0,4.11,400.0,bayesian,q_learning,1000,57
4.408,2.378,6.881600000000001,35.750270009430814,0.0,4.62,,bayesian,q_learning,1000,58
4.403,2.328,6.783099999999999,35.680351876057934,0.0,4.565,,bayesian,q_learning,1000,59
3.9,3.042,8.188,29.82682704133134,0.0,3.97,,bayesian,q_learning,1000,60
4.297,2.27,6.4189,34.50696035008846,0.0,4.66,,bayesian,q_learning,1000,61
3.962,2.712,6.9193999999999996,31.00432557193059,0.0,3.97,,bayesian,q_learning,1000,62
4.403,2.378,6.8431,35.73837486392571,0.0,4.59,,bayesian,q_learning,1000,63
4.174,2.838,8.0198,32.764167586326586,0.0,4.105,,bayesian,q_learning,1000,64
4.146,3.16,8.462200000000001,32.755515576499604,0.0,4.52,,bayesian,q_learning,1000,65
4.075,2.548,6.7775,31.922024197190332,0.0,4.12,,bayesian,q_learning,1000,66
3.641,3.778,7.947700000000001,27.854556054927126,0.0,3.96,,bayesian,q_learning,1000,67
3.903,2.966,7.7031,30.122202655358006,0.0,4.045,,bayesian,q_learning,1000,68
4.196,2.368,6.3172,33.71344341943368,0.0,4.41,,bayesian,q_learning,1000,69
3.883,2.982,7.721100000000001,29.870982004432424,0.0,4.035,,bayesian,q_learning,1000,70
4.159,2.508,6.722300000000001,33.07900514487227,0.0,4.475,,bayesian,q_learning,1000,71
4.143,2.844,7.839099999999999,32.59242331495624,0.0,3.995,,bayesian,q_learning,1000,72
3.726,3.376,7.988200000000001,28.188531907237557,0.0,3.68,,bayesian,q_learning,1000,73
4.086,2.416,6.302199999999999,32.23573931836001,0.0,4.37,,bayesian,q_learning,1000,74
3.826,2.906,7.250199999999999,29.131099254172042,0.0,3.92,,bayesian,q_learning,1000,75
4.082,2.662,7.0634,32.236785020454874,0.0,4.25,,bayesian,q_learning,1000,76
3.884,3.08,7.4428,30.286594485747745,0.0,3.945,,bayesian,q_learning,1000,77
3.961,3.016,7.709700000000001,30.659216172397187,0.0,3.935,,bayesian,q_learning,1000,78
4.441,2.346,6.8557,35.973747782682445,0.0,4.62,,bayesian,q_learning,1000,79
4.078,2.806,7.602600000000001,32.02747047074494,0.0,4.195,,bayesian,q_learning,1000,80
3.983,2.986,7.9871,31.010386511573802,0.0,4.085,,bayesian,q_learning,1000,81
4.157,2.332,6.278899999999999,32.97249508173927,0.0,4.2,,bayesian,q_learning,1000,82
3.717,3.03,6.594900000000001,28.670996282292037,0.0,3.855,,bayesian,q_learning,1000,83
3.963,2.754,7.1791,30.900347832939456,0.0,4.035,,bayesian,q_learning,1000,84
4.1,2.752,7.482,32.38339527383015,0.0,4.4,,bayesian,q_learning,1000,85
3.983,2.922,7.7011,31.097055992181325,0.0,3.875,,bayesian,q_learning,1000,86
3.879,2.914,7.564299999999999,29.86898466133517,0.0,3.885,400.0,bayesian,q_learning,1000,87
4.321,2.588,7.1716999999999995,34.86931766953631,0.0,4.405,,bayesian,q_learning,1000,88
3.941,2.962,6.9216999999999995,31.146378144648516,0.0,4.025,,bayesian,q_learning,1000,89
3.906,3.202,7.7101999999999995,30.154325508876425,0.0,4.04,400.0,bayesian,q_learning,1000,90
3.672,3.192,6.7943999999999996,28.01005155459127,0.0,3.84,,bayesian,q_learning,1000,91
3.644,4.516,10.982800000000001,27.09424921652907,0.0,3.795,,bayesian,q_learning,1000,92
4.397,2.296,6.6909,35.50342480817852,0.0,4.635,,bayesian,q_learning,1000,93
4.117,2.542,6.5789,32.90780257249849,0.0,4.405,,bayesian,q_learning,1000,94
4.014,2.95,7.839799999999999,31.18744921671174,0.0,4.12,,bayesian,q_learning,1000,95
3.858,2.85,6.852600000000001,30.132594767107722,0.0,4.285,,bayesian,q_learning,1000,96
3.322,4.46,9.4954,23.823887848377037,0.0,3.67,,bayesian,q_learning,1000,97
4.242,2.882,8.3894,33.51836405729609,0.0,4.25,400.0,bayesian,q_learning,1000,98
4.268,2.354,6.5436,34.136172211539716,0.0,4.48,,bayesian,q_learning,1000,99
2.604,6.664,14.7244,15.098377571578903,0.0,2.35,,bayesian,gp,1000,0
3.053,5.960000000000001,15.3213,20.169050291007885,0.0,3.265,,bayesian,gp,1000,1
2.848,6.1424,14.702399999999999,17.654322043142358,0.0,3.115,,bayesian,gp,1000,2
2.368,9.9792,21.924799999999994,12.458997438676802,0.0,2.465,,bayesian,gp,1000,3
3.042,5.427200000000001,13.649799999999999,20.014995923535693,0.0,3.23,,bayesian,gp,1000,4
2.875,6.955199999999999,17.505100000000002,18.09775941092144,0.0,3.005,,bayesian,gp,1000,5
2.724,7.089599999999998,17.062800000000003,16.644708204770122,0.0,2.625,,bayesian,gp,1000,6
2.53,6.931199999999999,15.310599999999999,13.94219419408124,0.0,2.635,,bayesian,gp,1000,7
2.953,5.403200000000001,13.135299999999999,19.28927441958303,0.0,2.97,,bayesian,gp,1000,8
2.714,5.596800000000001,12.679400000000001,16.31603026548949,0.0,2.98,,bayesian,gp,1000,9
2.224,5.7216000000000005,10.384,11.436848931069674,0.0,2.77,,bayesian,gp,1000,10
2.865,6.868799999999999,17.2833,17.872598191746924,0.0,2.715,200.0,bayesian,gp,1000,11
2.982,5.902400000000001,14.570199999999996,19.731639751783266,0.0,2.55,,bayesian,gp,1000,12
2.255,8.224,16.415899999999997,10.798872129685398,0.0,2.325,,bayesian,gp,1000,13
2.756,5.515200000000001,12.624400000000001,16.97631368155725,0.0,2.635,,bayesian,gp,1000,14
2.619,7.281599999999999,16.757900000000003,15.001640638485847,0.0,2.8,,bayesian,gp,1000,15
2.958,6.2224,15.563,19.088057751476697,0.0,2.92,,bayesian,gp,1000,16
3.104,5.740800000000001,14.9984,20.422122719563333,0.0,3.2,,bayesian,gp,1000,17
2.914,6.1552,15.125,18.41513846729098,0.0,2.79,,bayesian,gp,1000,18
3.195,5.603200000000001,14.9707,21.59390245923635,0.0,3.515,,bayesian,gp,1000,19
2.904,7.067199999999999,18.237599999999997,18.29689308841736,0.0,2.865,,bayesian,gp,1000,20
2.49,7.6495999999999995,16.786600000000004,13.483129229782142,0.0,2.64,,bayesian,gp,1000,21
3.196,5.760000000000002,15.489199999999999,21.74441520002048,0.0,3.31,,bayesian,gp,1000,22
1.95,9.971200000000001,17.863799999999998,8.761920967079364,0.0,2.035,,bayesian,gp,1000,23
2.985,5.331200000000001,13.036100000000001,19.789525815191244,0.0,2.885,,bayesian,gp,1000,24
3.0,7.409599999999999,19.8104,19.283659054297466,0.0,3.335,,bayesian,gp,1000,25
2.776,7.075199999999999,17.0136,16.95279208084029,0.0,2.575,,bayesian,gp,1000,26
2.828,6.712,16.438,17.532438390833004,0.0,2.855,,bayesian,gp,1000,27
2.455,6.944,14.6119,13.197392687484477,0.0,2.385,,bayesian,gp,1000,28
3.051,7.096,19.084300000000002,19.958122668394395,0.0,3.015,,bayesian,gp,1000,29
2.481,6.9823999999999975,15.161700000000002,13.641172096323114,0.0,2.455,,bayesian,gp,1000,30
3.213,6.017600000000002,16.3853,21.761551250261203,0.0,3.18,,bayesian,gp,1000,31
2.792,5.692800000000001,13.295200000000001,17.26077138459571,0.0,2.84,,bayesian,gp,1000,32
3.179,4.820800000000001,11.3771,22.48336528976456,0.0,2.655,,bayesian,gp,1000,33
2.917,5.595200000000001,13.678900000000002,18.666726685531472,0.0,2.77,,bayesian,gp,1000,34
2.138,9.416,17.810599999999997,10.452177205617382,0.0,3.19,,bayesian,gp,1000,35
2.902,5.587200000000001,13.157399999999999,18.73146699360689,0.0,2.77,,bayesian,gp,1000,36
2.991,6.361599999999999,16.3327,19.320347961061497,0.0,2.945,,bayesian,gp,1000,37
3.11,5.579200000000001,14.5238,21.055614860104406,0.0,3.23,,bayesian,gp,1000,38
2.939,5.718400000000001,13.9995,18.954041114545465,0.0,2.845,,bayesian,gp,1000,39
2.656,6.780799999999999,15.2288,16.219711076734278,0.0,3.5,,bayesian,gp,1000,40
2.509,7.055999999999998,15.5837,14.028236647184132,0.0,2.5,,bayesian,gp,1000,41
3.053,5.502400000000001,13.8445,20.195315294334012,0.0,3.22,,bayesian,gp,1000,42
3.118,5.8112,15.249399999999998,20.643880860074184,0.0,3.04,,bayesian,gp,1000,43
2.409,8.888,19.1113,13.015291706435702,0.0,3.125,,bayesian,gp,1000,44
2.814,6.3264000000000005,14.817400000000001,17.9919908490565,0.0,3.145,,bayesian,gp,1000,45
2.815,5.598400000000002,12.7071,17.696020630731127,0.0,3.085,,bayesian,gp,1000,46
2.702,7.027199999999998,16.7982,15.849745050251437,0.0,2.665,,bayesian,gp,1000,47
2.844,5.651200000000001,13.182,18.344261328923327,0.0,2.84,,bayesian,gp,1000,48
2.866,5.918400000000002,13.8738,18.06237896550836,0.0,3.365,,bayesian,gp,1000,49
2.964,6.6976,17.032400000000003,19.06732322598584,0.0,3.67,,bayesian,gp,1000,50
2.744,7.073599999999998,17.0984,16.803384999700807,0.0,2.77,,bayesian,gp,1000,51
2.657,7.299199999999999,17.1105,15.337409120135963,0.0,2.96,,bayesian,gp,1000,52
1.767,9.9632,16.0583,6.7133263969796735,0.0,1.84,,bayesian,gp,1000,53
2.821,6.835199999999999,16.858100000000004,17.26087791006282,0.0,2.75,,bayesian,gp,1000,54
1.813,9.9696,16.5381,7.606470747921265,0.0,1.86,,bayesian,gp,1000,55
2.541,6.8304,15.042900000000001,14.473398808607223,0.0,2.545,,bayesian,gp,1000,56
2.976,5.616000000000001,13.980799999999999,19.454943846335023,0.0,2.94,,bayesian,gp,1000,57
3.156,6.030400000000001,15.5972,21.479216007634346,0.0,3.44,,bayesian,gp,1000,58
2.553,8.004800000000001,17.999299999999998,14.268281230202444,0.0,2.47,,bayesian,gp,1000,59
2.551,6.947199999999999,15.330300000000001,14.409114975616534,0.0,2.35,,bayesian,gp,1000,60
2.687,5.568000000000001,12.3615,16.362955591128976,0.0,2.635,,bayesian,gp,1000,61
2.873,5.691200000000001,13.4537,18.444451513534727,0.0,2.975,,bayesian,gp,1000,62
3.228,5.472000000000001,14.529200000000001,22.323699668412935,0.0,3.325,,bayesian,gp,1000,63
3.182,6.041600000000001,16.4942,21.280574510317077,0.0,3.52,,bayesian,gp,1000,64
2.976,6.7471999999999985,17.6688,19.069088091283717,0.0,3.07,,bayesian,gp,1000,65
2.657,7.062399999999998,16.5985,15.509209228216525,0.0,2.485,,bayesian,gp,1000,66
3.304,5.822400000000002,16.276,22.986503845212155,0.0,3.37,,bayesian,gp,1000,67
2.646,7.052799999999999,16.355800000000002,15.389894250620474,0.0,2.79,,bayesian,gp,1000,68
2.958,5.745600000000002,14.020599999999998,19.192460661862796,0.0,3.265,,bayesian,gp,1000,69
2.878,7.193599999999998,18.375799999999998,17.860769998176334,0.0,2.765,,bayesian,gp,1000,70
2.715,7.099199999999999,17.0235,16.262311776564005,0.0,2.725,,bayesian,gp,1000,71
3.044,7.199999999999999,19.4932,19.725286361804265,0.0,3.18,,bayesian,gp,1000,72
2.677,6.563199999999999,14.9109,15.681139461177862,0.0,2.82,,bayesian,gp,1000,73
2.981,5.627200000000001,14.114099999999999,19.38018725109729,0.0,2.965,,bayesian,gp,1000,74
2.806,5.665600000000001,12.7862,17.477230274040522,0.0,2.86,,bayesian,gp,1000,75
2.52,7.2559999999999985,16.028000000000002,13.85135709868568,0.0,2.51,,bayesian,gp,1000,76
3.146,5.798400000000001,15.447400000000002,21.267518191722804,0.0,3.35,,bayesian,gp,1000,77
2.914,5.664000000000001,13.681799999999999,18.934238924405015,0.0,2.81,,bayesian,gp,1000,78
2.998,7.1983999999999995,19.2694,19.219560091319945,0.0,3.145,,bayesian,gp,1000,79
2.638,7.0527999999999995,16.2414,15.321286534617684,0.0,3.11,,bayesian,gp,1000,80
3.175,5.9328,15.847100000000001,21.38745076042711,0.0,3.47,,bayesian,gp,1000,81
2.606,7.057599999999999,16.0862,15.274669940603683,0.0,2.505,,bayesian,gp,1000,82
2.827,7.159999999999998,17.8875,17.45775905583059,0.0,2.94,,bayesian,gp,1000,83
3.324,4.470400000000001,10.863599999999998,24.128946187910298,0.0,3.33,,bayesian,gp,1000,84
2.55,7.703999999999999,16.8678,14.500803792522671,0.0,2.645,,bayesian,gp,1000,85
3.18,5.774400000000002,15.2796,21.869891073051807,0.0,3.355,,bayesian,gp,1000,86
2.688,7.039999999999998,16.736,16.126280139382132,0.0,2.735,,bayesian,gp,1000,87
3.167,5.745600000000001,15.383899999999997,21.5681167219066,0.0,3.35,,bayesian,gp,1000,88
2.605,7.107199999999999,16.2221,14.895073961518483,0.0,2.78,,bayesian,gp,1000,89
2.744,7.115199999999999,17.316,16.391742003992434,0.0,2.875,,bayesian,gp,1000,90
2.895,5.604800000000001,13.510299999999999,18.443825771224184,0.0,2.775,,bayesian,gp,1000,91
3.255,6.28,17.512700000000002,22.324593044452023,0.0,3.24,,bayesian,gp,1000,92
2.51,7.537599999999999,16.644599999999997,13.962820845193521,0.0,2.76,,bayesian,gp,1000,93
2.641,7.425599999999998,17.361700000000006,15.483545310265727,0.0,2.635,,bayesian,gp,1000,94
1.821,9.9792,16.609299999999998,7.767986881502282,0.0,1.835,,bayesian,gp,1000,95
2.398,7.766400000000001,16.323,12.994691578113967,0.0,2.62,,bayesian,gp,1000,96
2.728,6.799999999999999,16.2664,16.171987806292055,0.0,2.84,,bayesian,gp,1000,97
2.303,9.987200000000001,21.3215,11.973566574417243,0.0,2.35,,bayesian,gp,1000,98
2.973,5.536000000000002,13.8877,19.235689876270083,0.0,3.095,,bayesian,gp,1000,99
0.089,10.0,-0.13669999999999993,-0.3858999904253249,0.0,0.0,400.0,no_regret,passive,1000,0
0.093,10.0,-0.09789999999999997,-0.32076539032341905,0.0,0.0,400.0,no_regret,passive,1000,1
0.124,10.0,0.20279999999999995,-0.05799907163284342,0.0,0.0,400.0,no_regret,passive,1000,2
0.08,10.0,-0.224,-0.43485589939760516,0.0,0.0,400.0,no_regret,passive,1000,3
0.136,10.0,0.31920000000000004,0.06920167483753493,0.0,0.0,400.0,no_regret,passive,1000,4
0.081,10.0,-0.21429999999999996,-0.41420757080670206,0.0,0.0,400.0,no_regret,passive,1000,5
0.1,10.0,-0.03,-0.2698082306556448,0.0,0.0,400.0,no_regret,passive,1000,6
0.09,10.0,-0.127,-0.36114092696663763,0.0,0.0,400.0,no_regret,passive,1000,7
0.084,10.0,-0.18519999999999992,-0.38963499695029113,0.0,0.0,400.0,no_regret,passive,1000,8
0.074,10.0,-0.28220000000000006,-0.5039747507540956,0.0,0.0,400.0,no_regret,passive,1000,9
0.063,10.0,-0.38889999999999997,-0.606697017635535,0.0,0.0,400.0,no_regret,passive,1000,10
0.106,10.0,0.028200000000000044,-0.19239246183469708,0.0,0.0,400.0,no_regret,passive,1000,11
0.101,10.0,-0.020299999999999953,-0.24944484333741435,0.0,0.0,400.0,no_regret,passive,1000,12
0.102,10.0,-0.010600000000000023,-0.27974166414165724,0.0,0.0,400.0,no_regret,passive,1000,13
0.081,10.0,-0.21429999999999996,-0.4726020440792842,0.0,0.0,400.0,no_regret,passive,1000,14
0.08,10.0,-0.224,-0.4350738576880279,0.0,0.0,400.0,no_regret,passive,1000,15
0.096,10.0,-0.06879999999999996,-0.30636491272985017,0.0,0.0,400.0,no_regret,passive,1000,16
0.112,10.0,0.08639999999999998,-0.10921119557137081,0.0,0.0,400.0,no_regret,passive,1000,17
0.125,10.0,0.2125,-0.026420965194200903,0.0,0.0,400.0,no_regret,passive,1000,18
0.083,10.0,-0.1949000000000001,-0.40005163500536595,0.0,0.0,400.0,no_regret,passive,1000,19
0.091,10.0,-0.11729999999999996,-0.3256553340620603,0.0,0.0,400.0,no_regret,passive,1000,20
0.083,10.0,-0.1949,-0.3994941705159786,0.0,0.0,400.0,no_regret,passive,1000,21
0.074,10.0,-0.28220000000000006,-0.5178957162276127,0.0,0.0,400.0,no_regret,passive,1000,22
0.097,10.0,-0.05910000000000002,-0.2823707610870565,0.0,0.0,400.0,no_regret,passive,1000,23
0.072,10.0,-0.30160000000000003,-0.48321862686689293,0.0,0.0,400.0,no_regret,passive,1000,24
0.092,10.0,-0.1075999999999999,-0.35672101236903064,0.0,0.0,400.0,no_regret,passive,1000,25
0.1,10.0,-0.03,-0.26165209767059266,0.0,0.0,400.0,no_regret,passive,1000,26
0.126,10.0,0.22220000000000004,0.025711491635194875,0.0,0.0,400.0,no_regret,passive,1000,27
0.066,10.0,-0.35979999999999995,-0.5763864898086092,0.0,0.0,400.0,no_regret,passive,1000,28
0.116,10.0,0.12519999999999992,-0.13326121764497156,0.0,0.0,400.0,no_regret,passive,1000,29
0.094,10.0,-0.08819999999999993,-0.3055572602000993,0.0,0.0,400.0,no_regret,passive,1000,30
0.089,10.0,-0.13669999999999993,-0.3626768779228893,0.0,0.0,400.0,no_regret,passive,1000,31
0.11,10.0,0.067,-0.20629182510062138,0.0,0.0,400.0,no_regret,passive,1000,32
0.076,10.0,-0.2628,-0.4501003910178927,0.0,0.0,400.0,no_regret,passive,1000,33
0.067,10.0,-0.3500999999999999,-0.5358720514962333,0.0,0.0,400.0,no_regret,passive,1000,34
0.089,10.0,-0.13670000000000004,-0.3397479831413997,0.0,0.0,400.0,no_regret,passive,1000,35
0.094,10.0,-0.08819999999999993,-0.3278562664471673,0.0,0.0,400.0,no_regret,passive,1000,36
0.055,10.0,-0.4665,-0.6589604130558517,0.0,0.0,400.0,no_regret,passive,1000,37
0.096,10.0,-0.06879999999999996,-0.291748314066547,0.0,0.0,400.0,no_regret,passive,1000,38
0.082,10.0,-0.20459999999999992,-0.47096065953070126,0.0,0.0,400.0,no_regret,passive,1000,39
0.074,10.0,-0.28220000000000006,-0.526388901289504,0.0,0.0,400.0,no_regret,passive,1000,40
0.059,10.0,-0.42769999999999997,-0.5987026941532667,0.0,0.0,400.0,no_regret,passive,1000,41
0.078,10.0,-0.24339999999999998,-0.4178418262061717,0.0,0.0,400.0,no_regret,passive,1000,42
0.074,10.0,-0.28219999999999995,-0.48840420671970325,0.0,0.0,400.0,no_regret,passive,1000,43
0.052,10.0,-0.4956,-0.6925073808442608,0.0,0.0,400.0,no_regret,passive,1000,44
0.063,10.0,-0.3889,-0.6141358267378124,0.0,0.0,400.0,no_regret,passive,1000,45
0.069,10.0,-0.33070000000000005,-0.5393863620951797,0.0,0.0,400.0,no_regret,passive,1000,46
0.103,10.0,-0.0008999999999999773,-0.24050621312610043,0.0,0.0,400.0,no_regret,passive,1000,47
0.079,10.0,-0.23370000000000005,-0.47552172854548685,0.0,0.0,400.0,no_regret,passive,1000,48
0.08,10.0,-0.224,-0.41896754366847927,0.0,0.0,400.0,no_regret,passive,1000,49
0.075,10.0,-0.2725,-0.5133950444474432,0.0,0.0,400.0,no_regret,passive,1000,50
0.072,10.0,-0.3015999999999999,-0.5360931044593831,0.0,0.0,400.0,no_regret,passive,1000,51
0.076,10.0,-0.2628,-0.47702544975179784,0.0,0.0,400.0,no_regret,passive,1000,52
0.08,10.0,-0.224,-0.456242556302592,0.0,0.0,400.0,no_regret,passive,1000,53
0.124,10.0,0.20280000000000017,-0.08939755369119462,0.0,0.0,400.0,no_regret,passive,1000,54
0.065,10.0,-0.36949999999999994,-0.6213665478414631,0.0,0.0,400.0,no_regret,passive,1000,55
0.082,10.0,-0.20459999999999992,-0.4395834564492484,0.0,0.0,400.0,no_regret,passive,1000,56
0.06,10.0,-0.4179999999999999,-0.6371332922956595,0.0,0.0,400.0,no_regret,passive,1000,57
0.082,10.0,-0.20460000000000003,-0.4651550614352654,0.0,0.0,400.0,no_regret,passive,1000,58
0.117,10.0,0.1349000000000001,-0.10425924633345471,0.0,0.0,400.0,no_regret,passive,1000,59
0.102,10.0,-0.01059999999999991,-0.22158355911956643,0.0,0.0,400.0,no_regret,passive,1000,60
0.084,10.0,-0.18520000000000006,-0.3921650395202486,0.0,0.0,400.0,no_regret,passive,1000,61
0.068,10.0,-0.3404000000000001,-0.5427114339535841,0.0,0.0,400.0,no_regret,passive,1000,62
0.103,10.0,-0.0009000000000000909,-0.22466643041915563,0.0,0.0,400.0,no_regret,passive,1000,63
0.151,10.0,0.46469999999999984,0.22564098982595124,0.0,0.0,400.0,no_regret,passive,1000,64
0.14,10.0,0.358,-0.04827847051176343,0.0,0.0,400.0,no_regret,passive,1000,65
0.074,10.0,-0.28220000000000006,-0.4895357564903349,0.0,0.0,400.0,no_regret,passive,1000,66
0.123,10.0,0.1930999999999999,-0.02010383557075886,0.0,0.0,400.0,no_regret,passive,1000,67
0.092,10.0,-0.1075999999999999,-0.3250809742352269,0.0,0.0,400.0,no_regret,passive,1000,68
0.142,10.0,0.37740000000000007,0.09626208214470114,0.0,0.0,400.0,no_regret,passive,1000,69
0.141,10.0,0.3676999999999998,0.07905614546583672,0.0,0.0,400.0,no_regret,passive,1000,70
0.066,10.0,-0.35979999999999995,-0.5183574161638796,0.0,0.0,400.0,no_regret,passive,1000,71
0.082,10.0,-0.20460000000000003,-0.43257250708602546,0.0,0.0,400.0,no_regret,passive,1000,72
0.095,10.0,-0.0785,-0.3618431926111361,0.0,0.0,400.0,no_regret,passive,1000,73
0.077,10.0,-0.25310000000000005,-0.46765512700330364,0.0,0.0,400.0,no_regret,passive,1000,74
0.089,10.0,-0.13669999999999993,-0.37110349171862145,0.0,0.0,400.0,no_regret,passive,1000,75
0.089,10.0,-0.13670000000000004,-0.3484827242787437,0.0,0.0,400.0,no_regret,passive,1000,76
0.072,10.0,-0.30160000000000003,-0.5034881944632407,0.0,0.0,400.0,no_regret,passive,1000,77
0.082,10.0,-0.20459999999999992,-0.4439942580056112,0.0,0.0,400.0,no_regret,passive,1000,78
0.1,10.0,-0.03,-0.31802378533923686,0.0,0.0,400.0,no_regret,passive,1000,79
0.067,10.0,-0.3501,-0.578603769277199,0.0,0.0,400.0,no_regret,passive,1000,80
0.091,10.0,-0.11729999999999996,-0.36764449948527683,0.0,0.0,400.0,no_regret,passive,1000,81
0.08,10.0,-0.224,-0.39333265196046546,0.0,0.0,400.0,no_regret,passive,1000,82
0.11,10.0,0.06700000000000012,-0.18260945147013355,0.0,0.0,400.0,no_regret,passive,1000,83
0.061,10.0,-0.40829999999999994,-0.6385600197572908,0.0,0.0,400.0,no_regret,passive,1000,84
0.074,10.0,-0.28220000000000006,-0.4585764755569917,0.0,0.0,400.0,no_regret,passive,1000,85
0.074,10.0,-0.28219999999999995,-0.5273649528809148,0.0,0.0,400.0,no_regret,passive,1000,86
0.106,10.0,0.028200000000000044,-0.20134366969775555,0.0,0.0,400.0,no_regret,passive,1000,87
0.108,10.0,0.047600000000000135,-0.2469573554211207,0.0,0.0,400.0,no_regret,passive,1000,88
0.088,10.0,-0.14639999999999997,-0.3893481017569797,0.0,0.0,400.0,no_regret,passive,1000,89
0.076,10.0,-0.2628,-0.49613059715545293,0.0,0.0,400.0,no_regret,passive,1000,90
0.095,10.0,-0.0785,-0.3109032310409516,0.0,0.0,400.0,no_regret,passive,1000,91
0.104,10.0,0.008799999999999954,-0.19048941450053813,0.0,0.0,400.0,no_regret,passive,1000,92
0.129,10.0,0.25129999999999997,0.04022300236214676,0.0,0.0,400.0,no_regret,passive,1000,93
0.093,10.0,-0.09790000000000008,-0.3549671031223561,0.0,0.0,400.0,no_regret,passive,1000,94
0.074,10.0,-0.28220000000000006,-0.4958514881911045,0.0,0.0,400.0,no_regret,passive,1000,95
0.083,10.0,-0.1949,-0.4265006726941259,0.0,0.0,400.0,no_regret,passive,1000,96
0.088,10.0,-0.14639999999999997,-0.3391393511585907,0.0,0.0,400.0,no_regret,passive,1000,97
0.088,10.0,-0.14639999999999997,-0.413000312325355,0.0,0.0,400.0,no_regret,passive,1000,98
0.085,10.0,-0.1755,-0.38825291348331586,0.0,0.0,400.0,no_regret,passive,1000,99
5.24,4.737777547883158,19.843527473882038,23.864553460268382,0.0,5.0,400.0,no_regret,regression,1000,0
0.094,3.985139777437369,-0.10617436810886306,-0.31484822749994557,0.0,0.0,400.0,no_regret,regression,1000,1
0.107,4.032750208844384,0.007590977817841122,-0.2050696516668735,0.0,0.0,400.0,no_regret,regression,1000,2
5.189,6.414181773496132,33.507924378695215,34.11052941965858,0.0,4.14,,no_regret,regression,1000,3
0.124,4.100146041052258,0.15749671761777972,-0.06478687488068215,0.0,0.0,400.0,no_regret,regression,1000,4
0.087,3.9290495178154887,-0.1941225615504137,-0.3548760210360706,0.0,0.0,400.0,no_regret,regression,1000,5
0.087,3.954612841953302,-0.19270939108398852,-0.37049513809264395,0.0,0.0,400.0,no_regret,regression,1000,6
0.099,2.5164182637916293,-0.11992623773413573,-0.285689057326392,0.0,0.0,400.0,no_regret,regression,1000,7
0.098,3.95183136031215,-0.08858236017227467,-0.2643778101832194,0.0,0.0,400.0,no_regret,regression,1000,8
0.066,3.0401942540829596,-0.41733022303477646,-0.5779018491671618,0.0,0.0,400.0,no_regret,regression,1000,9
0.092,4.01125533949154,-0.20456279049593512,-0.4121275787487554,0.0,0.0,400.0,no_regret,regression,1000,10
0.137,2.42660056865531,0.28934067695470184,0.0819302386938773,0.0,0.0,400.0,no_regret,regression,1000,11
0.095,3.9263453766973435,-0.09111107700344394,-0.29000023712819667,0.0,0.0,400.0,no_regret,regression,1000,12
0.146,3.9606366666371042,0.3704814107323,0.10616443572226206,0.0,0.0,400.0,no_regret,regression,1000,13
0.09,3.8680497305121753,-0.16521414475725668,-0.3832180292364492,0.0,0.0,400.0,no_regret,regression,1000,14
0.106,3.9888223641750145,-0.01097107607959697,-0.2862820994762701,0.0,0.0,400.0,no_regret,regression,1000,15
0.14,3.262620722555526,0.2432162792747322,0.030127099697595895,0.0,0.0,400.0,no_regret,regression,1000,16
0.192,4.149395439773466,0.7462216967119025,0.4947890178678117,0.0,0.0,400.0,no_regret,regression,1000,17
0.127,3.829529466215471,0.20051279179495668,-0.009562317010502966,0.0,0.0,400.0,no_regret,regression,1000,18
0.083,3.7492429971402133,-0.20848321608859577,-0.40005163500536595,0.0,0.0,400.0,no_regret,regression,1000,19
0.098,4.0002538272639985,-0.07111765697469002,-0.27547031644117614,0.0,0.0,400.0,no_regret,regression,1000,20
6.249,6.154760752352504,29.86992979662759,27.82453111055684,0.0,6.65,,no_regret,regression,1000,21
0.074,3.878503238334095,-0.2937750798821119,-0.5044960602772594,0.0,0.0,400.0,no_regret,regression,1000,22
0.109,4.008686031096128,0.028389612596665982,-0.1601920415095708,0.0,0.0,400.0,no_regret,regression,1000,23
0.088,3.964497116312448,-0.17306756257320285,-0.37661719666722004,0.0,0.0,400.0,no_regret,regression,1000,24
0.202,4.190268379730962,0.8720476282018108,0.5977723536913042,0.0,0.0,400.0,no_regret,regression,1000,25
0.722,4.826538381034247,5.338205884724624,4.687098290739508,0.0,0.0,400.0,no_regret,regression,1000,26
0.304,3.675542509808375,1.7457535331389427,1.373179450223715,0.0,0.0,400.0,no_regret,regression,1000,27
0.099,3.204892126066553,-0.24572834084967804,-0.4400530831942475,0.0,0.0,400.0,no_regret,regression,1000,28
5.328,6.480631585534875,35.41534080953292,37.69526945276041,0.0,4.005,,no_regret,regression,1000,29
0.106,3.8811873733924185,-0.015386889616219491,-0.21506862081166173,0.0,0.0,400.0,no_regret,regression,1000,30
0.117,3.7760993188017866,-0.013239738935027844,-0.1461675416854008,0.0,0.0,400.0,no_regret,regression,1000,31
0.087,3.898753542747045,-0.18983176279019665,-0.4195934562404185,0.0,0.0,400.0,no_regret,regression,1000,32
0.081,2.5501692046095776,-0.3257157140405013,-0.44543733255072515,0.0,0.0,400.0,no_regret,regression,1000,33
0.304,3.2975564730657774,1.4123781395750175,1.2012773509406225,0.0,0.0,400.0,no_regret,regression,1000,34
0.092,4.101502961395599,-0.12475179842039961,-0.33919425780810186,0.0,0.0,400.0,no_regret,regression,1000,35
0.126,4.0318586929447635,0.19623555612712404,-0.03072348656668828,0.0,0.0,400.0,no_regret,regression,1000,36
5.449,5.726437284681486,26.683540668679033,31.755119795645225,0.0,5.0,,no_regret,regression,1000,37
0.108,3.9214840322565645,0.025328924858975938,-0.17308521452528386,0.0,0.0,400.0,no_regret,regression,1000,38
0.127,2.65079194445742,0.10418991586943002,-0.1252821738962374,0.0,0.0,400.0,no_regret,regression,1000,39
0.086,3.240664156462097,-0.24851179806511187,-0.43083106260238757,0.0,0.0,400.0,no_regret,regression,1000,40
0.06,3.885666347456013,-0.4435959968479313,-0.5965091720654939,0.0,0.0,400.0,no_regret,regression,1000,41
0.115,3.991830970710592,0.07772970050367496,-0.10842833221857791,0.0,0.0,400.0,no_regret,regression,1000,42
0.074,4.037330001828241,-0.29692014934400174,-0.48840420671970325,0.0,0.0,400.0,no_regret,regression,1000,43
0.052,3.7268180484794313,-0.5302756923487753,-0.6925073808442608,0.0,0.0,400.0,no_regret,regression,1000,44
0.063,3.371333050207637,-0.43952411004438585,-0.6141358267378124,0.0,0.0,400.0,no_regret,regression,1000,45
0.069,4.041357477112928,-0.3489495769722421,-0.5393863620951797,0.0,0.0,400.0,no_regret,regression,1000,46
0.096,4.083054703858481,-0.12058090126495881,-0.3040131357021063,0.0,0.0,400.0,no_regret,regression,1000,47
0.084,4.1895800488721315,-0.20878652541232542,-0.4354036063623857,0.0,0.0,400.0,no_regret,regression,1000,48
0.086,3.9576176498650812,-0.19932361537897703,-0.36482740605898195,0.0,0.0,400.0,no_regret,regression,1000,49
0.075,4.001166619959502,-0.2949613449617457,-0.5133950444474432,0.0,0.0,400.0,no_regret,regression,1000,50
0.072,3.347347247002681,-0.3396245487887477,-0.5360931044593831,0.0,0.0,400.0,no_regret,regression,1000,51
0.097,3.5496942590581733,-0.11190883432768885,-0.3288709963656512,0.0,0.0,400.0,no_regret,regression,1000,52
0.092,3.986286823902905,-0.1394859298772618,-0.3495442117083095,0.0,0.0,400.0,no_regret,regression,1000,53
0.143,3.9103074972220693,0.36560403400242286,0.08064581167967162,0.0,0.0,400.0,no_regret,regression,1000,54
0.065,3.9251315139634535,-0.4000347927996037,-0.6213665478414631,0.0,0.0,400.0,no_regret,regression,1000,55
0.085,3.9150241159271117,-0.2191153690981614,-0.41561758505831947,0.0,0.0,400.0,no_regret,regression,1000,56
0.062,3.9646109634682447,-0.45238899735602583,-0.6295110464855157,0.0,0.0,400.0,no_regret,regression,1000,57
5.566,6.5078062824435925,31.28353077359722,31.419314994321887,0.0,4.945,,no_regret,regression,1000,58
0.12,2.425350225010266,0.09848564219959052,-0.09525367872945048,0.0,0.0,400.0,no_regret,regression,1000,59
0.191,4.112960173736848,0.7812739833902324,0.5138491756208304,0.0,0.0,400.0,no_regret,regression,1000,60
0.095,3.9432594732140314,-0.126690815767623,-0.3098486018435144,0.0,0.0,400.0,no_regret,regression,1000,61
2.704,6.127047763169491,17.535103442869246,19.54663301468468,0.0,0.0,,no_regret,regression,1000,62
0.1,4.101750539335199,-0.04643815657479695,-0.25142040713476443,0.0,0.0,400.0,no_regret,regression,1000,63
0.084,2.1847007420453117,-0.27109493223661846,-0.3863220443204617,0.0,0.0,400.0,no_regret,regression,1000,64
0.147,4.059630798771575,0.3921611628309256,0.021640344720312215,0.0,0.0,400.0,no_regret,regression,1000,65
0.082,4.199056940108583,-0.23199083077372312,-0.4329122665228132,0.0,0.0,400.0,no_regret,regression,1000,66
0.138,3.8836425689597016,0.31052852504246015,0.06632448300400642,0.0,0.0,400.0,no_regret,regression,1000,67
0.097,3.9176952329244825,-0.10066082717028461,-0.265376495778364,0.0,0.0,400.0,no_regret,regression,1000,68
0.144,4.041542510456276,0.37020101008833783,0.13322116589432811,0.0,0.0,400.0,no_regret,regression,1000,69
0.251,4.303846243213659,1.3603535045823387,1.0532589072731837,0.0,0.0,400.0,no_regret,regression,1000,70
0.066,4.041312240347243,-0.37537984453336976,-0.5183574161638796,0.0,0.0,400.0,no_regret,regression,1000,71
0.082,4.0426370488898336,-0.2176263784830976,-0.43257250708602546,0.0,0.0,400.0,no_regret,regression,1000,72
0.128,4.073577579500538,0.21601688378645395,-0.08780355054498648,0.0,0.0,400.0,no_regret,regression,1000,73
0.077,3.79938032129939,-0.2878799032738566,-0.46765512700330364,0.0,0.0,400.0,no_regret,regression,1000,74
0.152,4.010193436864621,0.42686465497909376,0.1383444960994418,0.0,0.0,400.0,no_regret,regression,1000,75
0.087,3.977716827958895,-0.18643786306600418,-0.37043538534139053,0.0,0.0,400.0,no_regret,regression,1000,76
0.101,3.932754404934526,-0.13706434688630564,-0.29123009921611015,0.0,0.0,400.0,no_regret,regression,1000,77
0.071,4.0250346007832185,-0.332727762926532,-0.493413610371292,0.0,0.0,400.0,no_regret,regression,1000,78
0.204,3.7637988213163442,0.9387242809166958,0.6028254413674954,0.0,0.0,400.0,no_regret,regression,1000,79
0.067,4.119635369063075,-0.3691762522115198,-0.578603769277199,0.0,0.0,400.0,no_regret,regression,1000,80
0.091,3.9877434148141404,-0.14789687754387001,-0.36764449948527683,0.0,0.0,400.0,no_regret,regression,1000,81
0.081,3.7575533982935325,-0.23696644972129616,-0.3879039282380947,0.0,0.0,400.0,no_regret,regression,1000,82
0.335,4.2940982259091225,1.974890498342378,1.675438747278673,0.0,0.0,400.0,no_regret,regression,1000,83
0.072,3.8936228388896974,-0.37153027504605046,-0.5709451619700875,0.0,0.0,400.0,no_regret,regression,1000,84
0.16,3.919129850723496,0.4870033761772638,0.18719237812567008,0.0,0.0,400.0,no_regret,regression,1000,85
0.078,4.030622853267372,-0.27212340031576593,-0.4784656981759188,0.0,0.0,400.0,no_regret,regression,1000,86
0.141,3.6795351009570894,0.3076798829771767,0.06719955781402348,0.0,0.0,400.0,no_regret,regression,1000,87
0.092,3.4146974521959677,-0.16130657137779464,-0.39585089056066075,0.0,0.0,400.0,no_regret,regression,1000,88
0.119,2.3358179397223404,0.10356122600618312,-0.05162501537914113,0.0,0.0,400.0,no_regret,regression,1000,89
0.076,4.024972332840689,-0.29097226897106643,-0.49613059715545293,0.0,0.0,400.0,no_regret,regression,1000,90
0.102,3.637691693668106,-0.05801596014439349,-0.21971956005025414,0.0,0.0,400.0,no_regret,regression,1000,91
0.146,4.033765524443317,0.37369406390295173,0.1477172728485425,0.0,0.0,400.0,no_regret,regression,1000,92
0.19,4.036918738608311,0.8254664894869639,0.5802218113523914,0.0,0.0,400.0,no_regret,regression,1000,93
0.085,4.132308295707417,-0.21114772979721114,-0.380775468949802,0.0,0.0,400.0,no_regret,regression,1000,94
0.079,3.355614446417515,-0.2804204145723186,-0.45099997664803604,0.0,0.0,400.0,no_regret,regression,1000,95
0.083,3.858030940225638,-0.24175513790026842,-0.4265006726941259,0.0,0.0,400.0,no_regret,regression,1000,96
0.112,3.602091123295436,0.036971808705879655,-0.16594952500599494,0.0,0.0,400.0,no_regret,regression,1000,97
0.123,2.3467159715714647,0.14420883053688066,-0.053331954711652994,0.0,0.0,400.0,no_regret,regression,1000,98
0.168,3.432140983927564,0.3570482084955804,0.23623207558685203,0.0,0.0,400.0,no_regret,regression,1000,99
9.316,5.948,51.8972,44.576785419797375,0.0,9.4,400.0,no_regret,q_learning,1000,0
9.879,2.886,24.528299999999998,37.65025167807289,0.0,10.0,400.0,no_regret,q_learning,1000,1
9.908,4.58,41.565599999999996,37.533590478988785,0.0,10.0,400.0,no_regret,q_learning,1000,2
9.292,5.712,49.468399999999995,44.89240113675114,0.0,9.405,400.0,no_regret,q_learning,1000,3
7.948,6.736,50.299600000000005,54.19139064950052,0.0,7.955,200.0,no_regret,q_learning,1000,4
8.2,7.564,58.556,53.21998393066642,0.0,8.145,200.0,no_regret,q_learning,1000,5
8.562,6.716,54.3954,51.14695199240663,0.0,8.525,200.0,no_regret,q_learning,1000,6
9.573,2.712,20.748099999999997,38.945947550901906,0.0,10.0,400.0,no_regret,q_learning,1000,7
9.894,4.416,39.759800000000006,37.83030880519653,0.0,10.0,400.0,no_regret,q_learning,1000,8
9.54,5.278,46.722,42.13605433122293,0.0,9.61,400.0,no_regret,q_learning,1000,9
8.447,6.284,50.11789999999999,51.59863608411469,0.0,8.6,,no_regret,q_learning,1000,10
8.368,7.594,60.00759999999999,52.40047893852255,0.0,8.38,400.0,no_regret,q_learning,1000,11
4.927,6.314,22.969900000000003,24.75555737255163,0.0,5.0,,no_regret,q_learning,1000,12
8.484,7.182,57.440799999999996,51.163418350770385,0.0,8.47,400.0,no_regret,q_learning,1000,13
8.712,6.878,56.4524,50.55021439703436,0.0,8.57,200.0,no_regret,q_learning,1000,14
9.239,5.922,51.396300000000004,45.48519285054096,0.0,9.325,400.0,no_regret,q_learning,1000,15
9.341,5.632,48.991699999999994,44.576696211833905,0.0,9.435,400.0,no_regret,q_learning,1000,16
5.525,7.018,25.2225,26.152047510978736,0.0,5.0,,no_regret,q_learning,1000,17
8.969,6.362,53.593300000000006,47.75321175763737,0.0,9.095,400.0,no_regret,q_learning,1000,18
9.914,4.914,44.939800000000005,37.6557090001184,0.0,9.99,400.0,no_regret,q_learning,1000,19
9.851,5.9,54.296699999999994,38.0984142320253,0.0,9.835,400.0,no_regret,q_learning,1000,20
5.491,4.434,20.310699999999997,26.57014111490632,0.0,5.0,,no_regret,q_learning,1000,21
9.885,2.54,20.9505,37.92988921777635,0.0,10.0,400.0,no_regret,q_learning,1000,22
9.853,2.624,21.734099999999998,37.803359343131376,0.0,10.0,400.0,no_regret,q_learning,1000,23
9.658,2.876,22.8506,39.550978640773955,0.0,10.0,400.0,no_regret,q_learning,1000,24
9.832,4.216,37.3664,37.80816158690547,0.0,10.0,400.0,no_regret,q_learning,1000,25
9.862,3.12,26.6934,37.91011665295072,0.0,10.0,400.0,no_regret,q_learning,1000,26
8.518,6.31,50.21260000000001,50.99103021242249,0.0,8.795,,no_regret,q_learning,1000,27
8.654,7.084,57.8338,50.747534362801844,0.0,8.63,200.0,no_regret,q_learning,1000,28
4.765,8.426,33.6245,29.79369934288138,0.0,4.14,,no_regret,q_learning,1000,29
9.832,2.46,19.782400000000003,38.051436572272856,0.0,10.0,400.0,no_regret,q_learning,1000,30
9.895,2.972,25.4015,37.80081443624901,0.0,10.0,400.0,no_regret,q_learning,1000,31
6.819,6.522,38.396300000000004,41.84048102714422,0.0,5.005,,no_regret,q_learning,1000,32
9.842,2.976,25.0194,38.061302661928245,0.0,10.0,400.0,no_regret,q_learning,1000,33
6.753,6.974,43.77810000000001,46.804166042935144,0.0,6.715,,no_regret,q_learning,1000,34
8.238,6.28,48.5106,52.52043875397923,0.0,8.4,,no_regret,q_learning,1000,35
8.422,6.684,53.221399999999996,51.062611998038484,0.0,8.05,,no_regret,q_learning,1000,36
9.907,2.308,18.751900000000003,37.696574234432276,0.0,10.0,400.0,no_regret,q_learning,1000,37
9.663,4.2,35.9051,39.41032735718851,0.0,10.0,400.0,no_regret,q_learning,1000,38
8.649,7.01,57.2213,50.62973442425524,0.0,8.68,,no_regret,q_learning,1000,39
9.874,4.198,37.4938,37.632107373463406,0.0,10.0,400.0,no_regret,q_learning,1000,40
9.674,5.382,48.153800000000004,39.46930677640135,0.0,10.0,400.0,no_regret,q_learning,1000,41
8.92,6.8,57.21,48.135214964723794,0.0,8.935,,no_regret,q_learning,1000,42
9.83,2.496,20.293,38.169428623071546,0.0,10.0,400.0,no_regret,q_learning,1000,43
9.794,3.944,34.409800000000004,38.37140965164412,0.0,10.0,400.0,no_regret,q_learning,1000,44
9.835,4.572,41.1255,38.06871433534198,0.0,10.0,400.0,no_regret,q_learning,1000,45
9.889,3.942,35.1293,37.658971361321356,0.0,10.0,400.0,no_regret,q_learning,1000,46
9.879,2.344,19.016299999999998,37.77624671718177,0.0,10.0,400.0,no_regret,q_learning,1000,47
9.86,3.644,31.886,37.83586743496232,0.0,10.0,400.0,no_regret,q_learning,1000,48
5.0,7.652,28.396,22.331079990760536,0.0,3.855,,no_regret,q_learning,1000,49
8.78,6.728,55.656,49.52162982866514,0.0,8.8,400.0,no_regret,q_learning,1000,50
8.88,6.596,55.193999999999996,48.93302166541703,0.0,8.9,200.0,no_regret,q_learning,1000,51
8.571,6.454,52.256699999999995,51.105149650739,0.0,8.645,400.0,no_regret,q_learning,1000,52
9.883,4.53,40.8191,37.84848745424369,0.0,10.0,400.0,no_regret,q_learning,1000,53
8.874,6.29,52.1478,48.983708815317485,0.0,9.05,400.0,no_regret,q_learning,1000,54
8.045,7.32,55.2505,52.96907692097858,0.0,7.97,200.0,no_regret,q_learning,1000,55
6.348,5.166,27.5356,33.75153611328556,0.0,6.65,,no_regret,q_learning,1000,56
9.755,3.628,31.0575,39.155595292298706,0.0,10.0,400.0,no_regret,q_learning,1000,57
5.216,4.9,26.153200000000005,29.01778558614306,0.0,5.0,,no_regret,q_learning,1000,58
5.222,6.888,20.6914,21.759925119689733,0.0,5.0,400.0,no_regret,q_learning,1000,59
7.994,7.454,56.4418,53.211546557919455,0.0,8.085,400.0,no_regret,q_learning,1000,60
8.855,6.218,51.78549999999999,49.03807318235576,0.0,8.82,400.0,no_regret,q_learning,1000,61
8.859,6.166,50.380300000000005,40.19520635700839,0.0,7.96,,no_regret,q_learning,1000,62
9.653,2.922,23.394099999999998,39.87497102796953,0.0,10.0,400.0,no_regret,q_learning,1000,63
9.907,3.562,31.3639,37.64076108411179,0.0,10.0,400.0,no_regret,q_learning,1000,64
9.889,2.356,19.2153,37.718304797485594,0.0,10.0,400.0,no_regret,q_learning,1000,65
5.601,5.832,30.9237,25.875921307254455,0.0,5.0,,no_regret,q_learning,1000,66
6.95,6.83,42.849,46.66100217551759,0.0,7.115,,no_regret,q_learning,1000,67
8.739,6.862,56.634299999999996,50.00678718292504,0.0,8.855,400.0,no_regret,q_learning,1000,68
9.085,5.784,48.9645,46.786356612013265,0.0,9.135,400.0,no_regret,q_learning,1000,69
8.487,7.37,59.1219,51.77880650591075,0.0,8.31,,no_regret,q_learning,1000,70
9.873,2.384,19.240099999999998,37.84279387907158,0.0,10.0,400.0,no_regret,q_learning,1000,71
9.505,5.086,44.5805,42.872516191479036,0.0,9.65,400.0,no_regret,q_learning,1000,72
9.4,4.592,38.24,38.671257824204545,0.0,10.0,400.0,no_regret,q_learning,1000,73
9.22,6.59,57.45799999999999,45.62644217153609,0.0,9.375,,no_regret,q_learning,1000,74
5.64,6.366,20.064,27.56614167628282,0.0,5.0,,no_regret,q_learning,1000,75
9.844,5.91,54.4288,38.150112120674194,0.0,9.81,400.0,no_regret,q_learning,1000,76
9.875,2.53,20.8215,37.76020905015303,0.0,10.0,400.0,no_regret,q_learning,1000,77
9.815,4.29,38.0195,38.20246888384548,0.0,10.0,400.0,no_regret,q_learning,1000,78
9.837,2.41,19.332900000000002,38.05449107102393,0.0,10.0,400.0,no_regret,q_learning,1000,79
8.488,7.46,59.8976,52.18071300753574,0.0,8.56,,no_regret,q_learning,1000,80
6.343,6.576,39.4231,43.597225531915996,0.0,5.84,,no_regret,q_learning,1000,81
8.255,7.186,55.9295,52.8638003463254,0.0,8.24,400.0,no_regret,q_learning,1000,82
9.757,4.358,38.3009,38.63760225448896,0.0,10.0,400.0,no_regret,q_learning,1000,83
9.601,3.672,30.719699999999996,38.73540562830922,0.0,10.0,400.0,no_regret,q_learning,1000,84
6.028,5.656,23.851599999999998,31.51255199411964,0.0,5.0,,no_regret,q_learning,1000,85
8.794,6.36,52.6138,49.2867955720181,0.0,8.965,,no_regret,q_learning,1000,86
8.084,7.646,58.5928,53.2995678669639,0.0,8.18,200.0,no_regret,q_learning,1000,87
9.822,3.426,29.483400000000003,37.985985242790676,0.0,10.0,400.0,no_regret,q_learning,1000,88
7.759,7.74,55.902300000000004,52.735227270757555,0.0,7.43,,no_regret,q_learning,1000,89
8.891,6.742,56.442699999999995,49.00495073499586,0.0,9.015,400.0,no_regret,q_learning,1000,90
8.653,5.428,40.5761,46.60856839543075,0.0,10.0,,no_regret,q_learning,1000,91
4.083,7.154,25.247100000000003,28.32297298787022,0.0,3.62,,no_regret,q_learning,1000,92
9.844,3.256,28.032799999999998,38.36894299864926,0.0,10.0,400.0,no_regret,q_learning,1000,93
9.235,5.98,51.7075,44.47625780723113,0.0,9.455,400.0,no_regret,q_learning,1000,94
5.045,3.352,14.3425,24.179393943970837,0.0,5.0,,no_regret,q_learning,1000,95
5.109,7.332,25.083299999999998,20.78599160681564,0.0,5.0,400.0,no_regret,q_learning,1000,96
9.797,4.372,38.8149,38.69416239740829,0.0,10.0,400.0,no_regret,q_learning,1000,97
9.864,2.382,19.276799999999998,37.826677360606915,0.0,10.0,400.0,no_regret,q_learning,1000,98
9.85,4.196,37.287,37.81699038469261,0.0,10.0,400.0,no_regret,q_learning,1000,99
0.132,6.656,0.14440000000000008,-0.03128310622929985,0.0,0.0,400.0,no_regret,gp,1000,0
0.169,6.2063999999999995,0.4569000000000001,0.35320252662883284,0.0,0.0,400.0,no_regret,gp,1000,1
0.15,6.6848,0.3158000000000002,0.21300055261476336,0.0,0.0,400.0,no_regret,gp,1000,2
0.138,6.456,0.18820000000000028,0.03963579252059253,0.0,0.0,400.0,no_regret,gp,1000,3
0.123,6.2463999999999995,0.13389999999999996,-0.03354754167224553,0.0,0.0,400.0,no_regret,gp,1000,4
0.113,6.6016,0.0225,-0.17953307227614163,0.0,0.0,400.0,no_regret,gp,1000,5
0.26,6.4304,1.354,1.0422656870404212,0.0,0.0,400.0,no_regret,gp,1000,6
0.112,6.1823999999999995,-0.04479999999999996,-0.18589338572269934,0.0,0.0,400.0,no_regret,gp,1000,7
0.113,6.376,0.0032999999999999544,-0.12418107082270899,0.0,0.0,400.0,no_regret,gp,1000,8
0.18,6.776,0.6147999999999999,0.39681423849304315,0.0,0.0,400.0,no_regret,gp,1000,9
0.129,6.4448,0.1345,-0.03984306908809469,0.0,0.0,400.0,no_regret,gp,1000,10
0.217,6.6848,0.8953,0.7088882716497765,0.0,0.0,400.0,no_regret,gp,1000,11
0.124,6.048,0.10359999999999991,-0.05102058097559109,0.0,0.0,400.0,no_regret,gp,1000,12
0.122,6.6928,0.06659999999999991,-0.11663055763927946,0.0,0.0,400.0,no_regret,gp,1000,13
0.118,6.3536,0.05979999999999996,-0.17111678719537496,0.0,0.0,400.0,no_regret,gp,1000,14
0.093,6.4768,-0.14749999999999988,-0.3273989337189223,0.0,0.0,400.0,no_regret,gp,1000,15
0.106,6.3424,-0.061399999999999975,-0.21674317460968814,0.0,0.0,400.0,no_regret,gp,1000,16
0.135,6.448,0.2486999999999998,0.03968112770569041,0.0,0.0,400.0,no_regret,gp,1000,17
0.11,6.2752,0.0014000000000000908,-0.19485437158091554,0.0,0.0,400.0,no_regret,gp,1000,18
0.134,6.3952,0.1878000000000002,0.007596587733209162,0.0,0.0,400.0,no_regret,gp,1000,19
0.101,6.248,-0.1515,-0.2476445427061891,0.0,0.0,400.0,no_regret,gp,1000,20
0.148,6.312,0.2884000000000001,0.18680046082823923,0.0,0.0,400.0,no_regret,gp,1000,21
0.171,6.707199999999999,0.49389999999999984,0.3871844714985846,0.0,0.0,400.0,no_regret,gp,1000,22
0.125,6.616,0.1005,-0.07164466729810169,0.0,0.0,400.0,no_regret,gp,1000,23
0.115,6.3472,-0.06369999999999994,-0.16677916705611712,0.0,0.0,400.0,no_regret,gp,1000,24
0.205,6.6016,0.8381,0.5936816165776966,0.0,0.0,400.0,no_regret,gp,1000,25
0.083,6.4064,-0.21729999999999997,-0.4229805297868555,0.0,0.0,400.0,no_regret,gp,1000,26
0.165,6.4064,0.5333000000000002,0.29444545338498507,0.0,0.0,400.0,no_regret,gp,1000,27
0.139,6.352,0.26989999999999986,0.011527858044367009,0.0,0.0,400.0,no_regret,gp,1000,28
0.127,6.3808,0.1070999999999999,-0.0274490301364998,0.0,0.0,400.0,no_regret,gp,1000,29
0.181,6.336,0.4725,0.42902452910996547,0.0,0.0,400.0,no_regret,gp,1000,30
0.13,6.4064,0.19859999999999992,0.01283239176869597,0.0,0.0,400.0,no_regret,gp,1000,31
0.15,6.699200000000001,0.34139999999999987,0.16486545247510936,0.0,0.0,400.0,no_regret,gp,1000,32
0.125,6.2543999999999995,0.1005,-0.06386116417189829,0.0,0.0,400.0,no_regret,gp,1000,33
0.133,6.216,0.17329999999999995,-0.037964532574062106,0.0,0.0,400.0,no_regret,gp,1000,34
0.307,6.5568,1.6515000000000004,1.4841938294089714,0.0,0.0,400.0,no_regret,gp,1000,35
0.131,6.4912,0.1795,-0.05292876538851192,0.0,0.0,400.0,no_regret,gp,1000,36
0.117,6.158399999999999,0.013299999999999954,-0.13348874739980807,0.0,0.0,400.0,no_regret,gp,1000,37
0.14,6.24,0.2284000000000001,0.05554074857102444,0.0,0.0,400.0,no_regret,gp,1000,38
0.127,6.2303999999999995,0.1535,-0.12005763807521885,0.0,0.0,400.0,no_regret,gp,1000,39
0.13,6.6896,0.20180000000000017,0.013506330454250929,0.0,0.0,400.0,no_regret,gp,1000,40
0.082,6.6784,-0.2638,-0.4514487697080086,0.0,0.0,400.0,no_regret,gp,1000,41
0.189,6.36,0.7165,0.45598858952315685,0.0,0.0,400.0,no_regret,gp,1000,42
0.222,6.6336,0.9854,0.8027030818703897,0.0,0.0,400.0,no_regret,gp,1000,43
0.067,6.2736,-0.40929999999999994,-0.5571730622210787,0.0,0.0,400.0,no_regret,gp,1000,44
0.16,6.7184,0.4399999999999998,0.2743384281386611,0.0,0.0,400.0,no_regret,gp,1000,45
0.106,6.272,-0.06460000000000002,-0.23407761107125896,0.0,0.0,400.0,no_regret,gp,1000,46
0.176,6.44,0.4895999999999999,0.33068106568470057,0.0,0.0,400.0,no_regret,gp,1000,47
0.159,6.3296,0.3743000000000002,0.26031641271226524,0.0,0.0,400.0,no_regret,gp,1000,48
0.208,6.7664,0.8544,0.5732900426496373,0.0,0.0,400.0,no_regret,gp,1000,49
0.203,6.488,0.8619000000000001,0.6399436007955519,0.0,0.0,400.0,no_regret,gp,1000,50
0.195,6.3152,0.7490999999999999,0.4522239350993025,0.0,0.0,400.0,no_regret,gp,1000,51
0.198,6.3696,0.8181999999999998,0.6269697377749062,0.0,0.0,400.0,no_regret,gp,1000,52
0.095,6.504,-0.25289999999999996,-0.2981307299221839,0.0,0.0,400.0,no_regret,gp,1000,53
0.161,6.3152,0.39369999999999983,0.23362303976201657,0.0,0.0,400.0,no_regret,gp,1000,54
0.074,6.6336,-0.33820000000000006,-0.5537575223625838,0.0,0.0,400.0,no_regret,gp,1000,55
0.145,6.48,0.3329000000000001,0.10092121158434338,0.0,0.0,400.0,no_regret,gp,1000,56
0.125,6.3152,0.09570000000000005,-0.036369915341658725,0.0,0.0,400.0,no_regret,gp,1000,57
0.157,6.3728,0.3916999999999998,0.1597549368496518,0.0,0.0,400.0,no_regret,gp,1000,58
0.114,6.3376,0.013000000000000114,-0.14893225956703737,0.0,0.0,400.0,no_regret,gp,1000,59
0.144,6.5376,0.2208000000000002,0.11505919584878041,0.0,0.0,400.0,no_regret,gp,1000,60
0.215,6.3328,0.9446999999999999,0.6683064842286198,0.0,0.0,400.0,no_regret,gp,1000,61
0.148,6.1776,0.32039999999999985,0.12779657773022676,0.0,0.0,400.0,no_regret,gp,1000,62
0.14,6.7104,0.31,0.06264308278067654,0.0,0.0,400.0,no_regret,gp,1000,63
0.153,6.5584,0.3545,0.14952030730412252,0.0,0.0,400.0,no_regret,gp,1000,64
0.177,6.272,0.5520999999999999,0.35277028718308723,0.0,0.0,400.0,no_regret,gp,1000,65
0.146,6.6176,0.33779999999999993,0.11564567871543135,0.0,0.0,400.0,no_regret,gp,1000,66
0.155,6.656,0.4219000000000001,0.23796235665132917,0.0,0.0,400.0,no_regret,gp,1000,67
0.137,6.6384,0.2185,0.035420315250918974,0.0,0.0,400.0,no_regret,gp,1000,68
0.169,6.2016,0.44729999999999975,0.29745948535648314,0.0,0.0,400.0,no_regret,gp,1000,69
0.119,6.28,0.016700000000000045,-0.1144671063169809,0.0,0.0,400.0,no_regret,gp,1000,70
0.137,6.4736,0.16729999999999995,0.029654821619782525,0.0,0.0,400.0,no_regret,gp,1000,71
0.168,6.632,0.5207999999999999,0.383894910123041,0.0,0.0,400.0,no_regret,gp,1000,72
0.131,6.2256,0.11230000000000007,-0.016273126513661963,0.0,0.0,400.0,no_regret,gp,1000,73
0.159,6.3488,0.3855,0.17461249774488488,0.0,0.0,400.0,no_regret,gp,1000,74
0.111,6.249599999999999,-0.048100000000000025,-0.17478710526442978,0.0,0.0,400.0,no_regret,gp,1000,75
0.107,6.2463999999999995,-0.05329999999999995,-0.18785373180750525,0.0,0.0,400.0,no_regret,gp,1000,76
0.245,6.356799999999999,1.1365,0.9320832620869348,0.0,0.0,400.0,no_regret,gp,1000,77
0.155,6.3232,0.3435,0.18975074765457112,0.0,0.0,400.0,no_regret,gp,1000,78
0.212,6.1296,0.7731999999999998,0.587899065547483,0.0,0.0,400.0,no_regret,gp,1000,79
0.161,6.2976,0.48010000000000014,0.24723317053397317,0.0,0.0,400.0,no_regret,gp,1000,80
0.193,6.3072,0.6209000000000001,0.5303339518075523,0.0,0.0,400.0,no_regret,gp,1000,81
0.137,6.552,0.23930000000000018,0.04468834971964884,0.0,0.0,400.0,no_regret,gp,1000,82
0.132,6.36,0.14440000000000008,-0.0003943422489497834,0.0,0.0,400.0,no_regret,gp,1000,83
0.135,6.3296,0.25189999999999985,0.03104378585053155,0.0,0.0,400.0,no_regret,gp,1000,84
0.125,6.6368,0.06370000000000005,0.0003494219712783888,0.0,0.0,400.0,no_regret,gp,1000,85
0.087,6.4928,-0.2345,-0.4199785041552249,0.0,0.0,400.0,no_regret,gp,1000,86
0.166,6.3408,0.447,0.30914140749693614,0.0,0.0,400.0,no_regret,gp,1000,87
0.115,6.6464,0.022699999999999932,-0.2146874248201341,0.0,0.0,400.0,no_regret,gp,1000,88
0.127,6.6976,0.15029999999999996,-0.07307373599315019,0.0,0.0,400.0,no_regret,gp,1000,89
0.124,6.312,0.08760000000000003,-0.05131275247925987,0.0,0.0,400.0,no_regret,gp,1000,90
0.158,6.3712,0.403,0.2374978609912364,0.0,0.0,400.0,no_regret,gp,1000,91
0.148,6.448,0.338,0.12165188134067444,0.0,0.0,400.0,no_regret,gp,1000,92
0.134,6.2943999999999996,0.2678000000000002,0.10073249328796066,0.0,0.0,400.0,no_regret,gp,1000,93
0.151,6.2703999999999995,0.2838999999999999,0.20505484886175532,0.0,0.0,400.0,no_regret,gp,1000,94
0.178,6.6576,0.5153999999999999,0.38788612305688774,0.0,0.0,400.0,no_regret,gp,1000,95
0.136,6.348799999999999,0.2215999999999999,0.023779251014074815,0.0,0.0,400.0,no_regret,gp,1000,96
0.225,6.3744,0.9585,0.806902285228066,0.0,0.0,400.0,no_regret,gp,1000,97
0.165,6.5872,0.4533000000000002,0.276831263475703,0.0,0.0,400.0,no_regret,gp,1000,98
0.106,6.184,-0.032600000000000025,-0.22350641433646615,0.0,0.0,400.0,no_regret,gp,1000,99
0.427,10.0,3.1418999999999997,0.4015395203570206,0.0,0.27,,q_learning,passive,1000,0
0.375,10.0,2.6375,0.18454198492314383,0.0,0.25,,q_learning,passive,1000,1
0.403,10.0,2.9090999999999996,0.27869766764157144,0.0,0.3,,q_learning,passive,1000,2
0.436,10.0,3.2291999999999996,0.39578571574584454,0.0,0.28,,q_learning,passive,1000,3
0.446,10.0,3.3261999999999996,0.45696210118641034,0.0,0.25,,q_learning,passive,1000,4
0.462,10.0,3.4814,0.5815090308946744,0.0,0.295,,q_learning,passive,1000,5
0.401,10.0,2.8897,0.20536164051520456,0.0,0.185,,q_learning,passive,1000,6
0.409,10.0,2.9673,0.3244974071972075,0.0,0.26,,q_learning,passive,1000,7
0.37,10.0,2.589,0.07849729223795504,0.0,0.22,,q_learning,passive,1000,8
0.427,10.0,3.1419,0.30667628905740446,0.0,0.28,,q_learning,passive,1000,9
0.39,10.0,2.783,0.26232572760051204,0.0,0.28,,q_learning,passive,1000,10
0.395,10.0,2.8315,0.19825216631010012,0.0,0.3,,q_learning,passive,1000,11
0.404,10.0,2.918799999999999,0.33492680678160697,0.0,0.17,,q_learning,passive,1000,12
0.445,10.0,3.3165,0.4755745854452973,0.0,0.255,,q_learning,passive,1000,13
0.405,10.0,2.9284999999999997,0.25740905450213264,0.0,0.21,,q_learning,passive,1000,14
0.404,10.0,2.9187999999999996,0.2732788835712397,0.0,0.245,,q_learning,passive,1000,15
0.4,10.0,2.88,0.24724523692573666,0.0,0.235,,q_learning,passive,1000,16
0.409,10.0,2.9673000000000003,0.2999636527711317,0.0,0.19,,q_learning,passive,1000,17
0.44,10.0,3.268,0.4422002163589016,0.0,0.27,,q_learning,passive,1000,18
0.46,10.0,3.462,0.44905494656185585,0.0,0.295,,q_learning,passive,1000,19
0.42,10.0,3.074,0.36980396356866624,0.0,0.225,,q_learning,passive,1000,20
0.403,10.0,2.9091,0.2645411567171155,0.0,0.305,,q_learning,passive,1000,21
0.43,10.0,3.171,0.365691720072115,0.0,0.29,,q_learning,passive,1000,22
0.384,10.0,2.7247999999999997,0.14541852015681292,0.0,0.26,,q_learning,passive,1000,23
0.418,10.0,3.0545999999999998,0.3892858686454362,0.0,0.23,,q_learning,passive,1000,24
0.425,10.0,3.1225,0.3344353054660389,0.0,0.25,,q_learning,passive,1000,25
0.392,10.0,2.8024000000000004,0.22058245899636372,0.0,0.27,,q_learning,passive,1000,26
0.398,10.0,2.8606,0.24243944780252843,0.0,0.21,,q_learning,passive,1000,27
0.439,10.0,3.2583,0.32103379916369945,0.0,0.255,,q_learning,passive,1000,28
0.414,10.0,3.0158,0.3063012650363257,0.0,0.22,,q_learning,passive,1000,29
0.412,10.0,2.9963999999999995,0.35552468553393635,0.0,0.23,,q_learning,passive,1000,30
0.432,10.0,3.1904,0.43314194017444696,0.0,0.275,,q_learning,passive,1000,31
0.396,10.0,2.8411999999999997,0.27027226570831825,0.0,0.24,,q_learning,passive,1000,32
0.404,10.0,2.9188,0.3375710047396004,0.0,0.27,,q_learning,passive,1000,33
0.414,10.0,3.0157999999999996,0.2953462587136118,0.0,0.21,,q_learning,passive,1000,34
0.397,10.0,2.8508999999999998,0.26338488360175805,0.0,0.2,,q_learning,passive,1000,35
0.388,10.0,2.7636000000000003,0.20759711741926332,0.0,0.27,,q_learning,passive,1000,36
0.411,10.0,2.9867,0.3955678768489436,0.0,0.21,,q_learning,passive,1000,37
0.391,10.0,2.7927,0.2050630824553931,0.0,0.26,,q_learning,passive,1000,38
0.422,10.0,3.0933999999999995,0.2944592771996192,0.0,0.235,,q_learning,passive,1000,39
0.411,10.0,2.9867,0.2503283207499254,0.0,0.275,,q_learning,passive,1000,40
0.441,10.0,3.2777,0.40737802689416946,0.0,0.285,,q_learning,passive,1000,41
0.411,10.0,2.9867,0.2319874202082504,0.0,0.275,,q_learning,passive,1000,42
0.407,10.0,2.9478999999999997,0.2972110579293126,0.0,0.21,,q_learning,passive,1000,43
0.422,10.0,3.0934,0.36108434990832267,0.0,0.275,,q_learning,passive,1000,44
0.418,10.0,3.0546,0.3708775740380493,0.0,0.26,,q_learning,passive,1000,45
0.428,10.0,3.1516,0.3904214906079495,0.0,0.265,,q_learning,passive,1000,46
0.362,10.0,2.5114,0.04216260643764468,0.0,0.28,,q_learning,passive,1000,47
0.359,10.0,2.4823000000000004,0.019406032001336657,0.0,0.185,,q_learning,passive,1000,48
0.421,10.0,3.0837000000000003,0.42481739832263726,0.0,0.225,,q_learning,passive,1000,49
0.418,10.0,3.0545999999999998,0.32437545419905883,0.0,0.19,,q_learning,passive,1000,50
0.394,10.0,2.8218,0.15705713245414477,0.0,0.225,,q_learning,passive,1000,51
0.4,10.0,2.88,0.3038781140476265,0.0,0.24,,q_learning,passive,1000,52
0.375,10.0,2.6375,0.16774127604069453,0.0,0.235,,q_learning,passive,1000,53
0.445,10.0,3.3165,0.4422802145407643,0.0,0.285,,q_learning,passive,1000,54
0.397,10.0,2.8509,0.22792981988582428,0.0,0.27,,q_learning,passive,1000,55
0.423,10.0,3.1031,0.361603318198069,0.0,0.285,,q_learning,passive,1000,56
0.402,10.0,2.8993999999999995,0.3091090555499409,0.0,0.275,,q_learning,passive,1000,57
0.406,10.0,2.9382,0.25129176822518523,0.0,0.265,,q_learning,passive,1000,58
0.4,10.0,2.88,0.269300644691317,0.0,0.255,,q_learning,passive,1000,59
0.398,10.0,2.8606,0.28641810906904686,0.0,0.185,,q_learning,passive,1000,60
0.398,10.0,2.8606,0.27231205572716816,0.0,0.22,,q_learning,passive,1000,61
0.421,10.0,3.0837,0.2939339014784291,0.0,0.32,,q_learning,passive,1000,62
0.412,10.0,2.9964000000000004,0.2770086593754079,0.0,0.25,,q_learning,passive,1000,63
0.43,10.0,3.171,0.41923479067955954,0.0,0.24,,q_learning,passive,1000,64
0.376,10.0,2.6471999999999998,0.09329287409831977,0.0,0.22,,q_learning,passive,1000,65
0.387,10.0,2.7539,0.18741404567176587,0.0,0.265,,q_learning,passive,1000,66
0.406,10.0,2.9382000000000006,0.26868348078423887,0.0,0.255,,q_learning,passive,1000,67
0.402,10.0,2.8994000000000004,0.23994087598181174,0.0,0.28,,q_learning,passive,1000,68
0.43,10.0,3.171,0.33305311304311663,0.0,0.27,,q_learning,passive,1000,69
0.405,10.0,2.9285,0.23354693867388338,0.0,0.26,,q_learning,passive,1000,70
0.412,10.0,2.9963999999999995,0.35296752992860847,0.0,0.235,,q_learning,passive,1000,71
0.406,10.0,2.9381999999999997,0.21591050600640704,0.0,0.28,,q_learning,passive,1000,72
0.394,10.0,2.8218,0.24748376034945205,0.0,0.26,,q_learning,passive,1000,73
0.428,10.0,3.1515999999999993,0.3576106248500092,0.0,0.33,,q_learning,passive,1000,74
0.417,10.0,3.0449,0.3284463796186836,0.0,0.295,,q_learning,passive,1000,75
0.383,10.0,2.7151000000000005,0.1256273297481883,0.0,0.265,,q_learning,passive,1000,76
0.41,10.0,2.9770000000000003,0.2837621211070281,0.0,0.25,,q_learning,passive,1000,77
0.426,10.0,3.1321999999999997,0.3647695906737815,0.0,0.26,,q_learning,passive,1000,78
0.415,10.0,3.0255,0.34767539104528955,0.0,0.2,,q_learning,passive,1000,79
0.388,10.0,2.7636,0.12671024313025117,0.0,0.26,,q_learning,passive,1000,80
0.385,10.0,2.7345,0.13995963162218164,0.0,0.23,,q_learning,passive,1000,81
0.421,10.0,3.0836999999999994,0.436542500474964,0.0,0.25,,q_learning,passive,1000,82
0.389,10.0,2.7733000000000003,0.2357059496166749,0.0,0.265,,q_learning,passive,1000,83
0.403,10.0,2.9091000000000005,0.2684010590611737,0.0,0.27,,q_learning,passive,1000,84
0.412,10.0,2.9964,0.33218617931657934,0.0,0.195,,q_learning,passive,1000,85
0.389,10.0,2.7733000000000003,0.2067613936342364,0.0,0.22,,q_learning,passive,1000,86
0.425,10.0,3.1224999999999996,0.39674162641872224,0.0,0.21,,q_learning,passive,1000,87
0.425,10.0,3.1224999999999996,0.4059300291430669,0.0,0.245,,q_learning,passive,1000,88
0.388,10.0,2.7635999999999994,0.27172338729012574,0.0,0.245,,q_learning,passive,1000,89
0.446,10.0,3.3261999999999996,0.44962734441310054,0.0,0.225,,q_learning,passive,1000,90
0.479,10.0,3.6462999999999997,0.5560337360221692,0.0,0.31,,q_learning,passive,1000,91
0.415,10.0,3.0255,0.25186191000220876,0.0,0.26,,q_learning,passive,1000,92
0.417,10.0,3.0448999999999997,0.23360895016701355,0.0,0.245,,q_learning,passive,1000,93
0.387,10.0,2.7539000000000002,0.1972987427285678,0.0,0.185,,q_learning,passive,1000,94
0.386,10.0,2.7441999999999998,0.1833801184884681,0.0,0.23,,q_learning,passive,1000,95
0.402,10.0,2.8993999999999995,0.22167797649457743,0.0,0.235,,q_learning,passive,1000,96
0.381,10.0,2.6957,0.19110696734738725,0.0,0.24,,q_learning,passive,1000,97
0.424,10.0,3.1128,0.30594142535382096,0.0,0.255,,q_learning,passive,1000,98
0.436,10.0,3.2291999999999996,0.3974201650795713,0.0,0.26,,q_learning,passive,1000,99
5.879,2.617858771121871,11.962795404482728,39.66933856688133,0.0,5.48,,q_learning,regression,1000,0
4.184,2.6032826825110615,7.744132594726229,29.13561534257078,0.0,4.28,,q_learning,regression,1000,1
6.228,2.8523899975604334,14.51053821203577,46.59972565713193,0.0,6.41,,q_learning,regression,1000,2
6.185,2.2905010390811427,10.290838920039109,51.18222899973206,0.0,6.165,,q_learning,regression,1000,3
5.789,2.686928870027397,11.76448913632703,42.625312817952796,0.0,5.875,,q_learning,regression,1000,4
6.226,2.8281583265295582,14.539601467695132,52.34094364037342,0.0,6.41,,q_learning,regression,1000,5
5.968,2.984937324835451,13.882036001749228,49.14436644097535,0.0,6.495,,q_learning,regression,1000,6
3.763,3.210879127029719,6.7772551816998,27.93255489906868,0.0,4.12,,q_learning,regression,1000,7
5.749,2.3338577086711756,10.233299607864996,45.697221491705484,0.0,6.655,,q_learning,regression,1000,8
3.489,3.6422315556643716,6.881017060898004,23.330056341349003,0.0,4.27,,q_learning,regression,1000,9
5.995,2.88159927596954,14.163210387457235,49.146899333135664,0.0,6.125,,q_learning,regression,1000,10
4.842,2.5139799891617924,7.792715181526227,39.30059419170254,0.0,5.43,,q_learning,regression,1000,11
6.286,2.7664246560822554,14.215610877517586,46.704557590864994,0.0,6.465,400.0,q_learning,regression,1000,12
2.569,5.038534578600023,5.697275754608787,15.118415225218483,0.0,3.83,,q_learning,regression,1000,13
1.473,6.977168473968377,3.93831505755127,8.380313779685807,0.0,3.58,,q_learning,regression,1000,14
5.509,2.4001669336831206,10.224279891309129,36.95723783099462,0.0,6.24,,q_learning,regression,1000,15
1.14,7.74561526689589,3.572001092724573,6.010257737954222,0.0,3.43,,q_learning,regression,1000,16
2.82,4.447746995313779,6.891287499144096,13.950675963678586,0.0,4.085,,q_learning,regression,1000,17
5.92,2.6903788860717066,12.404120053750281,40.12046863949908,0.0,6.175,,q_learning,regression,1000,18
5.356,2.518016436586604,9.360435427384058,40.85990562327084,0.0,5.415,,q_learning,regression,1000,19
5.526,2.520730075109157,10.104858463674132,41.67051449485386,0.0,5.645,,q_learning,regression,1000,20
6.104,2.7086769036321448,13.088099233658602,46.02081596275618,0.0,6.415,,q_learning,regression,1000,21
5.979,2.695287342722945,12.976640717713464,50.68066160455302,0.0,6.285,,q_learning,regression,1000,22
3.051,4.220108525342865,6.55316903208534,14.89790326312596,0.0,4.34,,q_learning,regression,1000,23
5.937,2.63158420290915,11.99854814697687,44.66000224222219,0.0,6.41,,q_learning,regression,1000,24
2.807,4.233098316527091,5.59961467785485,18.717604955375506,0.0,3.99,,q_learning,regression,1000,25
4.927,2.6420887741106305,9.195249518822434,32.33790132310063,0.0,5.335,,q_learning,regression,1000,26
6.024,2.8645748161958777,13.450201546868033,46.4549611906906,0.0,6.495,400.0,q_learning,regression,1000,27
4.552,2.9358229330676067,8.112349655382637,33.719266397418146,0.0,4.45,,q_learning,regression,1000,28
0.414,9.981498140223565,3.0106490019559224,0.3063012650363257,0.0,0.22,,q_learning,regression,1000,29
4.087,3.483730301519899,8.114886618696353,28.30034430645766,0.0,4.775,,q_learning,regression,1000,30
6.011,2.7601144977097527,13.157739948173367,41.63147939278386,0.0,6.08,,q_learning,regression,1000,31
5.182,2.254869055630643,8.46718555177142,39.98575106189439,0.0,5.5,400.0,q_learning,regression,1000,32
5.101,2.153108573774529,8.133859555665508,41.6324655111054,0.0,5.65,,q_learning,regression,1000,33
3.513,3.551071109371726,6.575160355419047,26.12159719916147,0.0,4.35,,q_learning,regression,1000,34
5.912,2.776265293988528,12.652742122345087,46.532863319245834,0.0,6.335,,q_learning,regression,1000,35
5.294,2.5295960330133767,9.3311302122752,42.10739623500041,0.0,5.285,,q_learning,regression,1000,36
6.235,2.66853583367575,13.505792973377492,44.74816351859099,0.0,6.58,,q_learning,regression,1000,37
5.595,2.4493858629738634,10.281667783821922,43.6260248085247,0.0,6.02,,q_learning,regression,1000,38
6.146,2.8307042684055923,14.15001325971966,47.6615085885075,0.0,6.315,,q_learning,regression,1000,39
5.485,2.4799018422107997,9.951096608527394,39.09977812383945,0.0,5.61,,q_learning,regression,1000,40
3.676,3.4990355078218487,7.0537670115154105,27.335890708137455,0.0,4.32,,q_learning,regression,1000,41
5.076,2.7059540497042436,9.504459190337395,32.57297373286435,0.0,5.75,,q_learning,regression,1000,42
5.107,2.908398363138046,9.465306674920152,37.48748154713814,0.0,5.045,,q_learning,regression,1000,43
6.189,2.759733631187796,13.91215761271638,49.772545013045765,0.0,6.5,,q_learning,regression,1000,44
2.922,4.239458396389164,6.528640150247766,20.980626266072402,0.0,3.565,,q_learning,regression,1000,45
2.659,4.568952982643694,5.793938822005711,16.914180468175154,0.0,4.05,,q_learning,regression,1000,46
3.046,3.809825317179886,5.588031579096756,22.138134216879084,0.0,4.155,,q_learning,regression,1000,47
5.291,2.5169609787958627,10.023574546578049,32.531300467878076,0.0,5.715,,q_learning,regression,1000,48
6.01,2.843691424192121,13.309464798092453,38.67603281600701,0.0,6.475,,q_learning,regression,1000,49
5.217,3.0041581330759253,9.662642747442085,41.81078032453594,0.0,5.55,,q_learning,regression,1000,50
5.479,2.6759464352218556,10.252749142007016,42.96966269113097,0.0,5.66,,q_learning,regression,1000,51
6.256,2.664930410849617,13.54491916069641,46.02076243398672,0.0,6.545,,q_learning,regression,1000,52
5.553,2.4435453891381282,10.067755469549462,44.275659860582664,0.0,5.69,,q_learning,regression,1000,53
5.325,3.178959089349538,10.92155095822701,43.92462004588271,0.0,6.12,,q_learning,regression,1000,54
4.836,3.0124822750516604,8.834420762104081,34.55281170506099,0.0,5.515,,q_learning,regression,1000,55
6.068,2.9152906988401064,14.44951312128509,46.09876952064368,0.0,6.295,,q_learning,regression,1000,56
5.126,2.667397380498463,9.785881885697133,34.472004472596964,0.0,5.69,,q_learning,regression,1000,57
0.406,9.935386892381919,2.9227380979460817,0.25129176822518523,0.0,0.265,,q_learning,regression,1000,58
6.219,2.8675774013043385,14.304798920896896,48.39747281484866,0.0,6.405,,q_learning,regression,1000,59
6.166,2.8393979267633056,14.087080738268419,50.97214907544008,0.0,6.325,,q_learning,regression,1000,60
5.9,2.7492078458326277,12.611852669864398,45.11253618381573,0.0,6.08,,q_learning,regression,1000,61
5.153,2.367740552845313,8.6093107038099,38.70120061460225,0.0,6.135,,q_learning,regression,1000,62
6.069,2.883617735129187,14.140587676316786,51.26055888854639,0.0,6.37,,q_learning,regression,1000,63
1.839,6.537914942773196,4.746008364777799,9.864721162921642,0.0,4.005,,q_learning,regression,1000,64
2.188,5.43032159975719,4.799281259947846,9.734050140203431,0.0,3.78,,q_learning,regression,1000,65
5.513,2.501656073978779,10.491412846884362,37.2249752933095,0.0,5.59,,q_learning,regression,1000,66
4.694,2.3694933056224063,8.38468468790273,30.959850841867482,0.0,4.755,400.0,q_learning,regression,1000,67
2.305,4.689027710251391,4.862689590952452,15.38201402588767,0.0,3.24,,q_learning,regression,1000,68
6.095,2.7152571736384017,13.211130212229252,49.600577144003125,0.0,6.2,,q_learning,regression,1000,69
5.421,2.4651150768287677,9.57978029457454,38.97392803487582,0.0,5.945,,q_learning,regression,1000,70
6.159,2.605539172359999,13.124807021911229,46.452040833929,0.0,6.405,400.0,q_learning,regression,1000,71
3.826,3.4301476051066633,6.841989589141387,26.87982124471592,0.0,4.84,,q_learning,regression,1000,72
4.293,2.6959082227267754,7.081131800871934,28.4205955357434,0.0,5.375,,q_learning,regression,1000,73
1.946,5.962607456661377,4.66738261557065,10.671991064531639,0.0,4.055,,q_learning,regression,1000,74
5.597,2.691675131678927,10.918328171829089,41.600695091670715,0.0,5.47,,q_learning,regression,1000,75
3.203,3.967897931618474,6.957783363316883,20.221938870655954,0.0,4.145,,q_learning,regression,1000,76
4.743,2.5446217436620677,7.949026832344724,37.27173620831617,0.0,5.155,,q_learning,regression,1000,77
3.822,3.528187183948325,7.32782815676169,22.64971999306521,0.0,4.46,,q_learning,regression,1000,78
4.271,3.1645300137141263,7.617218617109441,34.736518337673495,0.0,5.07,,q_learning,regression,1000,79
3.767,3.0513246895144612,6.491447817066843,30.38278873676096,0.0,4.45,,q_learning,regression,1000,80
5.653,2.3596090087371966,9.81045972180403,41.14634319171599,0.0,5.46,,q_learning,regression,1000,81
5.985,2.794047621931454,12.720886373930279,40.14333226805413,0.0,6.14,,q_learning,regression,1000,82
5.307,2.3846849883688557,8.65862380800137,41.44291863417482,0.0,5.39,,q_learning,regression,1000,83
3.617,3.9061778212534266,6.720495173674626,27.01297891789971,0.0,4.735,,q_learning,regression,1000,84
3.8,3.1863772309124845,6.8170113410508035,28.655299831742095,0.0,4.38,,q_learning,regression,1000,85
5.687,2.6669497962650084,11.20607352827897,39.516978363065526,0.0,6.44,,q_learning,regression,1000,86
5.455,2.5929427927419284,10.06358306519266,40.66505842489199,0.0,5.825,,q_learning,regression,1000,87
3.041,4.231414593669216,6.284418859123547,19.206384384258147,0.0,3.995,,q_learning,regression,1000,88
5.192,2.609523558275889,9.253117182683818,41.325437477641344,0.0,5.56,,q_learning,regression,1000,89
1.549,7.03086876364049,4.383220562547081,9.407003433560869,0.0,3.74,,q_learning,regression,1000,90
5.192,2.491837865730499,9.396142221056508,37.91681682747016,0.0,5.11,,q_learning,regression,1000,91
1.921,6.364347051279423,4.935178449470058,8.61374595587439,0.0,3.865,,q_learning,regression,1000,92
5.807,2.5390064691656833,11.073799960174997,49.03884357299829,0.0,6.17,,q_learning,regression,1000,93
6.075,2.800372845787009,13.583755113620416,49.729267977749345,0.0,6.53,,q_learning,regression,1000,94
5.856,2.643603962876995,11.93826181898752,46.319292970836365,0.0,6.235,,q_learning,regression,1000,95
2.938,3.985258949015895,5.478374728267339,21.445296429727385,0.0,4.05,,q_learning,regression,1000,96
5.766,2.6542347908351065,11.785120192148392,51.30721591791867,0.0,5.615,,q_learning,regression,1000,97
5.82,2.7574395877264197,12.161113876225732,43.88870388792144,0.0,6.32,,q_learning,regression,1000,98
5.344,3.0045834076540805,10.763046150129908,37.320063736252635,0.0,5.99,,q_learning,regression,1000,99
4.378,4.246,8.994599999999998,28.5874696697476,0.0,4.74,,q_learning,q_learning,1000,0
4.507,4.858,11.4659,33.043007138989445,0.0,4.715,,q_learning,q_learning,1000,1
4.648,4.094,11.699599999999998,29.15624913572659,0.0,5.315,,q_learning,q_learning,1000,2
3.67,4.64,9.999,21.030167842737665,0.0,4.295,,q_learning,q_learning,1000,3
5.717,4.438,22.9309,39.04694527528035,0.0,5.665,,q_learning,q_learning,1000,4
4.356,6.144,23.1812,26.0186351201036,0.0,5.385,,q_learning,q_learning,1000,5
5.979,3.814,16.4203,47.782825079451875,0.0,6.505,,q_learning,q_learning,1000,6
5.057,4.276,17.1289,35.93575125955362,0.0,5.355,400.0,q_learning,q_learning,1000,7
3.945,5.174,10.8005,25.777404748591472,0.0,4.19,,q_learning,q_learning,1000,8
3.102,5.722,13.269400000000001,21.833245979514967,0.0,3.6,,q_learning,q_learning,1000,9
5.763,4.082,17.821099999999998,48.35612267261543,0.0,6.23,,q_learning,q_learning,1000,10
4.885,4.258,11.8765,29.313587529275388,0.0,5.28,,q_learning,q_learning,1000,11
5.241,5.41,18.433699999999998,39.04708970650983,0.0,5.89,,q_learning,q_learning,1000,12
6.579,3.392,16.0683,47.27959669590578,0.0,7.135,,q_learning,q_learning,1000,13
4.394,4.574,14.0038,27.702266893940056,0.0,4.775,,q_learning,q_learning,1000,14
4.212,3.986,7.804399999999999,24.303526387194147,0.0,4.48,,q_learning,q_learning,1000,15
5.495,4.378,20.0575,41.25735358727421,0.0,6.18,,q_learning,q_learning,1000,16
4.756,4.38,8.3412,37.03132118592251,0.0,4.965,,q_learning,q_learning,1000,17
4.231,5.014,11.9367,29.535441980850624,0.0,4.6,,q_learning,q_learning,1000,18
5.284,5.186,21.1328,37.85286108672874,0.0,5.475,,q_learning,q_learning,1000,19
2.839,5.532,8.668299999999999,15.80734103048308,0.0,5.0,,q_learning,q_learning,1000,20
4.212,4.374,10.006400000000001,26.335560141027475,0.0,5.255,,q_learning,q_learning,1000,21
5.572,4.162,14.3644,44.91077696681555,0.0,5.97,,q_learning,q_learning,1000,22
3.494,5.366,11.447799999999999,25.91781758037224,0.0,4.26,,q_learning,q_learning,1000,23
5.875,4.742,22.0115,41.703459856123864,0.0,7.145,,q_learning,q_learning,1000,24
3.787,5.8,16.7479,26.78252535496997,0.0,4.14,,q_learning,q_learning,1000,25
4.278,5.042,7.836600000000001,21.246220938327706,0.0,4.705,,q_learning,q_learning,1000,26
3.801,4.498,7.4456999999999995,20.048759416448352,0.0,3.84,,q_learning,q_learning,1000,27
4.252,5.972,7.982399999999999,17.93568658495479,0.0,4.545,,q_learning,q_learning,1000,28
5.514,3.478,13.919799999999999,28.607646575321,0.0,5.865,,q_learning,q_learning,1000,29
5.067,3.84,12.7879,42.448736369323996,0.0,5.255,,q_learning,q_learning,1000,30
4.274,4.39,7.987800000000001,28.914998224964737,0.0,4.36,400.0,q_learning,q_learning,1000,31
4.968,3.514,7.935599999999998,37.85931180170896,0.0,5.2,,q_learning,q_learning,1000,32
3.195,6.532,11.1855,24.46465783057324,0.0,3.53,,q_learning,q_learning,1000,33
5.947,4.124,18.0639,48.806045430950476,0.0,6.915,,q_learning,q_learning,1000,34
5.042,4.67,10.699399999999999,36.26186525889402,0.0,5.385,,q_learning,q_learning,1000,35
4.801,4.052,13.7537,30.214705297049516,0.0,5.685,,q_learning,q_learning,1000,36
6.504,3.014,12.220799999999999,46.35104833770381,0.0,7.405,,q_learning,q_learning,1000,37
4.991,5.29,19.052699999999998,36.30686462366898,0.0,5.365,,q_learning,q_learning,1000,38
3.912,4.758,8.766399999999999,26.96150071758095,0.0,4.585,,q_learning,q_learning,1000,39
4.3,3.63,10.452,21.723931216931547,0.0,4.615,,q_learning,q_learning,1000,40
5.452,3.466,15.6444,32.04623400092049,0.0,5.825,,q_learning,q_learning,1000,41
5.248,3.81,11.601600000000001,35.90444817519691,0.0,5.68,,q_learning,q_learning,1000,42
5.515,4.074,14.1235,28.68505481370596,0.0,5.695,,q_learning,q_learning,1000,43
4.066,5.254,14.2482,25.42339505133512,0.0,4.295,,q_learning,q_learning,1000,44
4.808,4.916,13.133599999999998,27.352120723294178,0.0,5.405,,q_learning,q_learning,1000,45
6.209,3.432,13.825299999999999,41.22276943362894,0.0,7.17,,q_learning,q_learning,1000,46
4.202,4.882,12.693400000000002,24.696073739749007,0.0,4.455,,q_learning,q_learning,1000,47
4.329,4.226,12.9393,33.16702211151665,0.0,4.945,,q_learning,q_learning,1000,48
5.144,4.044,11.792800000000002,36.46346555916784,0.0,5.875,,q_learning,q_learning,1000,49
4.193,4.688,13.428099999999999,20.79762247068751,0.0,4.355,,q_learning,q_learning,1000,50
5.168,4.086,15.911600000000002,33.195836376930735,0.0,5.125,,q_learning,q_learning,1000,51
5.11,4.098,15.367,38.48486091620578,0.0,5.33,,q_learning,q_learning,1000,52
4.537,4.102,7.8529,24.59988097247599,0.0,4.975,,q_learning,q_learning,1000,53
5.16,3.876,13.426,28.753614184003965,0.0,5.665,,q_learning,q_learning,1000,54
4.705,4.324,13.5465,29.74133500707466,0.0,5.035,,q_learning,q_learning,1000,55
5.759,4.53,18.3243,47.28545842359067,0.0,6.065,,q_learning,q_learning,1000,56
3.393,4.884,11.688099999999999,19.719641830645433,0.0,3.145,,q_learning,q_learning,1000,57
5.852,2.504,9.466400000000002,39.7444733214897,0.0,6.14,400.0,q_learning,q_learning,1000,58
6.514,4.472,23.9718,50.31859901657703,0.0,7.085,,q_learning,q_learning,1000,59
5.572,3.322,11.556400000000002,34.30660437370919,0.0,6.09,,q_learning,q_learning,1000,60
4.552,5.668,14.4944,29.497176977675533,0.0,4.865,400.0,q_learning,q_learning,1000,61
5.423,3.228,12.6231,42.05483728439947,0.0,6.225,,q_learning,q_learning,1000,62
4.823,4.512,10.2851,37.058780059264656,0.0,4.905,,q_learning,q_learning,1000,63
3.679,5.65,12.7723,25.401826296467135,0.0,4.335,,q_learning,q_learning,1000,64
4.183,4.116,8.8411,29.333336823592592,0.0,4.365,,q_learning,q_learning,1000,65
5.337,3.36,10.604899999999999,38.684200717617,0.0,5.755,,q_learning,q_learning,1000,66
4.643,4.184,10.8851,30.478966801028303,0.0,4.845,,q_learning,q_learning,1000,67
3.916,6.426,16.0732,26.10451420824124,0.0,4.305,,q_learning,q_learning,1000,68
6.518,4.558,25.664600000000007,50.869766932421,0.0,6.955,,q_learning,q_learning,1000,69
4.676,4.66,10.5752,27.928505233874713,0.0,5.08,400.0,q_learning,q_learning,1000,70
4.23,5.34,14.495,29.632651513557548,0.0,4.39,,q_learning,q_learning,1000,71
3.166,6.098,11.5922,22.095263202682606,0.0,4.005,,q_learning,q_learning,1000,72
4.191,5.572,10.3447,24.7807006511132,0.0,4.425,400.0,q_learning,q_learning,1000,73
5.12,3.82,12.628,28.48947290545718,0.0,5.56,,q_learning,q_learning,1000,74
3.99,5.668,7.647,17.36279146428989,0.0,4.26,,q_learning,q_learning,1000,75
3.433,4.102,8.934099999999999,24.14828997231566,0.0,4.095,,q_learning,q_learning,1000,76
4.165,4.446,8.1605,19.903329624052283,0.0,4.605,,q_learning,q_learning,1000,77
4.102,5.172,13.729399999999998,30.33649662868201,0.0,4.145,,q_learning,q_learning,1000,78
4.103,5.956,8.5631,19.15074306303655,0.0,4.365,,q_learning,q_learning,1000,79
4.854,4.614,11.9878,30.974680845601828,0.0,5.25,,q_learning,q_learning,1000,80
3.794,4.14,8.0998,27.71993299052408,0.0,4.545,,q_learning,q_learning,1000,81
4.657,4.17,13.6629,36.56320084226957,0.0,4.46,,q_learning,q_learning,1000,82
4.861,3.71,10.985700000000001,38.63611873318525,0.0,6.03,,q_learning,q_learning,1000,83
3.761,5.462,13.1117,22.408253417389414,0.0,3.89,,q_learning,q_learning,1000,84
4.617,4.674,12.244900000000001,29.225857694373772,0.0,5.335,,q_learning,q_learning,1000,85
5.367,3.328,10.7479,38.98206353904394,0.0,6.045,,q_learning,q_learning,1000,86
4.472,4.628,9.6404,27.00817134525023,0.0,4.7,,q_learning,q_learning,1000,87
4.992,4.638,11.5244,29.088854786969844,0.0,5.21,,q_learning,q_learning,1000,88
4.421,5.688,19.8517,25.935791770216916,0.0,4.96,,q_learning,q_learning,1000,89
5.089,3.7,10.0133,31.09611843225872,0.0,5.455,,q_learning,q_learning,1000,90
5.478,4.026,17.4946,37.43556054717222,0.0,6.015,,q_learning,q_learning,1000,91
3.78,5.278,6.876,23.928380984964615,0.0,4.195,,q_learning,q_learning,1000,92
4.893,3.234,10.576099999999999,24.33756191613614,0.0,5.21,400.0,q_learning,q_learning,1000,93
4.157,4.794,13.1529,24.07769611242094,0.0,4.52,,q_learning,q_learning,1000,94
4.571,4.964,10.474699999999999,24.485449910617636,0.0,4.915,,q_learning,q_learning,1000,95
4.789,4.124,13.9453,30.449052886515016,0.0,6.105,,q_learning,q_learning,1000,96
3.661,4.46,10.2117,25.58199506433214,0.0,3.475,,q_learning,q_learning,1000,97
4.355,4.86,13.3035,25.834953911494623,0.0,4.565,,q_learning,q_learning,1000,98
6.084,4.242,20.616799999999998,48.48771873825677,0.0,6.815,,q_learning,q_learning,1000,99
0.434,9.92,3.1458000000000004,0.4514315398634413,0.0,0.27,,q_learning,gp,1000,0
0.372,9.9696,2.5763999999999996,0.2147711744505321,0.0,0.25,,q_learning,gp,1000,1
0.408,9.792,2.8263999999999996,0.2540443630670043,0.0,0.3,,q_learning,gp,1000,2
0.433,9.9536,3.1536999999999997,0.4502957660491445,0.0,0.28,,q_learning,gp,1000,3
0.444,9.939200000000001,3.2763999999999998,0.4049893870504517,0.0,0.25,,q_learning,gp,1000,4
0.463,9.8944,3.3215,0.5910569580427109,0.0,0.29,,q_learning,gp,1000,5
0.413,9.8928,2.929299999999999,0.3946482768053153,0.0,0.185,,q_learning,gp,1000,6
0.403,9.8096,2.8130999999999995,0.29617001512184715,0.0,0.26,,q_learning,gp,1000,7
1.827,7.105600000000001,10.5667,11.638685288721408,0.0,2.325,,q_learning,gp,1000,8
0.431,9.808,2.9999,0.3470054343160724,0.0,0.28,,q_learning,gp,1000,9
0.389,9.9632,2.7413000000000003,0.22861725306946257,0.0,0.28,,q_learning,gp,1000,10
0.39,9.968,2.7493999999999996,0.15837369692165282,0.0,0.3,,q_learning,gp,1000,11
0.401,9.894400000000001,2.8289,0.2757054200050986,0.0,0.17,,q_learning,gp,1000,12
0.446,9.7248,3.1406000000000005,0.4763733109939974,0.0,0.255,,q_learning,gp,1000,13
0.409,9.968,2.9480999999999993,0.2600977874988352,0.0,0.21,,q_learning,gp,1000,14
0.408,9.900799999999998,2.9064000000000005,0.25957881920908876,0.0,0.245,,q_learning,gp,1000,15
0.585,9.185599999999999,3.5961000000000003,2.0250973907628502,0.0,0.235,,q_learning,gp,1000,16
3.132,6.1184,14.2396,25.20641418073429,0.0,3.27,,q_learning,gp,1000,17
3.019,6.307200000000001,11.4971,21.360179534465658,0.0,3.39,,q_learning,gp,1000,18
2.781,6.878400000000002,13.8189,17.90292061423905,0.0,3.995,,q_learning,gp,1000,19
0.423,9.9104,3.0103,0.3555448264524693,0.0,0.225,,q_learning,gp,1000,20
0.404,9.891200000000001,2.8084,0.2693451797300262,0.0,0.305,,q_learning,gp,1000,21
0.431,9.896,3.1199,0.4146065586161863,0.0,0.29,,q_learning,gp,1000,22
0.385,9.9664,2.6784999999999997,0.1801431507435726,0.0,0.26,,q_learning,gp,1000,23
0.411,9.6112,2.8635,0.34568516025520274,0.0,0.23,,q_learning,gp,1000,24
0.423,9.939200000000001,3.0326999999999997,0.3270190154176931,0.0,0.25,,q_learning,gp,1000,25
2.621,6.464,11.542100000000001,17.339655144952747,0.0,3.41,,q_learning,gp,1000,26
0.398,9.9456,2.7774,0.2531884983634444,0.0,0.21,,q_learning,gp,1000,27
0.439,9.984,3.2327,0.32002405053943267,0.0,0.26,,q_learning,gp,1000,28
0.412,9.9376,2.95,0.30775992342051517,0.0,0.22,,q_learning,gp,1000,29
2.355,6.942399999999999,12.9427,14.666366002177504,0.0,3.295,,q_learning,gp,1000,30
0.435,9.96,3.1746999999999996,0.37376223890282223,0.0,0.275,,q_learning,gp,1000,31
3.601,6.332799999999999,12.1905,14.863254930286248,0.0,3.865,,q_learning,gp,1000,32
0.404,9.966400000000002,2.8787999999999996,0.30462115129295136,0.0,0.27,,q_learning,gp,1000,33
0.416,9.856,2.9568000000000008,0.341970016291938,0.0,0.21,,q_learning,gp,1000,34
3.425,6.32,18.569700000000005,22.926149722125608,0.0,3.58,,q_learning,gp,1000,35
0.39,9.8576,2.7366,0.21497971043475322,0.0,0.27,,q_learning,gp,1000,36
0.406,9.632,2.8182,0.37917971622944946,0.0,0.21,,q_learning,gp,1000,37
0.395,9.964799999999999,2.7851000000000004,0.20128141218290005,0.0,0.265,,q_learning,gp,1000,38
0.894,8.1104,4.7021999999999995,3.6696166412960403,0.0,0.975,,q_learning,gp,1000,39
0.41,9.884799999999998,2.8362,0.26006585657627707,0.0,0.275,,q_learning,gp,1000,40
0.442,9.964799999999999,3.2601999999999998,0.4108004942235173,0.0,0.285,,q_learning,gp,1000,41
0.411,9.699200000000001,2.6778999999999997,0.24106832440258352,0.0,0.275,,q_learning,gp,1000,42
0.408,9.976,2.9384,0.27835892087577185,0.0,0.215,,q_learning,gp,1000,43
0.423,9.950400000000002,3.0599000000000003,0.363662919910902,0.0,0.275,,q_learning,gp,1000,44
1.34,7.646400000000001,4.9723999999999995,6.545698899234022,0.0,2.725,,q_learning,gp,1000,45
0.423,9.953599999999998,3.0566999999999998,0.3436474655712004,0.0,0.265,,q_learning,gp,1000,46
0.369,9.8176,2.4800999999999997,0.09087902602230025,0.0,0.28,,q_learning,gp,1000,47
0.354,9.9632,2.4002000000000003,0.014284124122207231,0.0,0.185,,q_learning,gp,1000,48
0.419,9.944,3.0435,0.4072703509913919,0.0,0.225,,q_learning,gp,1000,49
0.595,9.2512,3.9443,2.071760319299828,0.0,0.19,,q_learning,gp,1000,50
0.398,9.9408,2.819,0.24995329672884656,0.0,0.225,,q_learning,gp,1000,51
3.769,6.328,18.8057,25.680334948136206,0.0,4.17,,q_learning,gp,1000,52
0.374,9.9568,2.5958,0.17302790584638375,0.0,0.235,,q_learning,gp,1000,53
0.534,8.993600000000002,3.2758000000000003,1.2273036560281148,0.0,0.285,,q_learning,gp,1000,54
0.399,9.923200000000001,2.7855,0.21836630889871225,0.0,0.27,,q_learning,gp,1000,55
0.425,9.96,3.0856999999999997,0.4036708790998798,0.0,0.285,,q_learning,gp,1000,56
0.835,8.308800000000002,5.0851,3.7018023409482463,0.0,0.505,,q_learning,gp,1000,57
0.406,9.827200000000001,2.831,0.27397187670022594,0.0,0.265,,q_learning,gp,1000,58
0.403,9.8928,2.7683,0.2714704093982732,0.0,0.255,,q_learning,gp,1000,59
0.4,9.8288,2.7727999999999997,0.23050508868493264,0.0,0.185,,q_learning,gp,1000,60
0.392,9.9056,2.7208,0.2467169657233104,0.0,0.22,,q_learning,gp,1000,61
0.42,9.8064,2.8931999999999998,0.3241260927694902,0.0,0.32,,q_learning,gp,1000,62
0.411,9.750399999999999,2.7499000000000007,0.29220684984668854,0.0,0.25,,q_learning,gp,1000,63
3.665,5.526400000000001,11.952099999999998,20.893473876809665,0.0,3.97,,q_learning,gp,1000,64
0.37,9.841599999999998,2.501,0.02694002184618779,0.0,0.22,,q_learning,gp,1000,65
3.778,5.7136000000000005,14.6562,26.374184992511672,0.0,3.885,,q_learning,gp,1000,66
3.511,6.4,18.7735,25.05769315767114,0.0,3.845,,q_learning,gp,1000,67
0.419,9.635200000000001,2.7666999999999997,0.3899187428966378,0.0,0.28,,q_learning,gp,1000,68
0.429,9.9344,3.0717,0.3264355485434709,0.0,0.27,,q_learning,gp,1000,69
0.409,9.9616,2.9160999999999997,0.2698370894354847,0.0,0.26,,q_learning,gp,1000,70
0.493,9.5328,3.1660999999999992,1.021491184193277,0.0,0.235,,q_learning,gp,1000,71
0.401,9.896,2.7761,0.23183425726859144,0.0,0.275,,q_learning,gp,1000,72
0.395,9.798399999999999,2.7018999999999997,0.20479637107645124,0.0,0.26,,q_learning,gp,1000,73
0.43,9.894400000000001,3.0765999999999996,0.3733040262302195,0.0,0.33,,q_learning,gp,1000,74
0.427,9.7376,2.8955,0.38238226596044106,0.0,0.295,,q_learning,gp,1000,75
0.386,9.9664,2.7186000000000003,0.10350299282372259,0.0,0.265,,q_learning,gp,1000,76
0.411,9.84,2.8186999999999998,0.29137619337543047,0.0,0.25,,q_learning,gp,1000,77
4.555,5.7104,20.1275,34.43929864332885,0.0,4.785,400.0,q_learning,gp,1000,78
0.42,9.971200000000001,3.0067999999999997,0.41277287621091807,0.0,0.2,,q_learning,gp,1000,79
0.389,9.966400000000002,2.7620999999999998,0.16205957442647115,0.0,0.26,,q_learning,gp,1000,80
0.383,9.968,2.6975,0.15995084369349047,0.0,0.23,,q_learning,gp,1000,81
4.13,6.4224,23.385800000000003,28.274570458347917,0.0,4.59,,q_learning,gp,1000,82
0.384,9.980799999999999,2.712,0.19558782743357367,0.0,0.265,,q_learning,gp,1000,83
0.404,9.907200000000001,2.8324,0.2618987248694198,0.0,0.27,,q_learning,gp,1000,84
4.332,5.848,17.7868,28.766356282001013,0.0,5.005,,q_learning,gp,1000,85
0.39,9.952,2.7302000000000004,0.20676956717597778,0.0,0.21,,q_learning,gp,1000,86
0.421,9.904,3.0309,0.35801323346092534,0.0,0.21,,q_learning,gp,1000,87
1.539,6.915199999999999,6.248300000000001,9.077739006295719,0.0,2.485,,q_learning,gp,1000,88
0.389,9.9664,2.7300999999999993,0.24743745920044524,0.0,0.245,,q_learning,gp,1000,89
0.443,9.907200000000001,3.2427,0.41959657384512833,0.0,0.225,,q_learning,gp,1000,90
0.479,9.907200000000001,3.5359,0.5208247325323332,0.0,0.31,,q_learning,gp,1000,91
0.416,9.8608,2.9504,0.3560280699846073,0.0,0.255,,q_learning,gp,1000,92
0.424,9.710400000000002,2.8744,0.29568492123772283,0.0,0.245,,q_learning,gp,1000,93
0.38,9.928,2.6556,0.14047747054098964,0.0,0.185,,q_learning,gp,1000,94
0.385,9.8976,2.6832999999999996,0.17736039108949297,0.0,0.23,,q_learning,gp,1000,95
0.413,9.900799999999998,2.9389000000000003,0.21021950147950388,0.0,0.235,,q_learning,gp,1000,96
0.38,9.971200000000001,2.6508000000000003,0.19756919707484158,0.0,0.24,,q_learning,gp,1000,97
0.425,9.9184,3.0361000000000002,0.3643559130398881,0.0,0.255,,q_learning,gp,1000,98
0.431,9.88,3.0686999999999998,0.3506657883297762,0.0,0.26,,q_learning,gp,1000,99
